"analysis_scope","analysis_id","Category","Response_category","Broad_subgroup","model","model_status","model_message","k","n_studies","n_common_id","n_full_factorial_common_id","n_pH","n_T","n_TpH","rank_X","sigma2","QE","QE_df","QEp","logLik","AIC","BIC"
"all_data","Growth_Holoplankton","Growth","Growth","Holoplankton","yi ~ 0 + pH_stressor + T_stressor + pH_T_interaction + random(~1 | Study_ID/ES_ID)","fitted",NA,161,32,65,2,103,23,35,3,"0.084877; 0.045435",312224.408548859,158,0,-68.4199981577757,146.839996315551,162.152971480686
"all_data","Growth_Meroplankton","Growth","Growth","Meroplankton","yi ~ 0 + pH_stressor + T_stressor + pH_T_interaction + random(~1 | Study_ID/ES_ID)","fitted",NA,617,217,265,40,380,130,107,3,"0.020833; 0.035034",11274391.8278445,614,0,-103.505337373232,217.010674746464,239.1106493872
"all_data","Development_Holoplankton","Development","Development","Holoplankton","yi ~ 0 + pH_stressor + T_stressor + pH_T_interaction + random(~1 | Study_ID/ES_ID)","fitted",NA,4,3,3,0,2,1,1,3,"0.001; 0.000963",21.0848228231259,1,4.39394537467666e-06,2.02954411322198,5.94091177355604,-4.05908822644396
"all_data","Development_Meroplankton","Development","Development","Meroplankton","yi ~ 0 + pH_stressor + T_stressor + pH_T_interaction + random(~1 | Study_ID/ES_ID)","fitted",NA,551,123,168,49,203,211,137,3,"0.219869; 0.453807",924171035.858396,548,0,-686.81574672477,1383.63149344954,1405.16286988428
"all_data","Physiology_Holoplankton","Physiology","Physiology","Holoplankton","yi ~ 0 + pH_stressor + T_stressor + pH_T_interaction + random(~1 | Study_ID/ES_ID)","fitted",NA,358,75,137,4,228,83,47,3,"0.214703; 0.280897",1053164889.92665,355,0,-369.354439308364,748.708878616729,768.069467564106
"all_data","Physiology_Meroplankton","Physiology","Physiology","Meroplankton","yi ~ 0 + pH_stressor + T_stressor + pH_T_interaction + random(~1 | Study_ID/ES_ID)","fitted",NA,323,91,134,36,145,91,87,3,"0.11727; 0.032959",334571.3825396,320,0,-103.561830838255,217.123661676511,235.965266655479
"all_data","Reproduction_Holoplankton","Reproduction","Reproduction","Holoplankton","yi ~ 0 + pH_stressor + T_stressor + pH_T_interaction + random(~1 | Study_ID/ES_ID)","fitted",NA,213,49,73,2,114,97,2,3,"0.063494; 0.129677",106884072.197247,210,0,-132.797297282858,275.594594565716,292.330132219303
"all_data","Reproduction_Meroplankton","Reproduction","Reproduction","Meroplankton","yi ~ 0 + pH_stressor + T_stressor + pH_T_interaction + random(~1 | Study_ID/ES_ID)","fitted",NA,549,134,192,39,261,152,136,3,"0.047587; 0.143233",43035655.3301237,546,0,-372.177087900156,754.354175800312,775.867270679037
"all_data","Survival_Holoplankton","Survival","Survival","Holoplankton","yi ~ 0 + pH_stressor + T_stressor + pH_T_interaction + random(~1 | Study_ID/ES_ID)","fitted",NA,134,34,58,0,96,34,4,3,"0.093386; 0.187377",199310.772156424,131,0,-115.404720268092,240.809440536184,255.185427152189
"all_data","Survival_Meroplankton","Survival","Survival","Meroplankton","yi ~ 0 + pH_stressor + T_stressor + pH_T_interaction + random(~1 | Study_ID/ES_ID)","fitted",NA,356,104,130,21,200,101,55,3,"0.074832; 0.137459",2256102.73611223,353,0,-289.950301875334,589.900603750669,609.232944035335
"all_data","Overall_Holoplankton","Overall",NA,"Holoplankton","yi ~ 0 + pH_stressor + T_stressor + pH_T_interaction + random(~1 | Study_ID/ES_ID)","fitted",NA,870,154,283,6,543,238,89,3,"0.169482; 0.19832",12192988.9972335,867,0,-768.946550648034,1547.89310129607,1571.71829617997
"all_data","Overall_Meroplankton","Overall",NA,"Meroplankton","yi ~ 0 + pH_stressor + T_stressor + pH_T_interaction + random(~1 | Study_ID/ES_ID)","fitted",NA,2396,374,610,130,1189,685,522,3,"0.066807; 0.199643",50008105.4797324,2393,0,-2052.0849427215,4114.16988544301,4143.07140088255
