"analysis_scope","Category","Broad_subgroup","Treatment","k","n_studies","n_common_id","n_full_factorial_common_id","n_pH","n_T","n_TpH","Mean lnRR","95% CI","p-value","% change","% change 95% CI","model_status","model_message"
"all_data","Growth","Holoplankton","pH",161,32,65,2,103,23,35,"-0.195","-0.326 to -0.063","0.004","-17.7%","-27.8% to -6.1%","fitted",NA
"all_data","Growth","Holoplankton","T",161,32,65,2,103,23,35,"-0.219","-0.466 to 0.028","0.082","-19.7%","-37.2% to 2.8%","fitted",NA
"all_data","Growth","Holoplankton","T + pH",161,32,65,2,103,23,35,"-0.231","-0.470 to 0.007","0.057","-20.7%","-37.5% to 0.7%","fitted",NA
"all_data","Growth","Meroplankton","pH",617,217,265,40,380,130,107,"-0.096","-0.126 to -0.066","<0.001","-9.2%","-11.9% to -6.4%","fitted",NA
"all_data","Growth","Meroplankton","T",617,217,265,40,380,130,107,"0.036","-0.013 to 0.086","0.150","3.7%","-1.3% to 9.0%","fitted",NA
"all_data","Growth","Meroplankton","T + pH",617,217,265,40,380,130,107,"-0.026","-0.077 to 0.025","0.312","-2.6%","-7.5% to 2.5%","fitted",NA
"all_data","Development","Holoplankton","pH",4,3,3,0,2,1,1,"-0.052","-0.147 to 0.043","0.283","-5.1%","-13.7% to 4.4%","fitted",NA
"all_data","Development","Holoplankton","T",4,3,3,0,2,1,1,"-2.420","-4.616 to -0.225","0.031","-91.1%","-99.0% to -20.1%","fitted",NA
"all_data","Development","Holoplankton","T + pH",4,3,3,0,2,1,1,"-2.327","-4.531 to -0.123","0.039","-90.2%","-98.9% to -11.6%","fitted",NA
"all_data","Development","Meroplankton","pH",551,123,168,49,203,211,137,"-0.296","-0.434 to -0.157","<0.001","-25.6%","-35.2% to -14.5%","fitted",NA
"all_data","Development","Meroplankton","T",551,123,168,49,203,211,137,"-0.422","-0.578 to -0.265","<0.001","-34.4%","-43.9% to -23.3%","fitted",NA
"all_data","Development","Meroplankton","T + pH",551,123,168,49,203,211,137,"-0.356","-0.522 to -0.190","<0.001","-29.9%","-40.7% to -17.3%","fitted",NA
"all_data","Physiology","Holoplankton","pH",358,75,137,4,228,83,47,"-0.088","-0.242 to 0.065","0.260","-8.4%","-21.5% to 6.7%","fitted",NA
"all_data","Physiology","Holoplankton","T",358,75,137,4,228,83,47,"-0.256","-0.477 to -0.035","0.023","-22.6%","-37.9% to -3.4%","fitted",NA
"all_data","Physiology","Holoplankton","T + pH",358,75,137,4,228,83,47,"-0.154","-0.421 to 0.114","0.260","-14.2%","-34.4% to 12.1%","fitted",NA
"all_data","Physiology","Meroplankton","pH",323,91,134,36,145,91,87,"-0.102","-0.188 to -0.017","0.019","-9.7%","-17.1% to -1.7%","fitted",NA
"all_data","Physiology","Meroplankton","T",323,91,134,36,145,91,87,"0.087","-0.006 to 0.180","0.066","9.1%","-0.6% to 19.7%","fitted",NA
"all_data","Physiology","Meroplankton","T + pH",323,91,134,36,145,91,87,"0.015","-0.079 to 0.109","0.761","1.5%","-7.6% to 11.5%","fitted",NA
"all_data","Reproduction","Holoplankton","pH",213,49,73,2,114,97,2,"-0.155","-0.290 to -0.019","0.026","-14.3%","-25.2% to -1.9%","fitted",NA
"all_data","Reproduction","Holoplankton","T",213,49,73,2,114,97,2,"0.308","0.165 to 0.452","<0.001","36.1%","17.9% to 57.1%","fitted",NA
"all_data","Reproduction","Holoplankton","T + pH",213,49,73,2,114,97,2,"-0.110","-0.698 to 0.478","0.714","-10.4%","-50.2% to 61.3%","fitted",NA
"all_data","Reproduction","Meroplankton","pH",549,134,192,39,261,152,136,"-0.220","-0.286 to -0.155","<0.001","-19.8%","-24.9% to -14.3%","fitted",NA
"all_data","Reproduction","Meroplankton","T",549,134,192,39,261,152,136,"-0.197","-0.288 to -0.105","<0.001","-17.9%","-25.0% to -10.0%","fitted",NA
"all_data","Reproduction","Meroplankton","T + pH",549,134,192,39,261,152,136,"-0.353","-0.446 to -0.260","<0.001","-29.7%","-36.0% to -22.9%","fitted",NA
"all_data","Survival","Holoplankton","pH",134,34,58,0,96,34,4,"-0.346","-0.547 to -0.146","<0.001","-29.3%","-42.1% to -13.6%","fitted",NA
"all_data","Survival","Holoplankton","T",134,34,58,0,96,34,4,"0.025","-0.216 to 0.266","0.841","2.5%","-19.4% to 30.4%","fitted",NA
"all_data","Survival","Holoplankton","T + pH",134,34,58,0,96,34,4,"-0.129","-0.774 to 0.515","0.694","-12.1%","-53.9% to 67.4%","fitted",NA
"all_data","Survival","Meroplankton","pH",356,104,130,21,200,101,55,"-0.163","-0.249 to -0.077","<0.001","-15.0%","-22.1% to -7.4%","fitted",NA
"all_data","Survival","Meroplankton","T",356,104,130,21,200,101,55,"-0.209","-0.336 to -0.081","0.001","-18.9%","-28.6% to -7.8%","fitted",NA
"all_data","Survival","Meroplankton","T + pH",356,104,130,21,200,101,55,"-0.223","-0.380 to -0.065","0.006","-20.0%","-31.6% to -6.3%","fitted",NA
"all_data","Overall","Holoplankton","pH",870,154,283,6,543,238,89,"-0.147","-0.244 to -0.049","0.003","-13.7%","-21.7% to -4.8%","fitted",NA
"all_data","Overall","Holoplankton","T",870,154,283,6,543,238,89,"-0.021","-0.148 to 0.106","0.746","-2.1%","-13.7% to 11.2%","fitted",NA
"all_data","Overall","Holoplankton","T + pH",870,154,283,6,543,238,89,"-0.073","-0.248 to 0.101","0.410","-7.1%","-22.0% to 10.6%","fitted",NA
"all_data","Overall","Meroplankton","pH",2396,374,610,130,1189,685,522,"-0.166","-0.208 to -0.124","<0.001","-15.3%","-18.7% to -11.7%","fitted",NA
"all_data","Overall","Meroplankton","T",2396,374,610,130,1189,685,522,"-0.162","-0.218 to -0.106","<0.001","-14.9%","-19.6% to -10.0%","fitted",NA
"all_data","Overall","Meroplankton","T + pH",2396,374,610,130,1189,685,522,"-0.220","-0.279 to -0.161","<0.001","-19.8%","-24.4% to -14.9%","fitted",NA
"full_factorial_only","Growth","Holoplankton","pH",46,1,2,2,2,16,28,"0.050","-0.191 to 0.290","0.687","5.1%","-17.4% to 33.7%","fitted",NA
"full_factorial_only","Growth","Holoplankton","T",46,1,2,2,2,16,28,"0.023","-0.107 to 0.154","0.726","2.4%","-10.1% to 16.6%","fitted",NA
"full_factorial_only","Growth","Holoplankton","T + pH",46,1,2,2,2,16,28,"0.021","-0.102 to 0.145","0.733","2.2%","-9.7% to 15.6%","fitted",NA
"full_factorial_only","Growth","Meroplankton","pH",201,36,40,40,69,57,75,"-0.068","-0.145 to 0.009","0.082","-6.6%","-13.5% to 0.9%","fitted",NA
"full_factorial_only","Growth","Meroplankton","T",201,36,40,40,69,57,75,"0.095","0.016 to 0.173","0.018","9.9%","1.6% to 18.9%","fitted",NA
"full_factorial_only","Growth","Meroplankton","T + pH",201,36,40,40,69,57,75,"0.013","-0.063 to 0.088","0.740","1.3%","-6.1% to 9.2%","fitted",NA
"full_factorial_only","Development","Holoplankton","pH",0,0,0,0,0,0,0,NA,NA,NA,NA,NA,"no_data",NA
"full_factorial_only","Development","Holoplankton","T",0,0,0,0,0,0,0,NA,NA,NA,NA,NA,"no_data",NA
"full_factorial_only","Development","Holoplankton","T + pH",0,0,0,0,0,0,0,NA,NA,NA,NA,NA,"no_data",NA
"full_factorial_only","Development","Meroplankton","pH",274,38,49,49,86,77,111,"-0.007","-0.184 to 0.171","0.941","-0.7%","-16.8% to 18.6%","fitted",NA
"full_factorial_only","Development","Meroplankton","T",274,38,49,49,86,77,111,"-0.241","-0.422 to -0.059","0.009","-21.4%","-34.4% to -5.8%","fitted",NA
"full_factorial_only","Development","Meroplankton","T + pH",274,38,49,49,86,77,111,"-0.082","-0.249 to 0.086","0.339","-7.8%","-22.0% to 9.0%","fitted",NA
"full_factorial_only","Physiology","Holoplankton","pH",33,3,4,4,5,12,16,"-0.322","-1.207 to 0.563","0.476","-27.5%","-70.1% to 75.6%","fitted",NA
"full_factorial_only","Physiology","Holoplankton","T",33,3,4,4,5,12,16,"-0.181","-1.017 to 0.654","0.670","-16.6%","-63.8% to 92.3%","fitted",NA
"full_factorial_only","Physiology","Holoplankton","T + pH",33,3,4,4,5,12,16,"-0.041","-0.870 to 0.787","0.922","-4.1%","-58.1% to 119.7%","fitted",NA
"full_factorial_only","Physiology","Meroplankton","pH",157,28,36,36,48,54,55,"-0.092","-0.228 to 0.043","0.182","-8.8%","-20.4% to 4.4%","fitted",NA
"full_factorial_only","Physiology","Meroplankton","T",157,28,36,36,48,54,55,"0.129","-0.005 to 0.264","0.060","13.8%","-0.5% to 30.2%","fitted",NA
"full_factorial_only","Physiology","Meroplankton","T + pH",157,28,36,36,48,54,55,"0.042","-0.092 to 0.177","0.537","4.3%","-8.8% to 19.4%","fitted",NA
"full_factorial_only","Reproduction","Holoplankton","pH",6,1,2,2,2,2,2,"-0.061","-0.312 to 0.190","0.634","-5.9%","-26.8% to 20.9%","fitted",NA
"full_factorial_only","Reproduction","Holoplankton","T",6,1,2,2,2,2,2,"-0.009","-0.187 to 0.168","0.917","-0.9%","-17.0% to 18.3%","fitted",NA
"full_factorial_only","Reproduction","Holoplankton","T + pH",6,1,2,2,2,2,2,"-0.173","-0.357 to 0.011","0.065","-15.9%","-30.0% to 1.1%","fitted",NA
"full_factorial_only","Reproduction","Meroplankton","pH",247,23,39,39,72,65,110,"-0.194","-0.295 to -0.093","<0.001","-17.6%","-25.6% to -8.8%","fitted",NA
"full_factorial_only","Reproduction","Meroplankton","T",247,23,39,39,72,65,110,"-0.150","-0.252 to -0.048","0.004","-13.9%","-22.3% to -4.7%","fitted",NA
"full_factorial_only","Reproduction","Meroplankton","T + pH",247,23,39,39,72,65,110,"-0.212","-0.310 to -0.115","<0.001","-19.1%","-26.6% to -10.8%","fitted",NA
"full_factorial_only","Survival","Holoplankton","pH",0,0,0,0,0,0,0,NA,NA,NA,NA,NA,"no_data",NA
"full_factorial_only","Survival","Holoplankton","T",0,0,0,0,0,0,0,NA,NA,NA,NA,NA,"no_data",NA
"full_factorial_only","Survival","Holoplankton","T + pH",0,0,0,0,0,0,0,NA,NA,NA,NA,NA,"no_data",NA
"full_factorial_only","Survival","Meroplankton","pH",92,20,21,21,28,28,36,"0.119","-0.122 to 0.360","0.333","12.7%","-11.5% to 43.4%","fitted",NA
"full_factorial_only","Survival","Meroplankton","T",92,20,21,21,28,28,36,"0.045","-0.197 to 0.288","0.713","4.7%","-17.9% to 33.4%","fitted",NA
"full_factorial_only","Survival","Meroplankton","T + pH",92,20,21,21,28,28,36,"0.141","-0.097 to 0.379","0.246","15.1%","-9.2% to 46.0%","fitted",NA
"full_factorial_only","Overall","Holoplankton","pH",85,4,6,6,9,30,46,"-0.223","-0.722 to 0.275","0.380","-20.0%","-51.4% to 31.7%","fitted",NA
"full_factorial_only","Overall","Holoplankton","T",85,4,6,6,9,30,46,"-0.166","-0.641 to 0.309","0.494","-15.3%","-47.3% to 36.2%","fitted",NA
"full_factorial_only","Overall","Holoplankton","T + pH",85,4,6,6,9,30,46,"-0.150","-0.622 to 0.322","0.534","-13.9%","-46.3% to 38.0%","fitted",NA
"full_factorial_only","Overall","Meroplankton","pH",980,72,130,130,306,283,391,"-0.086","-0.154 to -0.017","0.014","-8.2%","-14.3% to -1.7%","fitted",NA
"full_factorial_only","Overall","Meroplankton","T",980,72,130,130,306,283,391,"-0.062","-0.131 to 0.008","0.081","-6.0%","-12.3% to 0.8%","fitted",NA
"full_factorial_only","Overall","Meroplankton","T + pH",980,72,130,130,306,283,391,"-0.073","-0.138 to -0.008","0.028","-7.0%","-12.9% to -0.8%","fitted",NA
