"analysis_id","labels","data_scope","term","estimate","se","ci_low","ci_high","zval","pval","k","n_studies","n_common_id"
"overall","Overall","all_data","pH_stressor",-0.179527489410055,0.0193418439814401,-0.217436807008271,-0.14161817181184,-9.28181871295854,1.666099568026e-20,3755,565,968
"overall","Overall","all_data","T_stressor",-0.14552029874487,0.0263817283178831,-0.197227536097841,-0.0938130613918983,-5.51595016791327,3.46900552080787e-08,3755,565,968
"overall","Overall","all_data","pH_T_interaction",0.0965743135046512,0.0331887343371082,0.0315255895114515,0.161623037497851,2.90985225660359,0.00361599646279255,3755,565,968
"response_Growth","Growth","all_data","pH_stressor",-0.120386293808941,0.0137360713010708,-0.147308498848114,-0.093464088769768,-8.76424497007063,1.88032564366054e-18,904,268,371
"response_Growth","Growth","all_data","T_stressor",0.0193794311466094,0.023846181259632,-0.0273582252910833,0.0661170875843021,0.812684888016677,0.41639874770533,904,268,371
"response_Growth","Growth","all_data","pH_T_interaction",0.0605943996050737,0.0282596229426615,0.00520655642077537,0.115982242789372,2.14420410803142,0.0320165360757364,904,268,371
"response_Development","Development","all_data","pH_stressor",-0.332192034683395,0.068972858015746,-0.467376352305052,-0.197007717061739,-4.81627185301729,1.46265222434934e-06,613,130,176
"response_Development","Development","all_data","T_stressor",-0.477660147349863,0.080300084612767,-0.635045421146405,-0.320274873553321,-5.94843890455776,2.70711894498733e-09,613,130,176
"response_Development","Development","all_data","pH_T_interaction",0.383758857745515,0.106676961424818,0.174675855372702,0.592841860118327,3.59739209497426,0.000321423769838939,613,130,176
"response_Physiology","Physiology","all_data","pH_stressor",-0.121324502446477,0.045110430141967,-0.209739320851843,-0.032909684041112,-2.68950001284974,0.00715591442920751,743,175,284
"response_Physiology","Physiology","all_data","T_stressor",-0.0490413816956117,0.0581167696519263,-0.162948157111198,0.0648653937199743,-0.843842181685784,0.39875760073053,743,175,284
"response_Physiology","Physiology","all_data","pH_T_interaction",0.132052008812257,0.0730970962057674,-0.0112156671255061,0.275319684750021,1.8065287906996,0.0708357811737907,743,175,284
"response_Reproduction","Reproduction","all_data","pH_stressor",-0.227112385518775,0.0327468921598889,-0.291295114757774,-0.162929656279775,-6.93538746852323,4.05109263216297e-12,889,197,283
"response_Reproduction","Reproduction","all_data","T_stressor",-0.0466020361408895,0.0438070068694476,-0.132462191875506,0.0392581195937265,-1.06380324681327,0.287417840188349,889,197,283
"response_Reproduction","Reproduction","all_data","pH_T_interaction",-0.0455026499797101,0.0595437193924703,-0.162206195494511,0.0712008955350908,-0.764188909325409,0.444754674808776,889,197,283
"response_Survival","Survival","all_data","pH_stressor",-0.208859398133192,0.0402059278893492,-0.287661568761331,-0.130057227505053,-5.19474140002426,2.05004604346834e-07,606,150,209
"response_Survival","Survival","all_data","T_stressor",-0.199017775416961,0.0589401524620068,-0.314538351485794,-0.0834971993481278,-3.37660774707444,0.000733856229124878,606,150,209
"response_Survival","Survival","all_data","pH_T_interaction",0.0832802797751016,0.0838387478342652,-0.0810406464889936,0.247601206039197,0.993338783395625,0.32054488327749,606,150,209
"subgroup_Holoplankton","Holoplankton","all_data","pH_stressor",-0.162158949423163,0.0472420696873393,-0.254751704565479,-0.069566194280846,-3.43251154101363,0.000598018429122353,1018,165,312
"subgroup_Holoplankton","Holoplankton","all_data","T_stressor",-0.0258033948451215,0.0623855291757433,-0.148076785186051,0.096469995495808,-0.413611861373044,0.679158385088151,1018,165,312
"subgroup_Holoplankton","Holoplankton","all_data","pH_T_interaction",0.142758255837644,0.0899224840660303,-0.0334865743321523,0.31900308600744,1.58757019804765,0.112383561648348,1018,165,312
"subgroup_Meroplankton","Meroplankton","all_data","pH_stressor",-0.194321023816494,0.0205138093902044,-0.234527351407015,-0.154114696225974,-9.47269325361308,2.72719591742013e-21,2737,402,657
"subgroup_Meroplankton","Meroplankton","all_data","T_stressor",-0.179074713205881,0.0286656329697098,-0.235258321420556,-0.122891104991206,-6.24701758356793,4.18363979200742e-10,2737,402,657
"subgroup_Meroplankton","Meroplankton","all_data","pH_T_interaction",0.120061128774675,0.0359284742218527,0.0496426132803681,0.190479644268982,3.34167067694878,0.000832758003478717,2737,402,657
