"analysis_id","model","mean","se","ci_low","ci_high","zval","pval","k","n_studies","n_common_id","sigma2","QE","QE_df","QEp","logLik","AIC","BIC","Treatment","labels","Broad_subgroup"
"response_pH_Growth","(~ 1 | Study_ID/ES_ID)",-0.109150867429952,0.0119002383358956,-0.132474905975751,-0.0858268288841542,-9.17215809877623,4.63642379131462e-20,588,244,324,0.011555320062546,3084467.7789062,587,0,-62.9778166380168,131.955633276034,145.080707735518,"pH","Growth",NA
"response_pH_Development","(~ 1 | Study_ID/ES_ID)",-0.342860983988344,0.0631097086541454,-0.466553740025284,-0.219168227951403,-5.43277716376881,5.54836780784076e-08,242,102,127,0.249456899048064,271976792.211798,241,0,-247.795164523807,501.590329047614,512.044719848085,"pH","Development",NA
"response_pH_Physiology","(~ 1 | Study_ID/ES_ID)",-0.0873909621494036,0.0366061437230473,-0.159137685459473,-0.0156442388393339,-2.38733046590707,0.0169712282517865,414,147,230,0.0846530799527878,2866981.55785486,413,0,-318.602805802656,643.205611605312,655.275954384195,"pH","Physiology",NA
"response_pH_Reproduction","(~ 1 | Study_ID/ES_ID)",-0.255141333174531,0.0264300584742995,-0.306943295893446,-0.203339370455616,-9.65345322344366,4.75277315240703e-22,458,153,207,0.0356833184789295,44784037.8079236,457,0,-301.754365498895,609.508730997791,621.882781170473,"pH","Reproduction",NA
"response_pH_Survival","(~ 1 | Study_ID/ES_ID)",-0.239703962574117,0.0347441196476098,-0.307801185757983,-0.171606739390251,-6.89912321870003,5.23244723154943e-12,373,122,165,0.0335688496438347,88783877.1692369,372,0,-299.436447087689,604.872894175377,616.629575738197,"pH","Survival",NA
"response_T_Growth","(~ 1 | Study_ID/ES_ID)",0.00513922415305407,0.0574091628460422,-0.107380667407784,0.117659115713892,0.0895192317441773,0.928669270220712,158,74,83,0.205160002719027,1446747.69054409,157,0,-75.6667263777646,157.333452755529,166.502190171574,"T","Growth",NA
"response_T_Development","(~ 1 | Study_ID/ES_ID)",-0.365838417128336,0.0868266887343738,-0.536015599944579,-0.195661234312094,-4.21343278732573,2.51518457855483e-05,217,71,92,0.166429045256418,393468968.817444,216,0,-308.026990636772,622.053981273543,632.179816496596,"T","Development",NA
"response_T_Physiology","(~ 1 | Study_ID/ES_ID)",-0.0601920052279652,0.0603308978191975,-0.178438392108558,0.0580543816526279,-0.997697819918933,0.318425910679015,184,74,90,0.0967176977389212,24486223.4361587,183,0,-189.898341989555,385.79668397911,395.425142437635,"T","Physiology",NA
"response_T_Reproduction","(~ 1 | Study_ID/ES_ID)",-0.0185657834686652,0.0607787939844226,-0.137690030701913,0.100558463764583,-0.305464821717647,0.760012158605628,275,72,116,0.160631600411006,54372541.0316557,274,0,-241.019019553873,488.038039107747,498.877423426911,"T","Reproduction",NA
"response_T_Survival","(~ 1 | Study_ID/ES_ID)",-0.0774507698708095,0.073212156003585,-0.220943958868364,0.0660424191267449,-1.05789494666729,0.290103339283475,147,53,64,0.131450882684247,9809948.52467375,146,0,-131.353489464604,268.706978929208,277.657798794333,"T","Survival",NA
"response_TpH_Growth","(~ 1 | Study_ID/ES_ID)",-0.0518749606124741,0.0631017255835445,-0.175552070118551,0.0718021488936029,-0.822084659852819,0.411028715491077,158,61,71,0.184834138905199,13164742.7531455,157,0,-86.9105802807404,179.821160561481,188.989897977526,"TpH","Growth",NA
"response_TpH_Development","(~ 1 | Study_ID/ES_ID)",-0.310022627444309,0.125635252948229,-0.556263198411418,-0.0637820564772,-2.46764041277539,0.0136006868461957,154,54,70,0.580784201679234,375433131.437073,153,0,-201.470896005839,408.941792011678,418.033105775855,"TpH","Development",NA
"response_TpH_Physiology","(~ 1 | Study_ID/ES_ID)",-0.0437922287339357,0.0728985382563181,-0.186670738241935,0.0990862807740631,-0.600728488957599,0.548020840745015,145,53,65,0.0256914549107266,54537395.1825651,144,0,-180.31484628801,366.62969257602,375.539132474748,"TpH","Physiology",NA
"response_TpH_Reproduction","(~ 1 | Study_ID/ES_ID)",-0.423111313550722,0.114382468969994,-0.647296833194681,-0.198925793906763,-3.6990923291026,0.000216371884538329,156,34,57,0.267620823026925,25342657.5573469,155,0,-173.982084908772,353.964169817544,363.094445168302,"TpH","Reproduction",NA
"response_TpH_Survival","(~ 1 | Study_ID/ES_ID)",-0.179144748389389,0.137776846623642,-0.449182405675227,0.090892908896449,-1.3002529291351,0.193514295202926,86,32,39,0.165421672123812,52216.9733670429,85,0,-128.154583513577,262.309167027153,269.637120796624,"TpH","Survival",NA
"overall_pH","(~ 1 | Study_ID/ES_ID)",-0.192742889149317,0.0160866972092852,-0.224272236309717,-0.161213541988917,-11.9815078658947,4.44170510236105e-33,2075,460,765,0.0496496181228143,18041094.0046742,2074,0,-1507.44037275122,3020.88074550244,3037.7924486688,"pH","Overall",NA
"overall_T","(~ 1 | Study_ID/ES_ID)",-0.0828717243281022,0.0361015462695393,-0.153629454802605,-0.0121139938535988,-2.29551730857648,0.0217034956375551,981,205,326,0.12798225942156,65229526.3092,980,0,-1074.33172663373,2154.66345326747,2169.32611098246,"T","Overall",NA
"overall_TpH","(~ 1 | Study_ID/ES_ID)",-0.215725742821837,0.0563780353250219,-0.326224661578006,-0.105226824065667,-3.82641469462652,0.000130023178830354,699,119,200,0.219730599536116,37499740.3958586,698,0,-858.068766809872,1722.13753361974,1735.78219092803,"TpH","Overall",NA
"subgroup_overall_pH_Meroplankton","(~ 1 | Study_ID/ES_ID)",-0.197492211967253,0.0161879604750264,-0.229220031481462,-0.165764392453043,-12.199944043101,3.11037628781579e-34,1428,353,548,0.0301907454532507,52672909.7535497,1427,0,-970.154597579479,1946.30919515896,1962.09918401139,"pH","Meroplankton","Meroplankton"
"subgroup_overall_pH_Holoplankton","(~ 1 | Study_ID/ES_ID)",-0.184520969514076,0.0431599229054151,-0.269112863984215,-0.0999290750439372,-4.27528496560231,1.90892970569977e-05,647,109,218,0.119525588771141,3284032.13495968,646,0,-521.092599314506,1048.18519862901,1061.59759714036,"pH","Holoplankton","Holoplankton"
"subgroup_overall_T_Meroplankton","(~ 1 | Study_ID/ES_ID)",-0.131081869758327,0.0390775653606684,-0.207672490468747,-0.0544912490479074,-3.35440216268594,0.000795366740777122,705,139,230,0.0897762137399412,90641486.8972682,704,0,-777.571965979361,1561.14393195872,1574.8142670272,"T","Meroplankton","Meroplankton"
"subgroup_overall_T_Holoplankton","(~ 1 | Study_ID/ES_ID)",0.0252750831313131,0.0753430957592145,-0.1223946710405,0.172944837303126,0.335466480061936,0.73727322625727,276,66,96,0.200735134688818,12129365.4047394,275,0,-291.123654759158,588.247309518315,599.097622811315,"T","Holoplankton","Holoplankton"
"subgroup_overall_TpH_Meroplankton","(~ 1 | Study_ID/ES_ID)",-0.195234803882782,0.0588684327836162,-0.310614811964987,-0.0798547958005773,-3.31646002196815,0.000911656296097233,604,105,183,0.222369137502291,22182201.1993549,603,0,-726.311561322633,1458.62312264527,1471.82887423545,"TpH","Meroplankton","Meroplankton"
"subgroup_overall_TpH_Holoplankton","(~ 1 | Study_ID/ES_ID)",-0.43433450254706,0.211647523296022,-0.849156025624365,-0.0195129794697549,-2.05215962739888,0.0401541516359545,95,14,17,0.302884318791295,67412478.718175,94,0,-126.976243083768,259.952486167537,267.582370514347,"TpH","Holoplankton","Holoplankton"
