"analysis_scope","analysis_id","Category","Response_category","Calcifier","Treatment","Treatment_label","mean","se","ci_low","ci_high","zval","pval","k","n_studies","n_common_id","n_full_factorial_common_id","n_pH","n_T","n_TpH","model_status","model_message","category_x","stream_id","offset","k_treatment","x_pos","k_label"
"all_data","Growth_Calcifier","Growth","Growth","Calcifier","pH","pH",-0.118374286150092,0.0138666276012426,-0.145552376835557,-0.0911961954646278,-8.53663122383733,1.38191720040113e-17,550,187,254,21,355,109,86,"fitted",NA,1,"Calcifier_pH",-0.3,355,0.7,"355"
"all_data","Growth_Calcifier","Growth","Growth","Calcifier","T","T",0.00161334166387393,0.0235896256364253,-0.0446214749923024,0.0478481583200503,0.0683919994636426,0.945473590422687,550,187,254,21,355,109,86,"fitted",NA,1,"Calcifier_T",-0.18,109,0.82,"109"
"all_data","Growth_Calcifier","Growth","Growth","Calcifier","TpH","T + pH",-0.0878975345739622,0.0242820562416111,-0.135489490278096,-0.0403055788698284,-3.61985548914659,0.000294767593072988,550,187,254,21,355,109,86,"fitted",NA,1,"Calcifier_T + pH",-0.06,86,0.94,"86"
"all_data","Growth_Non_calcifier","Growth","Growth","Non-calcifier","pH","pH",-0.0594100528726229,0.04081731632918,-0.139410522823394,0.0205904170781485,-1.45551099914306,0.145527847423459,207,63,74,20,118,42,47,"fitted",NA,1,"Non-calcifier_pH",0.06,118,1.06,"118"
"all_data","Growth_Non_calcifier","Growth","Growth","Non-calcifier","T","T",0.115009517434537,0.0599095840452935,-0.00241110962301339,0.232430144492088,1.91971817643712,0.0548935070543301,207,63,74,20,118,42,47,"fitted",NA,1,"Non-calcifier_T",0.18,42,1.18,"42"
"all_data","Growth_Non_calcifier","Growth","Growth","Non-calcifier","TpH","T + pH",0.0870238477445794,0.058630323819856,-0.0278894753442591,0.201937170833418,1.48428052370926,0.137734515025902,207,63,74,20,118,42,47,"fitted",NA,1,"Non-calcifier_T + pH",0.3,47,1.3,"47"
"all_data","Development_Calcifier","Development","Development","Calcifier","pH","pH",-0.356119854900407,0.075738526505394,-0.504564639093112,-0.207675070707703,-4.70196439423792,2.57670440012377e-06,452,101,138,31,172,181,99,"fitted",NA,2,"Calcifier_pH",-0.3,172,1.7,"172"
"all_data","Development_Calcifier","Development","Development","Calcifier","T","T",-0.452684672862281,0.0866957086107045,-0.622605139353441,-0.282764206371122,-5.22153495388107,1.77446126899041e-07,452,101,138,31,172,181,99,"fitted",NA,2,"Calcifier_T",-0.18,181,1.82,"181"
"all_data","Development_Calcifier","Development","Development","Calcifier","TpH","T + pH",-0.326648804085534,0.0955021090844659,-0.513829498338703,-0.139468109832365,-3.42033078868062,0.000625450323145476,452,101,138,31,172,181,99,"fitted",NA,2,"Calcifier_T + pH",-0.06,99,1.94,"99"
"all_data","Development_Non_calcifier","Development","Development","Non-calcifier","pH","pH",-0.0599384238345256,0.169289031426569,-0.391738828408271,0.27186198073922,-0.354059700911718,0.723294142367129,103,25,37,19,35,33,35,"fitted",NA,2,"Non-calcifier_pH",0.06,35,2.06,"35"
"all_data","Development_Non_calcifier","Development","Development","Non-calcifier","T","T",-0.131824048145639,0.178581460258731,-0.481837278559323,0.218189182268045,-0.738173200928308,0.460409205801183,103,25,37,19,35,33,35,"fitted",NA,2,"Non-calcifier_T",0.18,33,2.18,"33"
"all_data","Development_Non_calcifier","Development","Development","Non-calcifier","TpH","T + pH",-0.140547458487401,0.175593498851077,-0.484704392154886,0.203609475180085,-0.800413793261225,0.423471092026439,103,25,37,19,35,33,35,"fitted",NA,2,"Non-calcifier_T + pH",0.3,35,2.3,"35"
"all_data","Physiology_Calcifier","Physiology","Physiology","Calcifier","pH","pH",-0.212496419505343,0.0799789695582251,-0.36925231936009,-0.0557405196505966,-2.65690369204675,0.00788619685297332,361,82,152,19,195,79,87,"fitted",NA,3,"Calcifier_pH",-0.3,195,2.7,"195"
"all_data","Physiology_Calcifier","Physiology","Physiology","Calcifier","T","T",-0.296866364288504,0.10464377570212,-0.501964395870947,-0.0917683327060601,-2.83692328852473,0.00455505546668036,361,82,152,19,195,79,87,"fitted",NA,3,"Calcifier_T",-0.18,79,2.82,"79"
"all_data","Physiology_Calcifier","Physiology","Physiology","Calcifier","TpH","T + pH",-0.315231668839261,0.10429931079576,-0.5196545616113,-0.110808776067222,-3.02237537749939,0.00250799327646991,361,82,152,19,195,79,87,"fitted",NA,3,"Calcifier_T + pH",-0.06,87,2.94,"87"
"all_data","Physiology_Non_calcifier","Physiology","Physiology","Non-calcifier","pH","pH",-0.0379746389522765,0.0476336125846539,-0.131334804071732,0.0553855261671791,-0.797223575784607,0.425321196181396,343,89,124,26,183,102,58,"fitted",NA,3,"Non-calcifier_pH",0.06,183,3.06,"183"
"all_data","Physiology_Non_calcifier","Physiology","Physiology","Non-calcifier","T","T",0.0662336370890483,0.056100670917557,-0.043721657417897,0.176188931595994,1.18062112280943,0.23775326859508,343,89,124,26,183,102,58,"fitted",NA,3,"Non-calcifier_T",0.18,102,3.18,"102"
"all_data","Physiology_Non_calcifier","Physiology","Physiology","Non-calcifier","TpH","T + pH",0.0385443833242139,0.0671219730254708,-0.0930122663769778,0.170101033025406,0.574243896400177,0.565802768483125,343,89,124,26,183,102,58,"fitted",NA,3,"Non-calcifier_T + pH",0.3,58,3.3,"58"
"all_data","Reproduction_Calcifier","Reproduction","Reproduction","Calcifier","pH","pH",-0.209803928125451,0.0316034051969348,-0.271745464100269,-0.147862392150633,-6.63864943723848,3.16570296759785e-11,450,97,145,26,210,125,115,"fitted",NA,4,"Calcifier_pH",-0.3,210,3.7,"210"
"all_data","Reproduction_Calcifier","Reproduction","Reproduction","Calcifier","T","T",-0.103634143695156,0.0433728706636882,-0.188643408102099,-0.0186248792882133,-2.38937709469894,0.0168769696766439,450,97,145,26,210,125,115,"fitted",NA,4,"Calcifier_T",-0.18,125,3.82,"125"
"all_data","Reproduction_Calcifier","Reproduction","Reproduction","Calcifier","TpH","T + pH",-0.225002014003179,0.0425290853397705,-0.308357489564559,-0.141646538441798,-5.29054439345703,1.21952815400089e-07,450,97,145,26,210,125,115,"fitted",NA,4,"Calcifier_T + pH",-0.06,115,3.94,"115"
"all_data","Reproduction_Non_calcifier","Reproduction","Reproduction","Non-calcifier","pH","pH",-0.117354884649338,0.0587240327963402,-0.232451873957113,-0.00225789534156205,-1.99841324005002,0.0456718773964474,326,88,122,15,173,123,30,"fitted",NA,4,"Non-calcifier_pH",0.06,173,4.06,"173"
"all_data","Reproduction_Non_calcifier","Reproduction","Reproduction","Non-calcifier","T","T",0.0422277106451721,0.0702280547030935,-0.0954167472772,0.179872168567544,0.601294038738509,0.54764415936254,326,88,122,15,173,123,30,"fitted",NA,4,"Non-calcifier_T",0.18,123,4.18,"123"
"all_data","Reproduction_Non_calcifier","Reproduction","Reproduction","Non-calcifier","TpH","T + pH",-0.507785606298978,0.106226344445757,-0.715985415622009,-0.299585796975948,-4.78022291879084,1.75100932362337e-06,326,88,122,15,173,123,30,"fitted",NA,4,"Non-calcifier_T + pH",0.3,30,4.3,"30"
"all_data","Survival_Calcifier","Survival","Survival","Calcifier","pH","pH",-0.158460605852857,0.0499003714025031,-0.256263536616935,-0.0606576750887784,-3.17553960820637,0.00149558102884826,280,76,99,8,154,86,40,"fitted",NA,5,"Calcifier_pH",-0.3,154,4.7,"154"
"all_data","Survival_Calcifier","Survival","Survival","Calcifier","T","T",-0.204919234254514,0.0753564299283615,-0.352615122917619,-0.0572233455914093,-2.71933310069656,0.00654136971066676,280,76,99,8,154,86,40,"fitted",NA,5,"Calcifier_T",-0.18,86,4.82,"86"
"all_data","Survival_Calcifier","Survival","Survival","Calcifier","TpH","T + pH",-0.316182906470586,0.105333166850786,-0.522632119875676,-0.109733693065497,-3.00174119817823,0.00268440285722131,280,76,99,8,154,86,40,"fitted",NA,5,"Calcifier_T + pH",-0.06,40,4.94,"40"
"all_data","Survival_Non_calcifier","Survival","Survival","Non-calcifier","pH","pH",-0.237129396233779,0.0692440478189519,-0.372845236102694,-0.101413556364864,-3.42454555594131,0.000615828587131151,212,62,89,13,142,50,20,"fitted",NA,5,"Non-calcifier_pH",0.06,142,5.06,"142"
"all_data","Survival_Non_calcifier","Survival","Survival","Non-calcifier","T","T",-0.103332003214166,0.0897451580029618,-0.279229280686828,0.0725652742584952,-1.15139362962352,0.249570333410633,212,62,89,13,142,50,20,"fitted",NA,5,"Non-calcifier_T",0.18,50,5.18,"50"
"all_data","Survival_Non_calcifier","Survival","Survival","Non-calcifier","TpH","T + pH",-0.0882270286971021,0.119627243004625,-0.322692116555988,0.146238059161784,-0.73751619180667,0.460808500262641,212,62,89,13,142,50,20,"fitted",NA,5,"Non-calcifier_T + pH",0.3,20,5.3,"20"
"all_data","Overall_Calcifier","Overall",NA,"Calcifier","pH","pH",-0.208401931319646,0.0257225478977149,-0.258817198789773,-0.157986663849518,-8.10191634780313,5.41001399865288e-16,2093,310,527,77,1086,580,427,"fitted",NA,6,"Calcifier_pH",-0.3,1086,5.7,"1086"
"all_data","Overall_Calcifier","Overall",NA,"Calcifier","T","T",-0.245523868559576,0.0355250470254092,-0.31515168127847,-0.175896055840683,-6.91128905146744,4.80269313502089e-12,2093,310,527,77,1086,580,427,"fitted",NA,6,"Calcifier_T",-0.18,580,5.82,"580"
"all_data","Overall_Calcifier","Overall",NA,"Calcifier","TpH","T + pH",-0.280539937758105,0.037150907408882,-0.353354378272496,-0.207725497243714,-7.55136165775144,4.30730915453467e-14,2093,310,527,77,1086,580,427,"fitted",NA,6,"Calcifier_T + pH",-0.06,427,5.94,"427"
"all_data","Overall_Non_calcifier","Overall",NA,"Non-calcifier","pH","pH",-0.104176154613537,0.0310240914323794,-0.164982256474078,-0.0433700527529955,-3.35791153918563,0.000785337417042022,1191,223,368,64,651,350,190,"fitted",NA,6,"Non-calcifier_pH",0.06,651,6.06,"651"
"all_data","Overall_Non_calcifier","Overall",NA,"Non-calcifier","T","T",0.0168496162338462,0.0383676102835415,-0.0583495180947637,0.0920487505624562,0.439162515187301,0.660543783949891,1191,223,368,64,651,350,190,"fitted",NA,6,"Non-calcifier_T",0.18,350,6.18,"350"
"all_data","Overall_Non_calcifier","Overall",NA,"Non-calcifier","TpH","T + pH",-0.100505483964363,0.0471598526263017,-0.192937096628131,-0.00807387130059514,-2.13116620106463,0.0330754524061157,1191,223,368,64,651,350,190,"fitted",NA,6,"Non-calcifier_T + pH",0.3,190,6.3,"190"
