"Category","Calcifier","Treatment","k","Mean lnRR","95% CI","p-value","% change","% change 95% CI"
"Growth","Calcifier","pH",363,"-0.103","-0.125 to -0.081","<0.001","-9.8%","-11.7% to -7.8%"
"Growth","Calcifier","T",109,"-0.005","-0.058 to 0.049","0.865","-0.5%","-5.6% to 5.0%"
"Growth","Calcifier","T + pH",93,"-0.310","-0.528 to -0.093","0.005","-26.7%","-41.0% to -8.9%"
"Growth","Non-calcifier","pH",120,"-0.059","-0.133 to 0.015","0.119","-5.7%","-12.4% to 1.5%"
"Growth","Non-calcifier","T",44,"0.122","0.016 to 0.228","0.024","13.0%","1.6% to 25.6%"
"Growth","Non-calcifier","T + pH",49,"0.088","-0.033 to 0.210","0.154","9.2%","-3.3% to 23.3%"
"Development","Calcifier","pH",165,"0.154","0.005 to 0.304","0.043","16.7%","0.5% to 35.5%"
"Development","Calcifier","T",175,"-0.266","-0.460 to -0.073","0.007","-23.4%","-36.9% to -7.0%"
"Development","Calcifier","T + pH",98,"-0.286","-0.646 to 0.074","0.120","-24.8%","-47.6% to 7.7%"
"Development","Non-calcifier","pH",40,"-0.070","-0.169 to 0.029","0.166","-6.8%","-15.6% to 3.0%"
"Development","Non-calcifier","T",37,"-0.108","-0.379 to 0.162","0.432","-10.3%","-31.5% to 17.6%"
"Development","Non-calcifier","T + pH",40,"0.049","-0.304 to 0.402","0.786","5.0%","-26.2% to 49.5%"
"Physiology","Calcifier","pH",184,"-0.131","-0.231 to -0.032","0.010","-12.3%","-20.6% to -3.1%"
"Physiology","Calcifier","T",66,"-0.369","-0.759 to 0.021","0.064","-30.8%","-53.2% to 2.2%"
"Physiology","Calcifier","T + pH",70,"-0.261","-0.660 to 0.138","0.200","-23.0%","-48.3% to 14.8%"
"Physiology","Non-calcifier","pH",189,"0.041","-0.066 to 0.148","0.453","4.2%","-6.4% to 15.9%"
"Physiology","Non-calcifier","T",108,"0.205","0.115 to 0.295","<0.001","22.7%","12.1% to 34.3%"
"Physiology","Non-calcifier","T + pH",64,"0.076","-0.016 to 0.168","0.106","7.9%","-1.6% to 18.3%"
"Reproduction","Calcifier","pH",201,"-0.170","-0.222 to -0.118","<0.001","-15.6%","-19.9% to -11.1%"
"Reproduction","Calcifier","T",125,"-0.098","-0.154 to -0.042","<0.001","-9.4%","-14.3% to -4.1%"
"Reproduction","Calcifier","T + pH",107,"-0.358","-0.638 to -0.078","0.012","-30.1%","-47.2% to -7.5%"
"Reproduction","Non-calcifier","pH",174,"-0.156","-0.204 to -0.109","<0.001","-14.5%","-18.5% to -10.3%"
"Reproduction","Non-calcifier","T",124,"0.137","-0.052 to 0.326","0.154","14.7%","-5.0% to 38.5%"
"Reproduction","Non-calcifier","T + pH",31,"-0.424","-0.867 to 0.020","0.061","-34.5%","-58.0% to 2.0%"
"Survival","Calcifier","pH",153,"-0.155","-0.233 to -0.077","<0.001","-14.4%","-20.8% to -7.5%"
"Survival","Calcifier","T",83,"0.063","-0.176 to 0.301","0.605","6.5%","-16.1% to 35.1%"
"Survival","Calcifier","T + pH",38,"-0.362","-0.795 to 0.071","0.101","-30.4%","-54.8% to 7.3%"
"Survival","Non-calcifier","pH",143,"-0.274","-0.391 to -0.158","<0.001","-24.0%","-32.3% to -14.6%"
"Survival","Non-calcifier","T",52,"-0.086","-0.300 to 0.128","0.431","-8.2%","-25.9% to 13.6%"
"Survival","Non-calcifier","T + pH",21,"-0.040","-0.431 to 0.352","0.842","-3.9%","-35.0% to 42.1%"
"Overall","Calcifier","pH",1066,"-0.122","-0.157 to -0.087","<0.001","-11.5%","-14.5% to -8.4%"
"Overall","Calcifier","T",558,"-0.140","-0.242 to -0.039","0.007","-13.1%","-21.5% to -3.8%"
"Overall","Calcifier","T + pH",406,"-0.370","-0.570 to -0.170","<0.001","-31.0%","-43.5% to -15.7%"
"Overall","Non-calcifier","pH",666,"-0.105","-0.159 to -0.051","<0.001","-10.0%","-14.7% to -4.9%"
"Overall","Non-calcifier","T",365,"0.106","0.026 to 0.186","0.009","11.2%","2.6% to 20.5%"
"Overall","Non-calcifier","T + pH",205,"-0.066","-0.185 to 0.054","0.284","-6.3%","-16.9% to 5.6%"
