"Response_category_lumped","Response_category_original","Response_Biota","n_records"
"Development","Development","% of gamets to reach D-veliger after 48h",2
"Development","Development","Abnormal development",3
"Development","Development","Abnormal embryo development",7
"Development","Development","Abnormal embryos",9
"Development","Development","Abnormal embryos (8-cell stage)",2
"Development","Development","Abnormal germling development",3
"Development","Development","Abnormal larvae",15
"Development","Development","Abnormality",2
"Development","Development","Arm asymetry",2
"Development","Development","Arm asymmetry",10
"Development","Development","Asymmetry",2
"Development","Development","Asymmetry index",2
"Development","Development","Aymmetry index",2
"Development","Development","Bipinnaria 72 hrs (%)",3
"Development","Development","Calcified veliger larvae",2
"Development","Development","Cleavage",3
"Development","Development","Complete hatching from spawning",1
"Development","Development","D-larval yield",1
"Development","Development","Deformed larvae",2
"Development","Development","Deformities",5
"Development","Development","Development time",3
"Development","Development","Developmental rate (D-hinge)",1
"Development","Development","Developmental time",23
"Development","Development","Early bipinnaria swimming 24 hrs (%)",1
"Development","Development","Echinoplutei",2
"Development","Development","Embryo cleavage success",3
"Development","Development","Embryo deformity",2
"Development","Development","Embryo development (Early pleuteus)",2
"Development","Development","Embryonic development (8 cells)",3
"Development","Development","Fertilization",17
"Development","Development","Flextion",3
"Development","Development","Gastrulae",2
"Development","Development","Gastrulation",5
"Development","Development","Hatch duration",5
"Development","Development","Hatch length",16
"Development","Development","Hatching time",4
"Development","Development","Larvae developmental success",1
"Development","Development","Larval asymmetry",3
"Development","Development","Larval deformity",2
"Development","Development","Larval development (4 arms)",2
"Development","Development","Larval development (8 arms)",1
"Development","Development","Larval development (D-larvae)",1
"Development","Development","Larval development (D-shaped veliger stage)",2
"Development","Development","Larval development (D-shaped)",2
"Development","Development","Larval development (Pediveliger)",2
"Development","Development","Larval development (Stage IV)",3
"Development","Development","Larval development (Umbonate larvae) (F1)",2
"Development","Development","Larval development (abnormal)",9
"Development","Development","Larval development (crawl stage)",2
"Development","Development","Larval development (normal echinoplutei)",2
"Development","Development","Larval development (normal prism)",12
"Development","Development","Larval development (pluteus)",2
"Development","Development","Larval development (trochophore larvae)",1
"Development","Development","Larval development (veliger stage)",4
"Development","Development","Larval development success",1
"Development","Development","Larval development to moulting",1
"Development","Development","Larval settlement",4
"Development","Development","Length",9
"Development","Development","Length at hatch",10
"Development","Development","Life-stage",16
"Development","Development","Malformation",6
"Development","Development","Malformation rate",2
"Development","Development","Malformed larvae",2
"Development","Development","Mean % normal larvae",1
"Development","Development","Mean developmental stage",2
"Development","Development","Median developmental time",2
"Development","Development","Metamorphosing into juveniles 10 days (%)",4
"Development","Development","Metamorphosing into juveniles 5 days (%)",4
"Development","Development","Metamorphosis",16
"Development","Development","Metamorphosis of veliger",2
"Development","Development","Mid-late brachiolaria day 10 (%)",2
"Development","Development","Mid-late brachiolaria day 17 (%)",2
"Development","Development","Minor abnormality of larvae",1
"Development","Development","Molt stage duration Z5",3
"Development","Development","Normal",119
"Development","Development","Normal blastulae",5
"Development","Development","Normal coeloblastula",2
"Development","Development","Normal embryonic development",1
"Development","Development","Normal hinge",2
"Development","Development","Normal larvae",16
"Development","Development","Normal larvae (%)",3
"Development","Development","Number of embryos per egg (16-cell stage)",2
"Development","Development","Number of settled recruits",1
"Development","Development","Partially metamorphosed larvae",2
"Development","Development","Pluteus development rate",5
"Development","Development","Pluteus larvae",2
"Development","Development","Saggitae diameter at hatch",5
"Development","Development","Settlement",29
"Development","Development","Settlement (%)",2
"Development","Development","Symmetry (ratio)",2
"Development","Development","Time to embryonic movement",2
"Development","Development","Time to eyespot development",1
"Development","Development","Time to hatch",5
"Development","Development","Time to protoconch formation",2
"Development","Development","Time to reach 2 cell stage (h)",1
"Development","Development","Yield advanced two-arm plutei (%)",8
"Development","Development","developmental success",10
"Development","Development","growth rate",1
"Development","Development","hatching length",4
"Development","Development","total anormalities",3
"Growth","Growth","AFDW of larva",2
"Growth","Growth","APM ratio",1
"Growth","Growth","Abundance",20
"Growth","Growth","Abundance-CP calanus",6
"Growth","Growth","Abundance-all nauplii",2
"Growth","Growth","Abundance-calanoid copepodites",2
"Growth","Growth","Abundance-cyclopoids",2
"Growth","Growth","Abundance-harpacticoids",2
"Growth","Growth","Abundance-heterotrophic nanoflagellate",15
"Growth","Growth","Abundance-heterotrophic nanoflagellates",10
"Growth","Growth","Abundance-others",2
"Growth","Growth","Abundance-polychaetes",2
"Growth","Growth","Abundance-rotifers",1
"Growth","Growth","Abundances-Amphipoda",2
"Growth","Growth","Abundances-Calanoida copepods",2
"Growth","Growth","Abundances-Dendrobranchiata",1
"Growth","Growth","Abundances-Pleocyemata",2
"Growth","Growth","Anterior lateral arm length 4-arm (um)",1
"Growth","Growth","Area of normal veliger",2
"Growth","Growth","Arm length",2
"Growth","Growth","Average rod length",2
"Growth","Growth","Average rod length (arm)",1
"Growth","Growth","Average shell area D-veliger",2
"Growth","Growth","Average shell length",1
"Growth","Growth","Average size",1
"Growth","Growth","Biomass",1
"Growth","Growth","Biomass-Ciliate",12
"Growth","Growth","Biomass-Copepod total",1
"Growth","Growth","Body dry weight (Embryo)",5
"Growth","Growth","Body length",16
"Growth","Growth","Body length 4 arm (um)",1
"Growth","Growth","Body length-Oikopleura dioica",15
"Growth","Growth","Body mass of embryo",2
"Growth","Growth","Body volume",1
"Growth","Growth","Body weight",1
"Growth","Growth","Carapace length",1
"Growth","Growth","Carapace length (Stage III)",1
"Growth","Growth","Carapace length of larvae",1
"Growth","Growth","Ciliate biomass",9
"Growth","Growth","Ciliated band length (mm)",2
"Growth","Growth","Coverage",3
"Growth","Growth","Cuttlebone weight (Embryo)",3
"Growth","Growth","DVM ratio",1
"Growth","Growth","Diameter of larvae",5
"Growth","Growth","Dorsal mantle length of embryo",2
"Growth","Growth","Dry mass",25
"Growth","Growth","Dry mass (Stage III)",2
"Growth","Growth","Dry weight",6
"Growth","Growth","Early growth rate",2
"Growth","Growth","Egg fresh weight",3
"Growth","Growth","Egg volume",5
"Growth","Growth","Gastrula length (mm)",2
"Growth","Growth","Germling growth",3
"Growth","Growth","Growth",34
"Growth","Growth","Growth (change in area)",1
"Growth","Growth","Growth (change in size)",2
"Growth","Growth","Growth rate",22
"Growth","Growth","Growth rate  day 1 pre-feeding (um/d)",2
"Growth","Growth","Growth rate  day 3 pre-feeding (um/d)",2
"Growth","Growth","Growth rate  day 5 feeding (um/d)",2
"Growth","Growth","Growth rate  day 8 feeding (um/d)",2
"Growth","Growth","Growth rate of body length",3
"Growth","Growth","Growth rate of larvae",4
"Growth","Growth","Growth rates (surface area)",4
"Growth","Growth","Growth-sea urchin embryos-Echinometra mathaei",1
"Growth","Growth","Hatchling weight",3
"Growth","Growth","Head width",1
"Growth","Growth","IPC-cover",5
"Growth","Growth","Instantaneous growth rate",3
"Growth","Growth","Larval Growth rate",4
"Growth","Growth","Larval Post-oral arms",1
"Growth","Growth","Larval body growth rate",2
"Growth","Growth","Larval body length",5
"Growth","Growth","Larval diameter",1
"Growth","Growth","Larval dry mass",1
"Growth","Growth","Larval growth",2
"Growth","Growth","Larval growth index",2
"Growth","Growth","Larval growth rate",12
"Growth","Growth","Larval height",1
"Growth","Growth","Larval length",35
"Growth","Growth","Larval length (F1)",1
"Growth","Growth","Larval length (um)",7
"Growth","Growth","Larval length 4-arm (um)",1
"Growth","Growth","Larval length prism (um)",1
"Growth","Growth","Larval shell area",6
"Growth","Growth","Larval shell growth",1
"Growth","Growth","Larval shell growth (F1)",1
"Growth","Growth","Larval shell growth rate",2
"Growth","Growth","Larval shell height",2
"Growth","Growth","Larval shell length",35
"Growth","Growth","Larval shell length (Pediveliger)",4
"Growth","Growth","Larval size",7
"Growth","Growth","Larval size (F1)",1
"Growth","Growth","Larval weight",1
"Growth","Growth","Larval width (um)",3
"Growth","Growth","Larval width prism (um)",1
"Growth","Growth","Length",50
"Growth","Growth","Length of body rod",2
"Growth","Growth","Life-stage",1
"Growth","Growth","Mantle length",1
"Growth","Growth","Mass",3
"Growth","Growth","Maximum length",10
"Growth","Growth","Maximum test diameter",2
"Growth","Growth","Mean area",1
"Growth","Growth","Mean carapace length",2
"Growth","Growth","Mean dry weight",1
"Growth","Growth","Mean lenght",1
"Growth","Growth","Mean shell length of D-veliger larvae after 48h",2
"Growth","Growth","NA",26
"Growth","Growth","Overall body length",2
"Growth","Growth","Overall length",3
"Growth","Growth","Post oral arm length",5
"Growth","Growth","Post oral rod length",1
"Growth","Growth","Post-oral arm growth rate",2
"Growth","Growth","Post-oral arm length",4
"Growth","Growth","Post-oral arm length 4-arm (um)",1
"Growth","Growth","Post-oral arms",3
"Growth","Growth","Postoral arm length",28
"Growth","Growth","Postoral arm rod length",1
"Growth","Growth","Postoral rod length",1
"Growth","Growth","Postoral to mid line body length ratio",3
"Growth","Growth","Promosome length - each developmental stage of Acartia tsuensis copepods",13
"Growth","Growth","Prosome length",5
"Growth","Growth","Protoconch size",2
"Growth","Growth","Rod length",3
"Growth","Growth","Shell area",2
"Growth","Growth","Shell diameter",4
"Growth","Growth","Shell growth rate",1
"Growth","Growth","Shell height",1
"Growth","Growth","Shell length",15
"Growth","Growth","Shell length (D-veliger)",1
"Growth","Growth","Shell length of veliger larvae of T. cornutus",8
"Growth","Growth","Shell size",6
"Growth","Growth","Size",27
"Growth","Growth","Standard length at 21dph",3
"Growth","Growth","Stomach volume",1
"Growth","Growth","Test diameter",5
"Growth","Growth","Test growth",1
"Growth","Growth","Test surface area",2
"Growth","Growth","Total arm length",2
"Growth","Growth","Total larval length",2
"Growth","Growth","Total larval skeleton",1
"Growth","Growth","Total length",7
"Growth","Growth","Total length at 11 dph",3
"Growth","Growth","Total length of calcite rod",5
"Growth","Growth","Veliger shell area",2
"Growth","Growth","Weight",8
"Growth","Growth","Wet mass",13
"Growth","Growth","Wet mass (Stage III)",1
"Growth","Growth","Wet weight",5
"Growth","Growth","Yolk area",5
"Growth","Growth","Yolk area at 1 dph",3
"Growth","Growth","Yolk sac area",8
"Growth","Growth","abundance",5
"Growth","Growth","developmental success",14
"Growth","Growth","diameter",1
"Growth","Growth","diameter um",2
"Growth","Growth","eye diameter (42 days)",3
"Growth","Growth","growth (g-1.day-1)",2
"Growth","Growth","growth rate",52
"Growth","Growth","growth um/day",4
"Growth","Growth","larval length ?m",1
"Growth","Growth","larval length um",3
"Growth","Growth","larval shell length um",1
"Growth","Growth","larval size (shell length mm)",48
"Growth","Growth","length",1
"Growth","Growth","mass",5
"Growth","Growth","otolith area",3
"Growth","Growth","shell height um",4
"Growth","Growth","shell length",2
"Growth","Growth","shell length (mm)",2
"Growth","Growth","shell length um",9
"Growth","Growth","shell size um",1
"Growth","Growth","skeletal mass",3
"Growth","Growth","um",1
"Growth","Growth","yolk area",4
"Physiology","Behaviour","Activity",10
"Physiology","Behaviour","Feeding",6
"Physiology","Behaviour","Feeding rate",18
"Physiology","Behaviour","Ingestion rate -  on R. salina acclimated to the same target pCO2 as the copepods",2
"Physiology","Behaviour","Ingestion rate - Ingestion rate of A. hudsonica females on R. salina acclimated to 400 Î¼atm pCO2",2
"Physiology","Behaviour","Larval feeding rate (Stage IV)",2
"Physiology","Behaviour","Larval swimming speed",2
"Physiology","Behaviour","Time Active",3
"Physiology","Behaviour","Ucrit",3
"Physiology","Behaviour","daily ingestion rate",1
"Physiology","Behaviour","feeding rate",3
"Physiology","Behaviour","ingested cells",3
"Physiology","Behaviour","ingestion rate",16
"Physiology","Physiology","ATP-synthase expression",2
"Physiology","Physiology","Absolute aerobic scope",2
"Physiology","Physiology","Active absorbation of CaCO3",1
"Physiology","Physiology","Birefringence (calcification)",3
"Physiology","Physiology","C:N ratio",5
"Physiology","Physiology","C:N ratios (42 days)",3
"Physiology","Physiology","CA activity",2
"Physiology","Physiology","Ca content (Embryo)",3
"Physiology","Physiology","Ca2+-ATPase activity",2
"Physiology","Physiology","CaCO3 contents, adults",2
"Physiology","Physiology","CaCO3 precipitated",1
"Physiology","Physiology","CaCO3 production",2
"Physiology","Physiology","CaO %",2
"Physiology","Physiology","Calcein fluorescence intensity",2
"Physiology","Physiology","Calcification",3
"Physiology","Physiology","Calcification index",1
"Physiology","Physiology","Calcification rate",22
"Physiology","Physiology","Calcite deposit",1
"Physiology","Physiology","Calcium content",19
"Physiology","Physiology","Calcium uptake",1
"Physiology","Physiology","Calcium uptake rate",3
"Physiology","Physiology","Chl a content",25
"Physiology","Physiology","Chl a per cell",1
"Physiology","Physiology","Citrate synthase activity",3
"Physiology","Physiology","Clearance rate",2
"Physiology","Physiology","Clearance rate of juveniles",3
"Physiology","Physiology","Clearance rate of larvae",3
"Physiology","Physiology","Critical thermal maximum",3
"Physiology","Physiology","Crystal width",8
"Physiology","Physiology","Dark respiration",2
"Physiology","Physiology","ETS mitochondrial capacity",5
"Physiology","Physiology","Electron transport system activity (metabolism)",1
"Physiology","Physiology","Enzyme activity",6
"Physiology","Physiology","Fatty Acids-MUFA-Acartia bifilosa",5
"Physiology","Physiology","Fatty Acids-MUFA-Eurytemora affinis",5
"Physiology","Physiology","Fatty Acids-PUFA-Acartia bifilosa",5
"Physiology","Physiology","Fatty Acids-PUFA-Eurytemora affinis",5
"Physiology","Physiology","Fatty Acids-PUFA-copepod Calanus finmarchicus",7
"Physiology","Physiology","Fatty acid content of A. hudsonica MUFA",2
"Physiology","Physiology","Fatty acid content of A. hudsonica PUFA",2
"Physiology","Physiology","Fatty acid content of A. hudsonica TOTAL",2
"Physiology","Physiology","Fertilization",2
"Physiology","Physiology","Filtration rate",1
"Physiology","Physiology","Growth rates (buoyant weight)",4
"Physiology","Physiology","H+-ATPase activity",2
"Physiology","Physiology","Heart beat rate",1
"Physiology","Physiology","Heart rates",8
"Physiology","Physiology","Heat shock protein 70",6
"Physiology","Physiology","Incorporated calcium",2
"Physiology","Physiology","Inorganic weight",4
"Physiology","Physiology","Larval Oxygen consumption rate",2
"Physiology","Physiology","Larval feeding rate",1
"Physiology","Physiology","Larval heart rate",1
"Physiology","Physiology","Larval ingestion rate",1
"Physiology","Physiology","Larval ingestion rate (F1)",1
"Physiology","Physiology","Larval metabolic rate",1
"Physiology","Physiology","Larval oxygen consumption rate",1
"Physiology","Physiology","Larval respiration rate",9
"Physiology","Physiology","Larval shell area",2
"Physiology","Physiology","Larval zooxanthella density",1
"Physiology","Physiology","Life-stage",1
"Physiology","Physiology","Lipid index",3
"Physiology","Physiology","Ln O2 consumption rates",5
"Physiology","Physiology","MO2",5
"Physiology","Physiology","MUFA",1
"Physiology","Physiology","Maximum oxygen uptake",2
"Physiology","Physiology","Maximum photochemical efficiency",3
"Physiology","Physiology","Maximum quantum efficiency",6
"Physiology","Physiology","Maximum quantum yield",8
"Physiology","Physiology","Maximum quantum yield of PSII",8
"Physiology","Physiology","Metabolic rate",3
"Physiology","Physiology","Metabolic response",5
"Physiology","Physiology","Net oxygen production",1
"Physiology","Physiology","Net photosynthesis",4
"Physiology","Physiology","Net photosynthetic rate",3
"Physiology","Physiology","Normal",12
"Physiology","Physiology","O2 consumption",2
"Physiology","Physiology","Osmolarity",4
"Physiology","Physiology","Oxidative stress marker",7
"Physiology","Physiology","Oxygen consumption",5
"Physiology","Physiology","Oxygen consumption rate",51
"Physiology","Physiology","Oxygen consumption rate (Stage IV)",3
"Physiology","Physiology","Oxygen consumption rate at 30 dph",3
"Physiology","Physiology","Oxygen production",15
"Physiology","Physiology","PUFA",1
"Physiology","Physiology","Perivitelline fluid pH",5
"Physiology","Physiology","Perivitelline fluid pH (embryo)",3
"Physiology","Physiology","Perivitelline fluid pH (pre-hatching)",3
"Physiology","Physiology","Photosynthesis rate",4
"Physiology","Physiology","Photosynthetic rate",2
"Physiology","Physiology","Protein content",9
"Physiology","Physiology","Protein content (ng larvae-1)",2
"Physiology","Physiology","RNA/DNA ratio",6
"Physiology","Physiology","Relative calcification rate",1
"Physiology","Physiology","Respiration",31
"Physiology","Physiology","Respiration Rate",2
"Physiology","Physiology","Respiration rate",60
"Physiology","Physiology","Respiration rate (Embryos)",1
"Physiology","Physiology","Respiration rate of adult female A. hudsonica",4
"Physiology","Physiology","Respiration rate-adult copepod",2
"Physiology","Physiology","Respiration rate-juvenile copepodites",4
"Physiology","Physiology","Resting metabolic rate",3
"Physiology","Physiology","Resting oxygen uptake",2
"Physiology","Physiology","Routine heart rates",3
"Physiology","Physiology","Routine metabolic rates (embryo)",3
"Physiology","Physiology","Routine metabolic rates (pre-hatching)",3
"Physiology","Physiology","SOD expression",2
"Physiology","Physiology","Shell Ca2+ dry mass in larvae",1
"Physiology","Physiology","Shell Ca2+ dry mass in new carapace",1
"Physiology","Physiology","Shell Mg2+ dry mass in larvae",1
"Physiology","Physiology","Shell Mg2+ dry mass in new carapace",1
"Physiology","Physiology","Shell biomass",1
"Physiology","Physiology","Shell damage",7
"Physiology","Physiology","Shell mass growth",1
"Physiology","Physiology","Shell matrix protein expression",2
"Physiology","Physiology","Shell weight",7
"Physiology","Physiology","Symbiodinium density",3
"Physiology","Physiology","Symbiont density",3
"Physiology","Physiology","Test weight",2
"Physiology","Physiology","Total FA",1
"Physiology","Physiology","Total fatty acid",1
"Physiology","Physiology","Zoea I respiration rate",1
"Physiology","Physiology","aerobic scope",3
"Physiology","Physiology","calcification rates",1
"Physiology","Physiology","critical thermal maximum (hatchling)",3
"Physiology","Physiology","critical thermal maximum (postlarva)",3
"Physiology","Physiology","mg CaCO3 day-1",2
"Physiology","Physiology","oxygen consumption rates (hatchling)",3
"Physiology","Physiology","oxygen consumption rates (postlarva)",3
"Physiology","Physiology","pH of perivitelline fluid",1
"Reproduction","Reproduction","% Fertilization of gamets",2
"Reproduction","Reproduction","Copepod egg production rate (eggs female-1d-1)",2
"Reproduction","Reproduction","Copepod percent hatching success(%)",2
"Reproduction","Reproduction","Critical thermal maximum",2
"Reproduction","Reproduction","Development",2
"Reproduction","Reproduction","Developmental time",11
"Reproduction","Reproduction","Early developmental success",8
"Reproduction","Reproduction","Early embryo viability",2
"Reproduction","Reproduction","Egg Production",5
"Reproduction","Reproduction","Egg hatching",34
"Reproduction","Reproduction","Egg hatching success",7
"Reproduction","Reproduction","Egg production",92
"Reproduction","Reproduction","Egg production rate",9
"Reproduction","Reproduction","Egg production rate of female Acartia tsuensis",3
"Reproduction","Reproduction","Egg production rate-Acartia steueri",4
"Reproduction","Reproduction","Egg weight",3
"Reproduction","Reproduction","Fertilization",158
"Reproduction","Reproduction","Fertilization rate-Echinometra mathaei",4
"Reproduction","Reproduction","Fertilization rate-Hemicentrotus pulcherrimus",4
"Reproduction","Reproduction","Fertilization rate-Oikopleura dioica",2
"Reproduction","Reproduction","Fertilization success",78
"Reproduction","Reproduction","Fertilization-Echinometra mathaei",3
"Reproduction","Reproduction","Fertilization-Hemicentrotus pulcherrimus",3
"Reproduction","Reproduction","Fertilized eggs",39
"Reproduction","Reproduction","Hatch rate-Acartia erythraea",1
"Reproduction","Reproduction","Hatched blastulae",4
"Reproduction","Reproduction","Hatching",2
"Reproduction","Reproduction","Hatching rate",27
"Reproduction","Reproduction","Hatching rate of eggs",3
"Reproduction","Reproduction","Hatching success",23
"Reproduction","Reproduction","Hatching success of eggs-Calanus finmarchicus",2
"Reproduction","Reproduction","Hatchling number",1
"Reproduction","Reproduction","Heat shock protein 70",3
"Reproduction","Reproduction","Larvae remaining on the bottom (post-competent)",2
"Reproduction","Reproduction","Larval hatching",4
"Reproduction","Reproduction","Larval settlement",26
"Reproduction","Reproduction","Length",9
"Reproduction","Reproduction","Life-stage",5
"Reproduction","Reproduction","Mean % hatched",1
"Reproduction","Reproduction","Metamorphosis",34
"Reproduction","Reproduction","Metamorphosis of veliger",2
"Reproduction","Reproduction","Normal",22
"Reproduction","Reproduction","Number of settled recruits",1
"Reproduction","Reproduction","Post-fertilization success",2
"Reproduction","Reproduction","Premature hatching",2
"Reproduction","Reproduction","Production- nauplii",20
"Reproduction","Reproduction","Recruitment",2
"Reproduction","Reproduction","Reproduction",24
"Reproduction","Reproduction","Settle larvae",1
"Reproduction","Reproduction","Settled larvae",3
"Reproduction","Reproduction","Settlement",7
"Reproduction","Reproduction","Settlement rate",1
"Reproduction","Reproduction","Settlement success",5
"Reproduction","Reproduction","Spore germination success",3
"Reproduction","Reproduction","Survival",10
"Reproduction","Reproduction","developmental success",11
"Reproduction","Reproduction","eggs that survived to hatching",4
"Reproduction","Reproduction","growth rate",2
"Reproduction","Reproduction","hatching succes",3
"Reproduction","Reproduction","hatching success",7
"Survival","Survival","Bleaching frequency",2
"Survival","Survival","Copepod naupliar survival",2
"Survival","Survival","Critical thermal maximum",1
"Survival","Survival","Developmental time",3
"Survival","Survival","Fertilization",5
"Survival","Survival","Larval daily survival",1
"Survival","Survival","Larval density",29
"Survival","Survival","Larval density (survival)",5
"Survival","Survival","Larval mortality",6
"Survival","Survival","Larval survial",4
"Survival","Survival","Larval survival",109
"Survival","Survival","Larval survival (4-armed)",2
"Survival","Survival","Larval survival (F1)",3
"Survival","Survival","Larval survival (pediveliger)",4
"Survival","Survival","Larval survival (zoea I)",1
"Survival","Survival","Larval survival (zoea II)",1
"Survival","Survival","Length",9
"Survival","Survival","Life-stage",2
"Survival","Survival","Mean % mortality day 5",1
"Survival","Survival","Mortality",2
"Survival","Survival","Mortality  day 3 (%)",1
"Survival","Survival","Mortality day 3 (%)",1
"Survival","Survival","Mortality day 5 (%)",2
"Survival","Survival","Mortality-Acartia erythraea nauplii",1
"Survival","Survival","NA",30
"Survival","Survival","Normal",1
"Survival","Survival","Settlement (%)",4
"Survival","Survival","Settlement with spine development (%)",4
"Survival","Survival","Survial rate-Acartia steueri",4
"Survival","Survival","Survival",152
"Survival","Survival","Survival (%)",2
"Survival","Survival","Survival at 1 dph",3
"Survival","Survival","Survival day 1 pre-feeding (%)",2
"Survival","Survival","Survival day 10 (%)",5
"Survival","Survival","Survival day 3 pre-feeding  (%)",1
"Survival","Survival","Survival day 3 pre-feeding (%)",1
"Survival","Survival","Survival day 5 feeding (%)",2
"Survival","Survival","Survival day 8 feeding  (%)",1
"Survival","Survival","Survival day 8 feeding (%)",1
"Survival","Survival","Survival from 1 to 25 dph",3
"Survival","Survival","Survival of 4-arm plutei (%)",1
"Survival","Survival","Survival of embryos",2
"Survival","Survival","Survival of hatched nauplii",2
"Survival","Survival","Survival of larvae",8
"Survival","Survival","Survival of nauplii (N III)",1
"Survival","Survival","Survival of prisms (%)",1
"Survival","Survival","Survival rate of the Acartia tsuensi",4
"Survival","Survival","Survival rate-Acartia steueri",3
"Survival","Survival","Survival- adult Calanus spp",2
"Survival","Survival","Survival- adult O. similis",2
"Survival","Survival","Survival- large (>250 Î¼m) nauplii",2
"Survival","Survival","Survival- small (<60 Î¼m) nauplii",2
"Survival","Survival","Total embryo mortality",3
"Survival","Survival","Zoea I survival time",1
"Survival","Survival","Zoea II survival time",1
"Survival","Survival","Zoeae survival",2
"Survival","Survival","daily mortality rate",3
"Survival","Survival","developmental success",8
"Survival","Survival","larval survival",3
"Survival","Survival","mortality",2
"Survival","Survival","mortality (%)",40
"Survival","Survival","survival",3
"Survival","Survival","survival (%)",5
