"Response_Biota","n_records","Direction","Notes"
"% of gamets to reach D-veliger after 48h",2,"",""
"Abnormal development",3,"",""
"Abnormal embryo development",7,"",""
"Abnormal embryos",9,"",""
"Abnormal embryos (8-cell stage)",2,"",""
"Abnormal germling development",3,"",""
"Abnormal larvae",15,"",""
"Abnormality",2,"",""
"Arm asymetry",2,"",""
"Arm asymmetry",10,"",""
"Asymmetry",2,"",""
"Asymmetry index",2,"",""
"Aymmetry index",2,"",""
"Bipinnaria 72 hrs (%)",3,"",""
"Calcified veliger larvae",2,"",""
"Cleavage",3,"",""
"Complete hatching from spawning",1,"",""
"D-larval yield",1,"",""
"Deformed larvae",2,"",""
"Deformities",5,"",""
"Development time",3,"",""
"Developmental rate (D-hinge)",1,"",""
"Developmental time",23,"",""
"Early bipinnaria swimming 24 hrs (%)",1,"",""
"Echinoplutei",2,"",""
"Embryo cleavage success",3,"",""
"Embryo deformity",2,"",""
"Embryo development (Early pleuteus)",2,"",""
"Embryonic development (8 cells)",3,"",""
"Fertilization",17,"",""
"Flextion",3,"",""
"Gastrulae",2,"",""
"Gastrulation",5,"",""
"Hatch duration",5,"",""
"Hatch length",16,"",""
"Hatching time",4,"",""
"Larvae developmental success",1,"",""
"Larval asymmetry",3,"",""
"Larval deformity",2,"",""
"Larval development (4 arms)",2,"",""
"Larval development (8 arms)",1,"",""
"Larval development (D-larvae)",1,"",""
"Larval development (D-shaped veliger stage)",2,"",""
"Larval development (D-shaped)",2,"",""
"Larval development (Pediveliger)",2,"",""
"Larval development (Stage IV)",3,"",""
"Larval development (Umbonate larvae) (F1)",2,"",""
"Larval development (abnormal)",9,"",""
"Larval development (crawl stage)",2,"",""
"Larval development (normal echinoplutei)",2,"",""
"Larval development (normal prism)",12,"",""
"Larval development (pluteus)",2,"",""
"Larval development (trochophore larvae)",1,"",""
"Larval development (veliger stage)",4,"",""
"Larval development success",1,"",""
"Larval development to moulting",1,"",""
"Larval settlement",4,"",""
"Length",9,"",""
"Length at hatch",10,"",""
"Life-stage",16,"",""
"Malformation",6,"",""
"Malformation rate",2,"",""
"Malformed larvae",2,"",""
"Mean % normal larvae",1,"",""
"Mean developmental stage",2,"",""
"Median developmental time",2,"",""
"Metamorphosing into juveniles 10 days (%)",4,"",""
"Metamorphosing into juveniles 5 days (%)",4,"",""
"Metamorphosis",16,"",""
"Metamorphosis of veliger",2,"",""
"Mid-late brachiolaria day 10 (%)",2,"",""
"Mid-late brachiolaria day 17 (%)",2,"",""
"Minor abnormality of larvae",1,"",""
"Molt stage duration Z5",3,"",""
"Normal",119,"",""
"Normal blastulae",5,"",""
"Normal coeloblastula",2,"",""
"Normal embryonic development",1,"",""
"Normal hinge",2,"",""
"Normal larvae",16,"",""
"Normal larvae (%)",3,"",""
"Number of embryos per egg (16-cell stage)",2,"",""
"Number of settled recruits",1,"",""
"Partially metamorphosed larvae",2,"",""
"Pluteus development rate",5,"",""
"Pluteus larvae",2,"",""
"Saggitae diameter at hatch",5,"",""
"Settlement",29,"",""
"Settlement (%)",2,"",""
"Symmetry (ratio)",2,"",""
"Time to embryonic movement",2,"",""
"Time to eyespot development",1,"",""
"Time to hatch",5,"",""
"Time to protoconch formation",2,"",""
"Time to reach 2 cell stage (h)",1,"",""
"Yield advanced two-arm plutei (%)",8,"",""
"developmental success",10,"",""
"growth rate",1,"",""
"hatching length",4,"",""
"total anormalities",3,"",""
