X,Y,Upper,Lower
2.6000000000000227,-0.07994749025124412,0.01954199019166769,-0.17943697069415593
49.86666666666669,-0.08427674483895835,0.01378515976886066,-0.18233864944677736
97.13333333333335,-0.08860599942667258,0.008088677031416538,-0.18530067588476168
144.40000000000003,-0.09293525401438682,0.0024551369003438933,-0.18832564492911752
191.66666666666669,-0.09726450860210104,-0.0031128447511375584,-0.19141617245306453
238.93333333333334,-0.10159376318981528,-0.00861264770686583,-0.19457487867276474
286.20000000000005,-0.10592301777752951,-0.014041666184774773,-0.19780436937028423
333.4666666666667,-0.11025227236524374,-0.01939732969244075,-0.20110721503804674
380.73333333333335,-0.11458152695295795,-0.02467712578619473,-0.20448592811972116
428,-0.1189107815406722,-0.029878624463920714,-0.2079429386174237
475.26666666666665,-0.12324003612838641,-0.0349995038213254,-0.21148056843544744
522.5333333333333,-0.12756929071610065,-0.04003757650098502,-0.21510100493121628
569.8000000000001,-0.1318985453038149,-0.04499081636933548,-0.2188062742382943
617.0666666666667,-0.1362277998915291,-0.049857384776338776,-0.22259821500671945
664.3333333333334,-0.14055705447924333,-0.05463565569348844,-0.22647845326499821
711.6,-0.14488630906695757,-0.05932423899534105,-0.23044837913857408
758.8666666666667,-0.1492155636546718,-0.06392200115380786,-0.23450912615553576
806.1333333333333,-0.15354481824238603,-0.06842808265680081,-0.23866155382797125
853.4,-0.15787407283010024,-0.07284191154442465,-0.24290623411577583
900.6666666666666,-0.16220332741781449,-0.07716321257435407,-0.2472434422612749
947.9333333333333,-0.16653258200552873,-0.08139201167754818,-0.2516731523335093
995.2,-0.17086183659324294,-0.08552863553721939,-0.2561950376492665
1042.4666666666667,-0.17519109118095716,-0.08957370630690979,-0.2608084760550045
1089.7333333333331,-0.17952034576867137,-0.09352813166540015,-0.2655125598719426
1137,-0.18384960035638565,-0.09739309057485444,-0.27030611013791683
1184.2666666666669,-0.1881788549440999,-0.10117001525332919,-0.2751876946348706
1231.5333333333333,-0.19250810953181408,-0.10486056998520991,-0.2801556490784182
1278.8000000000002,-0.19683736411952835,-0.10846662746806705,-0.2852081007709896
1326.0666666666666,-0.20116661870724256,-0.11199024343004609,-0.290342993984439
1373.3333333333335,-0.2054958732949568,-0.11543363024968334,-0.29555811634023027
1420.6,-0.209825127882671,-0.11879913027417724,-0.3008511254911648
1467.8666666666668,-0.21415438247038526,-0.12208918946887036,-0.30621957547190015
1515.1333333333332,-0.21848363705809945,-0.12530633194735943,-0.31166094216883944
1562.4,-0.22281289164581372,-0.12845313583592005,-0.3171726474557074
1609.6666666666665,-0.2271421462335279,-0.13153221082504296,-0.32275208164201286
1656.9333333333334,-0.23147140082124218,-0.13454617766113988,-0.3283966239813445
1704.1999999999998,-0.23580065540895637,-0.13749764973789014,-0.3341036610800226
1751.4666666666667,-0.2401299099966706,-0.140389216862901,-0.3398706031304402
1798.7333333333331,-0.24445916458438482,-0.1432234312035623,-0.34569489796520736
1846,-0.24878841917209907,-0.1460027953572374,-0.3515740429869607
1893.2666666666664,-0.2531176737598133,-0.14872975244524456,-0.35750559507438207
1940.5333333333333,-0.2574469283475275,-0.1514066780967288,-0.36348717859832624
1987.8000000000002,-0.2617761829352418,-0.15403587416625547,-0.3695164917042281
2035.0666666666666,-0.266105437522956,-0.1566195640162334,-0.37559131102967863
2082.333333333333,-0.27043469211067017,-0.15915988919045512,-0.38170949503088525
2129.6,-0.27476394669838444,-0.1616589073064793,-0.3878689860902896
2176.8666666666663,-0.27909320128609866,-0.16411859100076132,-0.394067811571436
2224.133333333333,-0.2834224558738129,-0.16654082777001267,-0.4003040839776131
2271.4,-0.28775171046152714,-0.16892742056407398,-0.40657600035898034
2318.6666666666665,-0.29208096504924136,-0.17128008899868455,-0.4128818410997982
2365.9333333333334,-0.2964102196369556,-0.1736004710701619,-0.41921996820374924
2413.2,-0.30073947422466984,-0.1758901252675959,-0.4255888231817438
2460.4666666666667,-0.30506872881238406,-0.17815053299129444,-0.43198692463347366
2507.733333333333,-0.3093979834000983,-0.18038310119860668,-0.4384128656015899
2555,-0.31372723798781255,-0.18258916520969776,-0.44486531076592734
2602.2666666666664,-0.3180564925755267,-0.1847699916162751,-0.4513429935347783
2649.5333333333333,-0.322385747163241,-0.18692678124561668,-0.4578447130808653
2696.7999999999997,-0.3267150017509552,-0.18906067214054048,-0.46436933136136993
2744.0666666666666,-0.3310442563386694,-0.19117274252323108,-0.47091577015410774
2791.333333333333,-0.3353735109263837,-0.1932640137171503,-0.47748300813561706
2838.6,-0.33970276551409795,-0.19533545300669922,-0.4840700780214967
2885.8666666666663,-0.3440320201018121,-0.19738797641893416,-0.4906760637846901
2933.133333333333,-0.3483612746895264,-0.19942245141556675,-0.497300097963486
2980.3999999999996,-0.35269052927724054,-0.20143969948676696,-0.5039413590677141
3027.6666666666665,-0.3570197838649548,-0.20344049864103234,-0.5105990690888773
3074.9333333333334,-0.3613490384526691,-0.2054255857876382,-0.5172724911177
3122.2,-0.36567829304038324,-0.20739565901003115,-0.5239609270707353
3169.4666666666667,-0.3700075476280975,-0.20935137973001236,-0.5306637155261826
3216.733333333333,-0.37433680221581167,-0.21129337476374255,-0.5373802296678808
3264,-0.37866605680352594,-0.2132222382715312,-0.5441098753355207
3311.2666666666664,-0.3829953113912402,-0.21513853360408572,-0.5508520891783947
3358.5333333333333,-0.3873245659789545,-0.21704279504843535,-0.5576063369094736
3405.7999999999997,-0.39165382056666864,-0.21893552947713033,-0.5643721116562069
3453.0666666666666,-0.3959830751543829,-0.2208172179045859,-0.57114893240418
3500.333333333333,-0.4003123297420971,-0.22268831695460506,-0.5779363425295891
3547.6,-0.40464158432981134,-0.22454926024320557,-0.5847339084164171
3594.8666666666663,-0.4089708389175255,-0.22640045968089237,-0.5915412181541586
3642.133333333333,-0.4133000935052398,-0.2282423066984963,-0.5983578803119832
3689.3999999999996,-0.41762934809295404,-0.23007517340062345,-0.6051835227852846
3736.6666666666665,-0.4219586026806682,-0.23189941365066763,-0.6120177917106688
3783.933333333333,-0.4262878572683825,-0.23371536409121355,-0.6188603504455514
3831.2,-0.43061711185609675,-0.23552334510351916,-0.6257108786086744
3878.4666666666667,-0.4349463664438109,-0.23732366170962152,-0.6325690711780003
3925.733333333333,-0.4392756210315252,-0.2391166044204489,-0.6394346376426014
3973,-0.44360487561923945,-0.24090245003316338,-0.6463073012053155
4020.2666666666664,-0.4479341302069536,-0.24268146238079996,-0.6531867980331072
4067.5333333333333,-0.4522633847946679,-0.2444538930371038,-0.6600728765522319
4114.8,-0.45659263938238215,-0.24621998197931105,-0.6669652967854532
4162.066666666667,-0.4609218939700963,-0.247979958211468,-0.6738638297287246
4209.333333333334,-0.4652511485578106,-0.24973404035072932,-0.6807682567648918
4256.6,-0.46958040314552485,-0.25148243717893726,-0.6876783691121124
4303.866666666667,-0.473909657733239,-0.2532253481616433,-0.6945939673048347
4351.133333333333,-0.4782389123209533,-0.2549629639366052,-0.7015148607053013
4398.4000000000005,-0.48256816690866755,-0.2566954667736638,-0.7084408670436713
4445.666666666667,-0.4868974214963817,-0.2584230310077896,-0.7153718119849738
4492.933333333333,-0.491226676084096,-0.2601458234469745,-0.7223075287212175
4540.200000000001,-0.49555593067181025,-0.26186400375653673,-0.7292478575870838
4587.466666666667,-0.4998851852595244,-0.2635777248213125,-0.7361926456977363
4634.733333333334,-0.5042144398472387,-0.2652871330871077,-0.7431417466073696
4682,-0.5085436944349528,-0.26699236888269806,-0.7500950199872076
