row_id_alter,ES_ID,Author,Year,Species,LifeStage,Treatment,Response_Biota,Metric,Metric Type,Unit,Old_Response_category,Biota_C,Biota_T,Biota_C_sd,Biota_T_sd,N_C,N_T,Source_file,Common_ID,Study_ID,pos,Num_ID,Include,Link,Title,Country,Journal,Site,Ecosytem,Ecosystem_category,Ecosystem_type,Biota_Group,Broad_subgroup,Group,Family,Planktonic?,Latitude,Longitude,ClimaticZone,Climatic,Habitat,WildType,Development,CO2Treatment,TempTreatment,Duration,Replication unit,Other.moderators,C_value_CO2,CO2ppmCS.E.,CO2ppmC S.D.,pH scale,pH C,pH C S.E.,pH C S.D.,T_value_CO2,CO2ppmI S.E.,CO2ppmI S.D.,Ph I,Ph I S.E.,Ph I S.D.,Common_id,CO2_LOG,TempC,TempC S.E.,TempC S.D.,Temp_I,TempI S.E.,TempI S.D.,DiffpCO2,DiffT,Other Factor,Response_category,Level,Old_Biota_Group,ControlMeanTransformed,ControlSE,TreatmentMeanTransformed,TreatmentSE,AcclimationDays,NbTank,ei,vei,Notes,LifeStage_clean,author_key,species_key,response_key,treatment_key,Biota_C_key,Biota_T_key,Biota_C_sd_key,Biota_T_sd_key,N_C_key,N_T_key
198,NA,"Pedersen SA, Hanssen AJ",2018,Calanus finmarchicus,EMBRYO,T,developmental success,Hatching,positive,%,Survival,71.37,16.36,4.901703785419922,16.560440815388944,3,2,NA,NA,9,NA,NA,in,Already in database,NA,NA,Ecology and Evolution,NA,NA,NA,NA,NA,NA,Arthropoda,Calanidae ,NA,NA,NA,Temperate,Temperate,pelagic,YES,LARVAL,NO,YES,NA,NA,NA,474,NA,23,total,7.77,NA,0.01,514,NA,18,7.78,NA,0.01,NA,2.710963118995276,11.1,NA,0,14,NA,0,40,2.9,NA,NA,Population level,NA,71.370143,2.83,16.3599182,11.71,4,3,-1.473,0.5142,NA,EMBRYO,pedersen sa hanssen aj,calanus finmarchicus,developmental success,t,71.37,16.36,4.901704,16.560441,3,2
201,NA,"Pedersen SA, Hanssen AJ",2018,Calanus finmarchicus,EMBRYO,TpH,developmental success,Hatching,positive,%,Survival,71.37,42.74,4.901703785419922,8.1752798117251,3,3,NA,NA,9,NA,NA,in,Already in database,NA,NA,Ecology and Evolution,NA,NA,NA,NA,NA,NA,Arthropoda,Calanidae ,NA,NA,NA,Temperate,Temperate,pelagic,YES,LARVAL,YES,YES,NA,NA,NA,474,NA,25,total,7.77,NA,0.01,2065,NA,89,7.25,NA,0.02,NA,3.31492005599242,11.1,NA,0,14,NA,0,1591,2.9,NA,NA,Population level,NA,71.370143,2.83,42.7402863,4.72,4,3,-0.513,0.0138,NA,EMBRYO,pedersen sa hanssen aj,calanus finmarchicus,developmental success,tph,71.37,42.74,4.901704,8.17528,3,3
205,NA,"Pedersen SA, Hanssen AJ",2018,Calanus finmarchicus,EMBRYO,pH,developmental success,Hatching,positive,%,Survival,71.37,62.37,4.901703785419922,10.84263805538117,3,3,NA,NA,9,NA,NA,in,Already in database,NA,NA,Ecology and Evolution,NA,NA,NA,NA,NA,NA,Arthropoda,Calanidae ,NA,NA,NA,Temperate,Temperate,pelagic,YES,LARVAL,YES,NO,NA,NA,NA,474,NA,24,total,7.77,NA,0.01,2021,NA,137,7.22,NA,0.02,NA,3.305566313515304,11.1,NA,0,11.1,NA,0.1,1547,0,NA,NA,Population level,NA,71.370143,2.83,62.3721881,6.26,4,3,-0.135,0.0116,NA,EMBRYO,pedersen sa hanssen aj,calanus finmarchicus,developmental success,ph,71.37,62.37,4.901704,10.842638000000001,3,3
565,NA,"Parker LM, O’Connor WA, Byrne M, Dove M, Coleman RA, Pörtner HO, Scanes E, Virtue P, Gibbs M, Ross PM",2018,Saccostrea glomerata,EMBRYO,TpH,Lipid content,total lipid content of eggs,ambiguous,ng,Physiology,6.79,2.76,1.2470765814495914,1.195115057222525,3,3,NA,NA,40,NA,NA,in,Already in database,NA,NA,Proceedings of the Royal Society B,NA,NA,NA,NA,NA,NA,Mollusca,Ostreidae,NA,NA,NA,Subtropical,Subtropical,pelagic,YES,LARVAL,YES,YES,NA,NA,NA,392,2,NA,NBS,8.1999999999999993,0,NA,855,3,NA,7.92,0,NA,NA,2.931966114728173,24,0.1,NA,28,0.1,NA,463,4,NA,NA,Individual level,NA,6.79,0.72,2.76,0.69,56,3,-0.9,0.0737,NA,EMBRYO,parker lm o connor wa byrne m dove m coleman ra p rtner ho scanes e virtue p gibbs m ross pm,saccostrea glomerata,lipid content,tph,6.79,2.76,1.247077,1.195115,3,3
568,NA,"Parker LM, O’Connor WA, Byrne M, Dove M, Coleman RA, Pörtner HO, Scanes E, Virtue P, Gibbs M, Ross PM",2018,Saccostrea glomerata,EMBRYO,T,Lipid content,total lipid content of eggs,ambiguous,ng,Physiology,6.79,4.48,1.2470765814495914,0.5888972745734183,3,3,NA,NA,40,NA,NA,in,Already in database,NA,NA,Proceedings of the Royal Society B,NA,NA,NA,NA,NA,NA,Mollusca,Ostreidae,NA,NA,NA,Subtropical,Subtropical,pelagic,YES,LARVAL,NO,YES,NA,NA,NA,392,2,NA,NBS,8.1999999999999993,0,NA,393,4,NA,8.1999999999999993,0,NA,NA,2.5943925503754266,24,0.1,NA,28,0.1,NA,1,4,NA,NA,Individual level,NA,6.79,0.72,4.48,0.34,56,3,-0.416,0.017,NA,EMBRYO,parker lm o connor wa byrne m dove m coleman ra p rtner ho scanes e virtue p gibbs m ross pm,saccostrea glomerata,lipid content,t,6.79,4.48,1.247077,0.588897,3,3
570,NA,"Parker LM, O’Connor WA, Byrne M, Dove M, Coleman RA, Pörtner HO, Scanes E, Virtue P, Gibbs M, Ross PM",2018,Saccostrea glomerata,EMBRYO,pH,Lipid content,total lipid content of eggs,ambiguous,ng,Physiology,6.79,6.14,1.2470765814495914,1.749371315644566,3,3,NA,NA,40,NA,NA,in,Already in database,NA,NA,Proceedings of the Royal Society B,NA,NA,NA,NA,NA,NA,Mollusca,Ostreidae,NA,NA,NA,Subtropical,Subtropical,pelagic,YES,LARVAL,YES,NO,NA,NA,NA,392,2,NA,NBS,8.1999999999999993,0,NA,856,5,NA,7.91,0,NA,NA,2.932473764677153,24,0.1,NA,24,0.1,NA,464,0,NA,NA,Individual level,NA,6.79,0.72,6.14,1.01,56,3,-0.101,0.0383,NA,EMBRYO,parker lm o connor wa byrne m dove m coleman ra p rtner ho scanes e virtue p gibbs m ross pm,saccostrea glomerata,lipid content,ph,6.79,6.14,1.247077,1.749371,3,3
571,NA,"Parker LM, O’Connor WA, Byrne M, Dove M, Coleman RA, Pörtner HO, Scanes E, Virtue P, Gibbs M, Ross PM",2018,Saccostrea glomerata,EMBRYO,TpH,Egg size,egg diameter,ambiguous,μm,Growth,50.92,47.44,0.6754998149518622,0.17320508075688773,3,3,NA,NA,40,NA,NA,in,Already in database,NA,NA,Proceedings of the Royal Society B,NA,NA,NA,NA,NA,NA,Mollusca,Ostreidae,NA,NA,NA,Subtropical,Subtropical,pelagic,YES,LARVAL,YES,YES,NA,NA,NA,392,2,NA,NBS,8.1999999999999993,0,NA,855,3,NA,7.92,0,NA,NA,2.931966114728173,24,0.1,NA,28,0.1,NA,463,4,NA,NA,Individual level,NA,50.92,0.39,47.44,0.1,56,3,-0.071,1e-4,NA,EMBRYO,parker lm o connor wa byrne m dove m coleman ra p rtner ho scanes e virtue p gibbs m ross pm,saccostrea glomerata,egg size,tph,50.92,47.44,0.6755,0.173205,3,3
574,NA,"Parker LM, O’Connor WA, Byrne M, Dove M, Coleman RA, Pörtner HO, Scanes E, Virtue P, Gibbs M, Ross PM",2018,Saccostrea glomerata,EMBRYO,T,Egg size,egg diameter,ambiguous,μm,Growth,50.92,48.06,0.6754998149518622,0.9179869280115049,3,3,NA,NA,40,NA,NA,in,Already in database,NA,NA,Proceedings of the Royal Society B,NA,NA,NA,NA,NA,NA,Mollusca,Ostreidae,NA,NA,NA,Subtropical,Subtropical,pelagic,YES,LARVAL,NO,YES,NA,NA,NA,392,2,NA,NBS,8.1999999999999993,0,NA,393,4,NA,8.1999999999999993,0,NA,NA,2.5943925503754266,24,0.1,NA,28,0.1,NA,1,4,NA,NA,Individual level,NA,50.92,0.39,48.06,0.53,56,3,-0.058,2e-4,NA,EMBRYO,parker lm o connor wa byrne m dove m coleman ra p rtner ho scanes e virtue p gibbs m ross pm,saccostrea glomerata,egg size,t,50.92,48.06,0.6755,0.917987,3,3
579,NA,"Parker LM, O’Connor WA, Byrne M, Dove M, Coleman RA, Pörtner HO, Scanes E, Virtue P, Gibbs M, Ross PM",2018,Saccostrea glomerata,EMBRYO,pH,Egg size,egg diameter,ambiguous,μm,Growth,50.92,49.71,0.6754998149518622,0.7794228634059948,3,3,NA,NA,40,NA,NA,in,Already in database,NA,NA,Proceedings of the Royal Society B,NA,NA,NA,NA,NA,NA,Mollusca,Ostreidae,NA,NA,NA,Subtropical,Subtropical,pelagic,YES,LARVAL,YES,NO,NA,NA,NA,392,2,NA,NBS,8.1999999999999993,0,NA,856,5,NA,7.91,0,NA,NA,2.932473764677153,24,0.1,NA,24,0.1,NA,464,0,NA,NA,Individual level,NA,50.92,0.39,49.71,0.45,56,3,-0.024,1e-4,NA,EMBRYO,parker lm o connor wa byrne m dove m coleman ra p rtner ho scanes e virtue p gibbs m ross pm,saccostrea glomerata,egg size,ph,50.92,49.71,0.6755,0.779423,3,3
982,NA,"Byrne M, Gonzalez-Bernat M, Doo S, Foo S, Soars N, Lamare M",2013,Patiriella regularis,EMBRYO,TpH,Survival,Mortality,positive,%,Survival,35.13,43.71,3.75,3.75,9,9,NA,NA,62,NA,NA,in,Not yet,NA,NA,Marine Ecology Progress Series,NA,NA,NA,NA,NA,NA,Echinodermata,Asterinidae ,N,NA,NA,Temperate,Temperate,pelagic,YES,LARVAL,YES,YES,NA,NA,NA,423,2,NA,NIST,8.15,NA,NA,1076,4,NA,7.8,NA,NA,NA,3.0318122713303706,19,NA,NA,21,NA,NA,653,2,NA,NA,Population level,NA,64.87,1.25,56.29,1.25,1,6,-0.142,9e-4,NA,EMBRYO,byrne m gonzalez bernat m doo s foo s soars n lamare m,patiriella regularis,survival,tph,35.13,43.71,3.75,3.75,9,9
988,NA,"Byrne M, Gonzalez-Bernat M, Doo S, Foo S, Soars N, Lamare M",2013,Patiriella regularis,EMBRYO,T,Survival,Mortality,positive,%,Survival,35.13,41.08,3.75,9.540000000000001,9,9,NA,NA,62,NA,NA,in,Not yet,NA,NA,Marine Ecology Progress Series,NA,NA,NA,NA,NA,NA,Echinodermata,Asterinidae ,N,NA,NA,Temperate,Temperate,pelagic,YES,LARVAL,NO,YES,NA,NA,NA,423,2,NA,NIST,8.15,NA,NA,427,2,NA,8.15,NA,NA,NA,2.630427875025024,19,NA,NA,21,NA,NA,4,2,NA,NA,Population level,NA,64.87,1.25,58.92,3.18,1,6,-0.096,0.0033,NA,EMBRYO,byrne m gonzalez bernat m doo s foo s soars n lamare m,patiriella regularis,survival,t,35.13,41.08,3.75,9.54,9,9
990,NA,"Byrne M, Gonzalez-Bernat M, Doo S, Foo S, Soars N, Lamare M",2013,Patiriella regularis,EMBRYO,pH,Survival,Mortality,positive,%,Survival,35.13,40.67,3.75,7.5600000000000005,9,9,NA,NA,62,NA,NA,in,Not yet,NA,NA,Marine Ecology Progress Series,NA,NA,NA,NA,NA,NA,Echinodermata,Asterinidae ,N,NA,NA,Temperate,Temperate,pelagic,YES,LARVAL,YES,NO,NA,NA,NA,423,2,NA,NIST,8.15,NA,NA,1058,4,NA,7.8,NA,NA,NA,3.024485667699167,19,NA,NA,19,NA,NA,635,0,NA,NA,Population level,NA,64.87,1.25,59.33,2.52,1,6,-0.089,0.0022,NA,EMBRYO,byrne m gonzalez bernat m doo s foo s soars n lamare m,patiriella regularis,survival,ph,35.13,40.67,3.75,7.56,9,9
1273,NA,"Garcia E, Hernandez JC, Clemente S",2018,Sphaerechinus granularis,EMBRYO,TpH,Fertilization,Fertilization,positive,%,Reproduction,98.48,1.52,7.101408311032396,6.599113576837422,3,3,NA,NA,89,NA,NA,in,Not yet,NA,NA,Marine Environmental research,NA,NA,NA,NA,NA,NA,Echinodermata,Toxopneustidae,N,NA,NA,Subtropical,Subtropical,pelagic,YES,LARVAL,YES,YES,NA,NA,NA,489,NA,NA,NA,8.06,NA,0.04,2829,NA,NA,7.4,NA,0.03,NA,3.4516329474569907,19.3,NA,0.1,25.1,NA,0.3,2340,5.8,NA,NA,Population level,NA,98.477157,4.1,1.5228426,3.81,0,12,-4.169,6.261,NA,EMBRYO,garcia e hernandez jc clemente s,sphaerechinus granularis,fertilization,tph,98.48,1.52,7.101408,6.599114,3,3
1274,NA,"Garcia E, Hernandez JC, Clemente S",2018,Diadema africanum,EMBRYO,TpH,Fertilization,Fertilization,positive,%,Reproduction,15.97,0.42,1.2470765814495914,0.4156921938165305,3,3,NA,NA,89,NA,NA,in,Not yet,NA,NA,Marine Environmental research,NA,NA,NA,NA,NA,NA,Echinodermata,Diadematidae,N,NA,NA,Subtropical,Subtropical,pelagic,YES,LARVAL,YES,YES,NA,NA,NA,574,NA,NA,NA,8.06,NA,0.03,2722,NA,NA,7.4,NA,0.03,NA,3.434888120867316,23,NA,0.2,25.1,NA,0.2,2148,2.1,NA,NA,Population level,NA,15.9722222,0.72,0.4166667,0.24,0,12,-3.646,0.3354,NA,EMBRYO,garcia e hernandez jc clemente s,diadema africanum,fertilization,tph,15.97,0.42,1.247077,0.415692,3,3
1275,NA,"Garcia E, Hernandez JC, Clemente S",2018,Diadema africanum,EMBRYO,pH,Fertilization,Fertilization,positive,%,Reproduction,15.97,0.97,1.2470765814495914,0.5542562584220407,3,3,NA,NA,89,NA,NA,in,Not yet,NA,NA,Marine Environmental research,NA,NA,NA,NA,NA,NA,Echinodermata,Diadematidae,N,NA,NA,Subtropical,Subtropical,pelagic,YES,LARVAL,YES,NO,NA,NA,NA,574,NA,NA,NA,8.06,NA,0.03,2416,NA,NA,7.44,NA,0.03,NA,3.3830969299490943,23,NA,0.2,23,NA,0.1,1842,0,NA,NA,Population level,NA,15.9722222,0.72,0.9722222,0.32,0,12,-2.799,0.1109,NA,EMBRYO,garcia e hernandez jc clemente s,diadema africanum,fertilization,ph,15.97,0.97,1.247077,0.554256,3,3
1276,NA,"Garcia E, Hernandez JC, Clemente S",2018,Diadema africanum,EMBRYO,pH,Fertilization,Fertilization,positive,%,Reproduction,15.97,1.94,1.2470765814495914,0.9699484522385713,3,3,NA,NA,89,NA,NA,in,Not yet,NA,NA,Marine Environmental research,NA,NA,NA,NA,NA,NA,Echinodermata,Diadematidae,N,NA,NA,Subtropical,Subtropical,pelagic,YES,LARVAL,YES,NO,NA,NA,NA,574,NA,NA,NA,8.06,NA,0.03,1203,NA,NA,7.74,NA,0.02,NA,3.0802656273398448,23,NA,0.2,23.1,NA,0.2,629,0,NA,NA,Population level,NA,15.9722222,0.72,1.9444444,0.56,0,12,-2.106,0.0854,NA,EMBRYO,garcia e hernandez jc clemente s,diadema africanum,fertilization,ph,15.97,1.94,1.247077,0.969948,3,3
1277,NA,"Garcia E, Hernandez JC, Clemente S",2018,Sphaerechinus granularis,EMBRYO,T,Fertilization,Fertilization,positive,%,Reproduction,98.48,20.81,7.101408311032396,7.62102355330306,3,3,NA,NA,89,NA,NA,in,Not yet,NA,NA,Marine Environmental research,NA,NA,NA,NA,NA,NA,Echinodermata,Toxopneustidae,N,NA,NA,Subtropical,Subtropical,pelagic,YES,LARVAL,NO,YES,NA,NA,NA,489,NA,NA,NA,8.06,NA,0.04,593,NA,NA,8.02,NA,0.03,NA,2.7730546933642626,19.3,NA,0.1,25.2,NA,0,104,5.9,NA,NA,Population level,NA,98.477157,4.1,20.8121827,4.4,0,12,-1.554,0.0464,NA,EMBRYO,garcia e hernandez jc clemente s,sphaerechinus granularis,fertilization,t,98.48,20.81,7.101408,7.621024,3,3
1278,NA,"Garcia E, Hernandez JC, Clemente S",2018,Sphaerechinus granularis,EMBRYO,TpH,Fertilization,Fertilization,positive,%,Reproduction,98.48,23.35,7.101408311032396,7.62102355330306,3,3,NA,NA,89,NA,NA,in,Not yet,NA,NA,Marine Environmental research,NA,NA,NA,NA,NA,NA,Echinodermata,Toxopneustidae,N,NA,NA,Subtropical,Subtropical,pelagic,YES,LARVAL,YES,YES,NA,NA,NA,489,NA,NA,NA,8.06,NA,0.04,1400,NA,NA,7.69,NA,0.04,NA,3.146128035678238,19.3,NA,0.1,25.2,NA,0.1,911,6,NA,NA,Population level,NA,98.477157,4.1,23.3502538,4.4,0,12,-1.439,0.0372,NA,EMBRYO,garcia e hernandez jc clemente s,sphaerechinus granularis,fertilization,tph,98.48,23.35,7.101408,7.621024,3,3
1279,NA,"Garcia E, Hernandez JC, Clemente S",2018,Diadema africanum,EMBRYO,TpH,Fertilization,Fertilization,positive,%,Reproduction,15.97,4.44,1.2470765814495914,0.831384387633061,3,3,NA,NA,89,NA,NA,in,Not yet,NA,NA,Marine Environmental research,NA,NA,NA,NA,NA,NA,Echinodermata,Diadematidae,N,NA,NA,Subtropical,Subtropical,pelagic,YES,LARVAL,YES,YES,NA,NA,NA,574,NA,NA,NA,8.06,NA,0.03,1486,NA,NA,7.67,NA,0.05,NA,3.1720188094245563,23,NA,0.2,25.2,NA,0.1,912,2.1,NA,NA,Population level,NA,15.9722222,0.72,4.4444444,0.48,0,12,-1.279,0.0138,NA,EMBRYO,garcia e hernandez jc clemente s,diadema africanum,fertilization,tph,15.97,4.44,1.247077,0.831384,3,3
1280,NA,"Garcia E, Hernandez JC, Clemente S",2018,Sphaerechinus granularis,EMBRYO,T,Fertilization,Fertilization,positive,%,Reproduction,98.48,61.93,7.101408311032396,6.599113576837422,3,3,NA,NA,89,NA,NA,in,Not yet,NA,NA,Marine Environmental research,NA,NA,NA,NA,NA,NA,Echinodermata,Toxopneustidae,N,NA,NA,Subtropical,Subtropical,pelagic,YES,LARVAL,NO,YES,NA,NA,NA,489,NA,NA,NA,8.06,NA,0.04,518,NA,NA,8.06,NA,0.05,NA,2.714329759745233,19.3,NA,0.1,22.9,NA,0.1,29,3.7,NA,NA,Population level,NA,98.477157,4.1,61.928934,3.81,0,12,-0.464,0.0055,NA,EMBRYO,garcia e hernandez jc clemente s,sphaerechinus granularis,fertilization,t,98.48,61.93,7.101408,6.599114,3,3
1354,NA,"Garcia E, Clemente S, Hernandez JC",2015,Paracentrotus lividus,LARVA,pH,Settlement,Settlement,positive,%,Development,5.74,0,2.32379000772445,5.6932855189249025,135,135,NA,NA,23,NA,NA,out,NA,NA,NA,Marine Environmental Research,NA,NA,Marine,NA,Zooplankton,Meroplankton,Echinodermata,Parechinidae,NA,NA,NA,Temperate,Temperate,benthic,YES,LARVAL,YES,NO,NA,NA,NA,346,NA,NA,NBS,8.06,NA,0.04,1826,NA,NA,7.4,NA,0.05,NA,3.2615007731982804,18.8,NA,0.1,18.9,NA,0.1,1479,0,NA,Development,Population level,NA,5.74,0.2,0.0574,0.49,34,3,-4.605,74.0753,NA,LARVA,garcia e clemente s hernandez jc,paracentrotus lividus,settlement,ph,5.74,0,2.32379,5.693286,135,135
1355,NA,"Garcia E, Clemente S, Hernandez JC",2015,Paracentrotus lividus,LARVA,TpH,Settlement,Settlement,positive,%,Development,5.74,0,2.32379000772445,5.6932855189249025,135,135,NA,NA,23,NA,NA,out,NA,NA,NA,Marine Environmental Research,NA,NA,Marine,NA,Zooplankton,Meroplankton,Echinodermata,Parechinidae,NA,NA,NA,Temperate,Temperate,benthic,YES,LARVAL,YES,YES,NA,NA,NA,346,NA,NA,NBS,8.06,NA,0.04,1874,NA,NA,7.4,NA,0.04,NA,3.2727695865517594,18.8,NA,0.1,22.4,NA,0.3,1528,4,NA,Development,Population level,NA,5.74,0.2,0.0574,0.49,34,3,-4.605,74.0753,NA,LARVA,garcia e clemente s hernandez jc,paracentrotus lividus,settlement,tph,5.74,0,2.32379,5.693286,135,135
1516,NA,"Schutter M, Nozawa Y, Kurihara H",2015,Platygyra contorta,EMBRYO,T,Normal,abnormalities,positive,%,Development,3.68,100.25,1.2298373876248845,2.23606797749979,5,5,NA,NA,51,NA,NA,out,Not yet,NA,NA,Journal of Marine Science and Engineering,NA,NA,Marine,NA,Zooplankton,Meroplankton,Cnidaria,Merulinidae,Y,NA,NA,Subtropical,Subtropical,pelagic,YES,LARVAL,NO,YES,NA,NA,CO2 and pH values from start of the experiment used (does vary a lot to end of experiment),550,NA,7,NBS,8.06,NA,0,558,NA,0,8.06,NA,0,NA,2.7466341989375787,27,NA,0.2,31,NA,0.2,8,4,location Kochi,Reproduction,Population level,NA,96.323529,0.55,0,1,0,5,NA,NA,NA,EMBRYO,schutter m nozawa y kurihara h,platygyra contorta,normal,t,3.68,100.25,1.229837,2.236068,5,5
1517,NA,"Rivest EB, Chen CS, Fan TY, Li HH, Hofmann GE",2017,Pocillopora damicornis,LARVA,T,Length,length (change after 1 day),positive,mm,Growth,-0.05,0.06,0.17888543819998318,0.223606797749979,20,20,NA,NA,52,NA,NA,out,NA,NA,NA,Proceedings of the Royal Society B,NA,NA,Marine,NA,Zooplankton,Meroplankton,Cnidaria,Pocilloporidae,NA,NA,NA,"Tropical, Indo-Pacific, Great Barrier Reef",Tropical,pelagic,YES,LARVAL,NO,YES,NA,NA,out because positive and negative value,459,4,NA,total,8,0,NA,496,9,NA,7.97,0.01,NA,NA,2.6954816764901977,28,0.1,NA,30.6,0.1,NA,37,3,Moorea,Reproduction,Individual level,NA,0.04814,0.04,0.1531729,0.05,1,2,NA,0.6374,NA,LARVA,rivest eb chen cs fan ty li hh hofmann ge,pocillopora damicornis,length,t,-0.05,0.06,0.178885,0.223607,20,20
1518,NA,"Rivest EB, Chen CS, Fan TY, Li HH, Hofmann GE",2017,Pocillopora damicornis,LARVA,TpH,Length,length (change after 1 day),positive,mm,Growth,-0.05,0.02,0.17888543819998318,0.08944271909999159,20,20,NA,NA,52,NA,NA,out,NA,NA,NA,Proceedings of the Royal Society B,NA,NA,Marine,NA,Zooplankton,Meroplankton,Cnidaria,Pocilloporidae,NA,NA,NA,"Tropical, Indo-Pacific, Great Barrier Reef",Tropical,pelagic,YES,LARVAL,YES,YES,NA,NA,out because positive and negative value,459,4,NA,total,8,0,NA,1068,33,NA,7.69,0.01,NA,NA,3.0285712526925375,28,0.1,NA,30.8,0.2,NA,609,3,Moorea,Reproduction,Individual level,NA,0.04814,0.04,0.1190372,0.02,1,2,NA,0.5861,NA,LARVA,rivest eb chen cs fan ty li hh hofmann ge,pocillopora damicornis,length,tph,-0.05,0.02,0.178885,0.089443,20,20
1519,NA,"Rivest EB, Chen CS, Fan TY, Li HH, Hofmann GE",2017,Pocillopora damicornis,LARVA,pH,Symbiont density,Symbiont density (change after 1 d),ambiguous,x10^3 cells larva^-1,Physiology,0.02,-1.62,1.72,1.44,4,4,NA,NA,52,NA,NA,out,NA,NA,NA,Proceedings of the Royal Society B,NA,NA,Marine,NA,Zooplankton,Meroplankton,Cnidaria,Pocilloporidae,NA,NA,NA,"Tropical, Indo-Pacific, Great Barrier Reef",Tropical,pelagic,YES,LARVAL,YES,NO,NA,NA,out because positive and negative value,459,4,NA,total,8,0,NA,1002,22,NA,7.72,0.01,NA,NA,3.0008677215312267,28,0.1,NA,28.1,0.2,NA,543,0,Moorea,Reproduction,Individual level,NA,3.25,0.86,1.6160714,0.72,1,2,NA,0.2698,NA,LARVA,rivest eb chen cs fan ty li hh hofmann ge,pocillopora damicornis,symbiont density,ph,0.02,-1.62,1.72,1.44,4,4
1520,NA,"Rivest EB, Chen CS, Fan TY, Li HH, Hofmann GE",2017,Pocillopora damicornis,LARVA,T,Symbiont density,Symbiont density (change after 1 d),ambiguous,x10^3 cells larva^-1,Physiology,0.02,-1.32,1.72,2.08,4,4,NA,NA,52,NA,NA,out,NA,NA,NA,Proceedings of the Royal Society B,NA,NA,Marine,NA,Zooplankton,Meroplankton,Cnidaria,Pocilloporidae,NA,NA,NA,"Tropical, Indo-Pacific, Great Barrier Reef",Tropical,pelagic,YES,LARVAL,NO,YES,NA,NA,out because positive and negative value,459,4,NA,total,8,0,NA,496,9,NA,7.97,0.01,NA,NA,2.6954816764901977,28,0.1,NA,30.6,0.1,NA,37,3,Moorea,Reproduction,Individual level,NA,2.660714,0.86,1.3214286,1.04,1,2,NA,0.7287,NA,LARVA,rivest eb chen cs fan ty li hh hofmann ge,pocillopora damicornis,symbiont density,t,0.02,-1.32,1.72,2.08,4,4
1521,NA,"Rivest EB, Chen CS, Fan TY, Li HH, Hofmann GE",2017,Pocillopora damicornis,LARVA,TpH,Symbiont density,Symbiont density (change after 1 d),ambiguous,x10^3 cells larva^-1,Physiology,0.02,-2.31,1.72,1.4,4,4,NA,NA,52,NA,NA,out,NA,NA,NA,Proceedings of the Royal Society B,NA,NA,Marine,NA,Zooplankton,Meroplankton,Cnidaria,Pocilloporidae,NA,NA,NA,"Tropical, Indo-Pacific, Great Barrier Reef",Tropical,pelagic,YES,LARVAL,YES,YES,NA,NA,out because positive and negative value,459,4,NA,total,8,0,NA,1068,33,NA,7.69,0.01,NA,NA,3.0285712526925375,28,0.1,NA,30.8,0.2,NA,609,3,Moorea,Reproduction,Individual level,NA,4.642857,0.86,2.3125,0.7,1,2,NA,0.1248,NA,LARVA,rivest eb chen cs fan ty li hh hofmann ge,pocillopora damicornis,symbiont density,tph,0.02,-2.31,1.72,1.4,4,4
1522,NA,"Rivest EB, Chen CS, Fan TY, Li HH, Hofmann GE",2017,Pocillopora damicornis,LARVA,T,Symbiont density,Symbiont density (change after 1 d),ambiguous,x10^3 cells larva^-1,Physiology,-1.24,1.95,4.66,7.56,4,4,NA,NA,52,NA,NA,out,NA,NA,NA,Proceedings of the Royal Society B,NA,NA,Marine,NA,Zooplankton,Meroplankton,Cnidaria,Pocilloporidae,NA,NA,NA,"Tropical, Indo-Pacific, Great Barrier Reef",Tropical,pelagic,YES,LARVAL,NO,YES,NA,NA,out because positive and negative value,494,9,NA,total,7.97,0.01,NA,487,9,NA,7.98,0.01,NA,NA,2.6875289612146345,27.8,0.2,NA,30.5,0.1,NA,-7,3,Taiwan,Reproduction,Individual level,NA,1.241071,2.33,4.4285714,3.78,1,2,NA,4.2531,NA,LARVA,rivest eb chen cs fan ty li hh hofmann ge,pocillopora damicornis,symbiont density,t,-1.24,1.95,4.66,7.56,4,4
1523,NA,"Rivest EB, Chen CS, Fan TY, Li HH, Hofmann GE",2017,Pocillopora damicornis,LARVA,TpH,Protein content,Total protein (change after 1 d),ambiguous,µg larva^-1,Physiology,0.83,-1.81,6.32,7.72,4,4,NA,NA,52,NA,NA,out,NA,NA,NA,Proceedings of the Royal Society B,NA,NA,Marine,NA,Zooplankton,Meroplankton,Cnidaria,Pocilloporidae,NA,NA,NA,"Tropical, Indo-Pacific, Great Barrier Reef",Tropical,pelagic,YES,LARVAL,YES,YES,NA,NA,out because positive and negative value,494,9,NA,total,7.97,0.01,NA,900,9,NA,7.75,0,NA,NA,2.9542425094393248,27.8,0.2,NA,30.4,0,NA,406,3,Taiwan,Reproduction,Individual level,NA,4.447818,3.16,1.8064516,3.86,1,2,NA,5.0598,NA,LARVA,rivest eb chen cs fan ty li hh hofmann ge,pocillopora damicornis,protein content,tph,0.83,-1.81,6.32,7.72,4,4
1524,NA,"Rivest EB, Chen CS, Fan TY, Li HH, Hofmann GE",2017,Pocillopora damicornis,LARVA,T,Protein content,Total protein (change after 1 d),ambiguous,µg larva^-1,Physiology,0.83,-1.14,6.32,4.06,4,4,NA,NA,52,NA,NA,out,NA,NA,NA,Proceedings of the Royal Society B,NA,NA,Marine,NA,Zooplankton,Meroplankton,Cnidaria,Pocilloporidae,NA,NA,NA,"Tropical, Indo-Pacific, Great Barrier Reef",Tropical,pelagic,YES,LARVAL,NO,YES,NA,NA,out because positive and negative value,494,9,NA,total,7.97,0.01,NA,487,9,NA,7.98,0.01,NA,NA,2.6875289612146345,27.8,0.2,NA,30.5,0.1,NA,-7,3,Taiwan,Reproduction,Individual level,NA,3.111954,3.16,1.1385199,2.03,1,2,NA,4.2217,NA,LARVA,rivest eb chen cs fan ty li hh hofmann ge,pocillopora damicornis,protein content,t,0.83,-1.14,6.32,4.06,4,4
1719,NA,"Pitts KA, Campbell JE, Figueiredo J, Fogarty ND",2020,Orbicella faveolata,POSTLARVA,T,Settlement,settlement,positive,%,Development,18.3,0,1.212435565298214,0,3,3,NA,NA,74,NA,NA,out,NA,NA,NA,Coral reefs,NA,NA,Marine,NA,Zooplankton,Meroplankton,Cnidaria,Merulinidae,NA,NA,NA,"Tropical, Indo-Pacific, Great Barrier Reef",Tropical,benthic,YES,LARVAL,NO,YES,NA,NA,0 in AS and AT as no individuals settled,419,NA,NA,NBS,8.15,NA,NA,415,NA,NA,8.16,NA,NA,NA,2.6180480967120925,28.3,NA,NA,29.9,NA,NA,-4,2,NA,Reproduction,Population level,NA,18.3,0.7,0.183,0,7,3,-4.605,0.0015,NA,POSTLARVA,pitts ka campbell je figueiredo j fogarty nd,orbicella faveolata,settlement,t,18.3,0,1.212436,0,3,3
1780,NA,"Gianguzza P, Visconti G, Gianguzza F, Vizzini S, Sara G, Dupont S",2014,Arbacia lixula,EMBRYO,T,Survival,Mortality,positive,%,Survival,11.14,37.65,20.64919853166219,37.62416244914961,6,6,NA,NA,197,NA,NA,in,NA,NA,NA,Marine Environmental Research,NA,NA,NA,NA,NA,NA,Echinodermata,Arbaciidae,Y,NA,NA,"Eastern Atlantic, Western Mediterranean",Temperate,pelagic,YES,LARVAL,NO,YES,NA,NA,NA,498,NA,17,NBS,8.16,NA,0.01,518,NA,15,8.15,NA,0.01,NA,2.714329759745233,20.4,NA,0.1,24.4,NA,0,20,4.1,NA,Reproduction,Population level,NA,88.86,8.43,62.35,15.36,2,6,-0.354,0.0697,NA,EMBRYO,gianguzza p visconti g gianguzza f vizzini s sara g dupont s,arbacia lixula,survival,t,11.14,37.65,20.649199,37.624162,6,6
1781,NA,"Gianguzza P, Visconti G, Gianguzza F, Vizzini S, Sara G, Dupont S",2014,Arbacia lixula,EMBRYO,T,Fertilization,Fertilization success,positive,%,Reproduction,85.86,64.92,13.472193585307478,51.92918254700337,6,6,NA,NA,197,NA,NA,in,NA,NA,NA,Marine Environmental Research,NA,NA,NA,NA,NA,NA,Echinodermata,Arbaciidae,Y,NA,NA,"Eastern Atlantic, Western Mediterranean",Temperate,pelagic,YES,LARVAL,NO,YES,NA,NA,NA,498,NA,17,NBS,8.16,NA,0.01,518,NA,15,8.15,NA,0.01,NA,2.714329759745233,20.4,NA,0.1,24.4,NA,0,20,4.1,NA,Reproduction,Population level,NA,85.86,5.5,64.92,21.2,1,6,-0.28,0.1107,NA,EMBRYO,gianguzza p visconti g gianguzza f vizzini s sara g dupont s,arbacia lixula,fertilization,t,85.86,64.92,13.472194,51.929183,6,6
1782,NA,"Gianguzza P, Visconti G, Gianguzza F, Vizzini S, Sara G, Dupont S",2014,Arbacia lixula,EMBRYO,T,Survival,Mortality,positive,%,Survival,11.14,31.62,20.64919853166219,39.8531981150823,6,6,NA,NA,197,NA,NA,in,NA,NA,NA,Marine Environmental Research,NA,NA,NA,NA,NA,NA,Echinodermata,Arbaciidae,Y,NA,NA,"Eastern Atlantic, Western Mediterranean",Temperate,pelagic,YES,LARVAL,NO,YES,NA,NA,NA,498,NA,17,NBS,8.16,NA,0.01,509,NA,17,8.16,NA,0.01,NA,2.7067177823367587,20.4,NA,0.1,26.1,NA,0.1,11,5.8,NA,Reproduction,Population level,NA,88.86,8.43,68.38,16.27,2,6,-0.262,0.0656,NA,EMBRYO,gianguzza p visconti g gianguzza f vizzini s sara g dupont s,arbacia lixula,survival,t,11.14,31.62,20.649199,39.853198,6,6
1783,NA,"Gianguzza P, Visconti G, Gianguzza F, Vizzini S, Sara G, Dupont S",2014,Arbacia lixula,EMBRYO,TpH,Fertilization,Fertilization success,positive,%,Reproduction,85.86,70.94,13.472193585307478,17.317892481477067,6,6,NA,NA,197,NA,NA,in,NA,NA,NA,Marine Environmental Research,NA,NA,NA,NA,NA,NA,Echinodermata,Arbaciidae,Y,NA,NA,"Eastern Atlantic, Western Mediterranean",Temperate,pelagic,YES,LARVAL,YES,YES,NA,NA,NA,498,NA,17,NBS,8.16,NA,0.01,1166,NA,76,7.86,NA,0.02,NA,3.0666985504229953,20.4,NA,0.1,24.5,NA,0.1,668,4.2,NA,Reproduction,Population level,NA,85.86,5.5,70.94,7.07,1,6,-0.191,0.014,NA,EMBRYO,gianguzza p visconti g gianguzza f vizzini s sara g dupont s,arbacia lixula,fertilization,tph,85.86,70.94,13.472194,17.317892,6,6
1784,NA,"Gianguzza P, Visconti G, Gianguzza F, Vizzini S, Sara G, Dupont S",2014,Arbacia lixula,EMBRYO,pH,Fertilization,Fertilization success,positive,%,Reproduction,85.86,86.38,13.472193585307478,21.163591377646657,6,6,NA,NA,197,NA,NA,in,NA,NA,NA,Marine Environmental Research,NA,NA,NA,NA,NA,NA,Echinodermata,Arbaciidae,Y,NA,NA,"Eastern Atlantic, Western Mediterranean",Temperate,pelagic,YES,LARVAL,YES,NO,NA,NA,NA,498,NA,17,NBS,8.16,NA,0.01,1001,NA,27,7.89,NA,0.01,NA,3.000434077479319,20.4,NA,0.1,20.3,NA,0,503,-0.1,NA,Reproduction,Population level,NA,85.86,5.5,86.38,8.64,1,6,0.006,0.0141,NA,EMBRYO,gianguzza p visconti g gianguzza f vizzini s sara g dupont s,arbacia lixula,fertilization,ph,85.86,86.38,13.472194,21.163591,6,6
1785,NA,"Gianguzza P, Visconti G, Gianguzza F, Vizzini S, Sara G, Dupont S",2014,Arbacia lixula,EMBRYO,TpH,Fertilization,Fertilization success,positive,%,Reproduction,85.86,0,13.472193585307478,0,6,6,NA,NA,197,NA,NA,out,NA,NA,NA,Marine Environmental Research,NA,NA,NA,NA,NA,NA,Echinodermata,Arbaciidae,Y,NA,NA,"Eastern Atlantic, Western Mediterranean",Temperate,pelagic,YES,LARVAL,YES,YES,NA,NA,0s as non fertilized,498,NA,17,NBS,8.16,NA,0.01,1264,NA,87,7.83,NA,0.03,NA,3.1017470739463664,20.4,NA,0.1,27.2,NA,0.1,766,7,NA,Reproduction,Population level,NA,85.86,5.5,0,0,1,6,NA,1e-4,NA,EMBRYO,gianguzza p visconti g gianguzza f vizzini s sara g dupont s,arbacia lixula,fertilization,tph,85.86,0,13.472194,0,6,6
1786,NA,"Gianguzza P, Visconti G, Gianguzza F, Vizzini S, Sara G, Dupont S",2014,Arbacia lixula,EMBRYO,T,Survival,Mortality,positive,%,Survival,11.14,100,20.64919853166219,0,6,6,NA,NA,197,NA,NA,out,NA,NA,NA,Marine Environmental Research,NA,NA,NA,NA,NA,NA,Echinodermata,Arbaciidae,Y,NA,NA,"Eastern Atlantic, Western Mediterranean",Temperate,pelagic,YES,LARVAL,NO,YES,NA,NA,0s as all died,498,NA,17,NBS,8.16,NA,0.01,544,NA,15,8.14,NA,0.01,NA,2.73559889969818,20.4,NA,0.1,26.9,NA,0.1,46,7,NA,Reproduction,Population level,NA,88.86,8.43,0,0,2,6,NA,NA,NA,EMBRYO,gianguzza p visconti g gianguzza f vizzini s sara g dupont s,arbacia lixula,survival,t,11.14,100,20.649199,0,6,6
1787,NA,"Gianguzza P, Visconti G, Gianguzza F, Vizzini S, Sara G, Dupont S",2014,Arbacia lixula,EMBRYO,TpH,Survival,Mortality,positive,%,Survival,11.14,100,20.64919853166219,0,6,6,NA,NA,197,NA,NA,out,NA,NA,NA,Marine Environmental Research,NA,NA,NA,NA,NA,NA,Echinodermata,Arbaciidae,Y,NA,NA,"Eastern Atlantic, Western Mediterranean",Temperate,pelagic,YES,LARVAL,YES,YES,NA,NA,0s as all died,498,NA,17,NBS,8.16,NA,0.01,1264,NA,87,7.83,NA,0.03,NA,3.1017470739463664,20.4,NA,0.1,27.2,NA,0.1,766,7,NA,Reproduction,Population level,NA,88.86,8.43,0,0,2,6,NA,1e-4,NA,EMBRYO,gianguzza p visconti g gianguzza f vizzini s sara g dupont s,arbacia lixula,survival,tph,11.14,100,20.649199,0,6,6
1829,NA,"Karelitz SE, Uthicke S, Foo SA, Barker MF, Byrne M, Pecorino D, Lamare MD",2017,Odontaster validus,EMBRYO,T,Normal,Normal development,positive,%,Development,96,0,1.333334,0,4,4,NA,NA,104,NA,NA,out,Not yet,NA,NA,Global change biology,NA,NA,Marine,NA,Zooplankton,Meroplankton,Echinodermata,Odontasteridae,Y,NA,NA,Polar,Polar,pelagic,YES,LARVAL,NO,YES,NA,NA,treatment value is 0 and error is 0 means no individual had normal development,413,NA,NA,NIST,8.09,NA,NA,413,NA,NA,8.1300000000000008,NA,NA,NA,2.615950051656401,-0.5,NA,NA,10.1,NA,NA,0,11,NA,Growth,Population level,NA,96,0.666667,0.96,0,4,4,-4.605,1e-4,NA,EMBRYO,karelitz se uthicke s foo sa barker mf byrne m pecorino d lamare md,odontaster validus,normal,t,96,0,1.333334,0,4,4
1830,NA,"Karelitz SE, Uthicke S, Foo SA, Barker MF, Byrne M, Pecorino D, Lamare MD",2017,Odontaster validus,EMBRYO,pH,Normal,Normal development,positive,%,Development,96,0,1.333334,0,4,4,NA,NA,104,NA,NA,out,Not yet,NA,NA,Global change biology,NA,NA,Marine,NA,Zooplankton,Meroplankton,Echinodermata,Odontasteridae,Y,NA,NA,Polar,Polar,pelagic,YES,LARVAL,YES,NO,NA,NA,treatment value is 0 and error is 0 means no individual had normal development,413,NA,NA,NIST,8.09,NA,NA,823,NA,NA,7.85,NA,NA,NA,2.91539983521227,-0.5,NA,NA,10.1,NA,NA,410,11,NA,Growth,Population level,NA,96,0.666667,0.96,0,4,4,-4.605,1e-4,NA,EMBRYO,karelitz se uthicke s foo sa barker mf byrne m pecorino d lamare md,odontaster validus,normal,ph,96,0,1.333334,0,4,4
1831,NA,"Karelitz SE, Uthicke S, Foo SA, Barker MF, Byrne M, Pecorino D, Lamare MD",2017,Arachnoides placenta,EMBRYO,T,Normal,Normal development,positive,%,Development,97.68,0,3.088804,0,4,4,NA,NA,104,NA,NA,out,Not yet,NA,NA,Global change biology,NA,NA,Marine,NA,Zooplankton,Meroplankton,Echinodermata,Clypeasteridae,Y,NA,NA,"Tropical, Indo-Pacific, Great Barrier Reef",Tropical,pelagic,YES,LARVAL,NO,YES,NA,NA,treatment value is 0 and error is 0 means no individual had normal development,565,NA,NA,NIST,8.07,NA,NA,565,NA,NA,8.08,NA,NA,NA,2.7520484478194387,25.9,NA,NA,34.8,NA,NA,0,9,NA,Development,Population level,NA,97.683398,1.544402,0.976834,0,1,4,-4.605,2e-4,NA,EMBRYO,karelitz se uthicke s foo sa barker mf byrne m pecorino d lamare md,arachnoides placenta,normal,t,97.68,0,3.088804,0,4,4
1832,NA,"Karelitz SE, Uthicke S, Foo SA, Barker MF, Byrne M, Pecorino D, Lamare MD",2017,Arachnoides placenta,EMBRYO,pH,Normal,Normal development,positive,%,Development,97.68,0,3.088804,0,4,4,NA,NA,104,NA,NA,out,Not yet,NA,NA,Global change biology,NA,NA,Marine,NA,Zooplankton,Meroplankton,Echinodermata,Clypeasteridae,Y,NA,NA,"Tropical, Indo-Pacific, Great Barrier Reef",Tropical,pelagic,YES,LARVAL,YES,NO,NA,NA,treatment value is 0 and error is 0 means no individual had normal development,565,NA,NA,NIST,8.07,NA,NA,963,NA,NA,7.89,NA,NA,NA,2.9836262871245345,25.9,NA,NA,34.8,NA,NA,398,9,NA,Development,Population level,NA,97.683398,1.544402,0.976834,0,1,4,-4.605,2e-4,NA,EMBRYO,karelitz se uthicke s foo sa barker mf byrne m pecorino d lamare md,arachnoides placenta,normal,ph,97.68,0,3.088804,0,4,4
1833,NA,"Karelitz SE, Uthicke S, Foo SA, Barker MF, Byrne M, Pecorino D, Lamare MD",2017,Fellaster zelandiae,EMBRYO,T,Normal,Normal development,positive,%,Development,86.75,0,5.298014,0,4,4,NA,NA,104,NA,NA,out,Not yet,NA,NA,Global change biology,NA,NA,Marine,NA,Zooplankton,Meroplankton,Echinodermata,Clypeasteridae,Y,NA,NA,Temperate,Temperate,pelagic,YES,LARVAL,NO,YES,NA,NA,treatment value is 0 and error is 0 means no individual had normal development,441,NA,NA,NIST,8.1199999999999992,NA,NA,441,NA,NA,8.14,NA,NA,NA,2.6444385894678386,17.5,NA,NA,27,NA,NA,0,10,NA,Development,Population level,NA,86.754967,2.649007,0.8675497,0,1,4,-4.605,9e-4,NA,EMBRYO,karelitz se uthicke s foo sa barker mf byrne m pecorino d lamare md,fellaster zelandiae,normal,t,86.75,0,5.298014,0,4,4
1834,NA,"Karelitz SE, Uthicke S, Foo SA, Barker MF, Byrne M, Pecorino D, Lamare MD",2017,Fellaster zelandiae,EMBRYO,pH,Normal,Normal development,positive,%,Development,86.75,0,5.298014,0,4,4,NA,NA,104,NA,NA,out,Not yet,NA,NA,Global change biology,NA,NA,Marine,NA,Zooplankton,Meroplankton,Echinodermata,Clypeasteridae,Y,NA,NA,Temperate,Temperate,pelagic,YES,LARVAL,YES,NO,NA,NA,treatment value is 0 and error is 0 means no individual had normal development,441,NA,NA,NIST,8.1199999999999992,NA,NA,912,NA,NA,7.87,NA,NA,NA,2.959994838328416,17.5,NA,NA,27,NA,NA,471,10,NA,Survival,Population level,NA,86.754967,2.649007,0.8675497,0,1,4,-4.605,9e-4,NA,EMBRYO,karelitz se uthicke s foo sa barker mf byrne m pecorino d lamare md,fellaster zelandiae,normal,ph,86.75,0,5.298014,0,4,4
1835,NA,"Karelitz SE, Uthicke S, Foo SA, Barker MF, Byrne M, Pecorino D, Lamare MD",2017,Sterechinus neumayeri,EMBRYO,pH,Normal,Normal development,positive,%,Development,88.74,0,5.298014,0,4,4,NA,NA,104,NA,NA,out,Not yet,NA,NA,Global change biology,NA,NA,Marine,NA,Zooplankton,Meroplankton,Echinodermata,Echinidae,Y,NA,NA,Polar,Polar,pelagic,YES,LARVAL,YES,NO,NA,NA,treatment value is 0 and error is 0 means no individual had normal development,454,NA,NA,NIST,8.07,NA,NA,946,NA,NA,7.8,NA,NA,NA,2.975891136401793,-1.1,NA,NA,5.7,NA,NA,492,7,NA,Physiology,Population level,NA,88.741722,2.649007,0.8874172,0,2,4,-4.605,9e-4,NA,EMBRYO,karelitz se uthicke s foo sa barker mf byrne m pecorino d lamare md,sterechinus neumayeri,normal,ph,88.74,0,5.298014,0,4,4
1836,NA,"Karelitz SE, Uthicke S, Foo SA, Barker MF, Byrne M, Pecorino D, Lamare MD",2017,Sterechinus neumayeri,EMBRYO,T,Normal,Normal development,positive,%,Development,88.74,0,5.298014,0,4,4,NA,NA,104,NA,NA,out,Not yet,NA,NA,Global change biology,NA,NA,Marine,NA,Zooplankton,Meroplankton,Echinodermata,Echinidae,Y,NA,NA,Polar,Polar,pelagic,YES,LARVAL,NO,YES,NA,NA,treatment value is 0 and error is 0 means no individual had normal development,454,NA,NA,NIST,8.07,NA,NA,454,NA,NA,8.1,NA,NA,NA,2.6570558528571038,-1.1,NA,NA,5.7,NA,NA,0,7,NA,Survival,Population level,NA,88.741722,2.649007,0.8874172,0,2,4,-4.605,9e-4,NA,EMBRYO,karelitz se uthicke s foo sa barker mf byrne m pecorino d lamare md,sterechinus neumayeri,normal,t,88.74,0,5.298014,0,4,4
1837,NA,"Karelitz SE, Uthicke S, Foo SA, Barker MF, Byrne M, Pecorino D, Lamare MD",2017,Patiriella regularis,EMBRYO,T,Normal,Normal development,positive,%,Development,80.67,0,10.666666,0,4,4,NA,NA,104,NA,NA,out,Not yet,NA,NA,Global change biology,NA,NA,Marine,NA,Zooplankton,Meroplankton,Echinodermata,Asterinidae,Y,NA,NA,Temperate,Temperate,pelagic,YES,LARVAL,NO,YES,NA,NA,treatment value is 0 and error is 0 means no individual had normal development,487,NA,NA,NIST,8.08,NA,NA,487,NA,NA,8.1,NA,NA,NA,2.6875289612146345,16,NA,NA,27.1,NA,NA,0,11,NA,Development,Population level,NA,80.666667,5.333333,0.8066667,0,1,4,-4.605,0.0044,NA,EMBRYO,karelitz se uthicke s foo sa barker mf byrne m pecorino d lamare md,patiriella regularis,normal,t,80.67,0,10.666666,0,4,4
1838,NA,"Karelitz SE, Uthicke S, Foo SA, Barker MF, Byrne M, Pecorino D, Lamare MD",2017,Patiriella regularis,EMBRYO,pH,Normal,Normal development,positive,%,Development,80.67,0,10.666666,0,4,4,NA,NA,104,NA,NA,out,Not yet,NA,NA,Global change biology,NA,NA,Marine,NA,Zooplankton,Meroplankton,Echinodermata,Asterinidae,Y,NA,NA,Temperate,Temperate,pelagic,YES,LARVAL,YES,NO,NA,NA,treatment value is 0 and error is 0 means no individual had normal development,487,NA,NA,NIST,8.08,NA,NA,950,NA,NA,7.86,NA,NA,NA,2.9777236052888476,16,NA,NA,27.1,NA,NA,463,11,NA,Survival,Population level,NA,80.666667,5.333333,0.8066667,0,1,4,-4.605,0.0044,NA,EMBRYO,karelitz se uthicke s foo sa barker mf byrne m pecorino d lamare md,patiriella regularis,normal,ph,80.67,0,10.666666,0,4,4
1896,NA,"Gibbs MC, Parker LM, Scanes E, Byrne M, Oçonnor WA, Ross PM",2021,Saccostrea glomerata,EMBRYO,T,Lipid content,Triacylglyceride,ambiguous,ng,Physiology,3.87,2.51,0.31176914536239786,0.31176914536239786,3,3,NA,NA,202,NA,NA,in,Already,NA,NA,ICES Journal of Marine Science,NA,NA,NA,NA,NA,NA,Mollusca,Ostreidae,NA,NA,NA,Temperate,Temperate,pelagic,NO,LARVAL,NO,YES,NA,NA,NA,367,2,NA,total,8.1,0,NA,369,10,NA,8.1,0,NA,NA,2.56702636615906,24,1,NA,28,1,NA,2,4,NA,Reproduction,Individual level,NA,3.872,0.18,2.505,0.18,1,3,-0.435,0.0075,NA,EMBRYO,gibbs mc parker lm scanes e byrne m o onnor wa ross pm,saccostrea glomerata,lipid content,t,3.87,2.51,0.311769,0.311769,3,3
1897,NA,"Gibbs MC, Parker LM, Scanes E, Byrne M, Oçonnor WA, Ross PM",2021,Crassostrea gigas,EMBRYO,TpH,Lipid content,Triacylglyceride,ambiguous,ng,Physiology,6.21,4.66,0.7447818472546172,0.4676537180435969,3,3,NA,NA,202,NA,NA,in,Already,NA,NA,ICES Journal of Marine Science,NA,NA,NA,NA,NA,NA,Mollusca,Ostreidae,NA,NA,NA,Temperate,Temperate,pelagic,NO,LARVAL,YES,YES,NA,NA,NA,367,2,NA,total,8.1,0,NA,850,10,NA,7.8,0,NA,NA,2.929418925714293,24,1,NA,28,1,NA,483,4,NA,Reproduction,Individual level,NA,6.21,0.43,4.66,0.27,1,3,-0.287,0.0082,NA,EMBRYO,gibbs mc parker lm scanes e byrne m o onnor wa ross pm,crassostrea gigas,lipid content,tph,6.21,4.66,0.744782,0.467654,3,3
1898,NA,"Gibbs MC, Parker LM, Scanes E, Byrne M, Oçonnor WA, Ross PM",2021,Crassostrea gigas,EMBRYO,T,Lipid content,Triacylglyceride,ambiguous,ng,Physiology,6.21,5.03,0.7447818472546172,0.31176914536239786,3,3,NA,NA,202,NA,NA,in,Already,NA,NA,ICES Journal of Marine Science,NA,NA,NA,NA,NA,NA,Mollusca,Ostreidae,NA,NA,NA,Temperate,Temperate,pelagic,NO,LARVAL,NO,YES,NA,NA,NA,367,2,NA,total,8.1,0,NA,369,10,NA,8.1,0,NA,NA,2.56702636615906,24,1,NA,28,1,NA,2,4,NA,Reproduction,Individual level,NA,6.21,0.43,5.03,0.18,1,3,-0.211,0.0061,NA,EMBRYO,gibbs mc parker lm scanes e byrne m o onnor wa ross pm,crassostrea gigas,lipid content,t,6.21,5.03,0.744782,0.311769,3,3
1899,NA,"Gibbs MC, Parker LM, Scanes E, Byrne M, Oçonnor WA, Ross PM",2021,Saccostrea glomerata,EMBRYO,TpH,Lipid content,Triacylglyceride,ambiguous,ng,Physiology,3.87,3.96,0.31176914536239786,0.31176914536239786,3,3,NA,NA,202,NA,NA,in,Already,NA,NA,ICES Journal of Marine Science,NA,NA,NA,NA,NA,NA,Mollusca,Ostreidae,NA,NA,NA,Temperate,Temperate,pelagic,NO,LARVAL,YES,YES,NA,NA,NA,367,2,NA,total,8.1,0,NA,850,10,NA,7.8,0,NA,NA,2.929418925714293,24,1,NA,28,1,NA,483,4,NA,Reproduction,Individual level,NA,3.872,0.18,3.963,0.18,1,3,0.023,0.0043,NA,EMBRYO,gibbs mc parker lm scanes e byrne m o onnor wa ross pm,saccostrea glomerata,lipid content,tph,3.87,3.96,0.311769,0.311769,3,3
1900,NA,"Gibbs MC, Parker LM, Scanes E, Byrne M, Oçonnor WA, Ross PM",2021,Saccostrea glomerata,EMBRYO,pH,Lipid content,Triacylglyceride,ambiguous,ng,Physiology,3.87,4.33,0.31176914536239786,0.27712812921102037,3,3,NA,NA,202,NA,NA,in,Already,NA,NA,ICES Journal of Marine Science,NA,NA,NA,NA,NA,NA,Mollusca,Ostreidae,NA,NA,NA,Temperate,Temperate,pelagic,NO,LARVAL,YES,NO,NA,NA,NA,367,2,NA,total,8.1,0,NA,843,4,NA,7.8,0,NA,NA,2.9258275746247424,24,1,NA,24,1,NA,476,0,NA,Reproduction,Individual level,NA,3.872,0.18,4.328,0.16,1,3,0.111,0.0036,NA,EMBRYO,gibbs mc parker lm scanes e byrne m o onnor wa ross pm,saccostrea glomerata,lipid content,ph,3.87,4.33,0.311769,0.277128,3,3
1901,NA,"Gibbs MC, Parker LM, Scanes E, Byrne M, Oçonnor WA, Ross PM",2021,Crassostrea gigas,EMBRYO,pH,Lipid content,Triacylglyceride,ambiguous,ng,Physiology,6.21,7.01,0.7447818472546172,0.31176914536239786,3,3,NA,NA,202,NA,NA,in,Already,NA,NA,ICES Journal of Marine Science,NA,NA,NA,NA,NA,NA,Mollusca,Ostreidae,NA,NA,NA,Temperate,Temperate,pelagic,NO,LARVAL,YES,NO,NA,NA,NA,367,2,NA,total,8.1,0,NA,843,4,NA,7.8,0,NA,NA,2.9258275746247424,24,1,NA,24,1,NA,476,0,NA,Reproduction,Individual level,NA,6.21,0.43,7.01,0.18,1,3,0.121,0.0055,NA,EMBRYO,gibbs mc parker lm scanes e byrne m o onnor wa ross pm,crassostrea gigas,lipid content,ph,6.21,7.01,0.744782,0.311769,3,3
