"direction_scenario","analysis_scope","analysis_id","Category","Response_category","Calcifier","Treatment","Treatment_label","mean","se","ci_low","ci_high","zval","pval","k","n_studies","n_common_id","n_full_factorial_common_id","n_pH","n_T","n_TpH","model_status","model_message","category_x","stream_id","offset","k_treatment","x_pos","k_label"
"ambiguous_dropped","full_factorial_only","ambiguous_dropped_Growth_Calcifier","Growth","Growth","Calcifier","pH","pH",-0.11295383645175,0.0486094229443512,-0.208226554731953,-0.017681118171547,-2.32370247598005,0.0201414456760242,136,18,20,20,35,39,62,"fitted",NA,1,"Calcifier_pH",-0.3,35,0.7,"35"
"ambiguous_dropped","full_factorial_only","ambiguous_dropped_Growth_Calcifier","Growth","Growth","Calcifier","T","T",0.0568051766515568,0.0484009798410742,-0.0380590006533978,0.151669353956511,1.17363691475003,0.240540488576563,136,18,20,20,35,39,62,"fitted",NA,1,"Calcifier_T",-0.18,39,0.82,"39"
"ambiguous_dropped","full_factorial_only","ambiguous_dropped_Growth_Calcifier","Growth","Growth","Calcifier","TpH","T + pH",-0.0269354863012548,0.045581994502094,-0.116274553868862,0.0624035812663521,-0.590923819711693,0.55457146523205,136,18,20,20,35,39,62,"fitted",NA,1,"Calcifier_T + pH",-0.06,62,0.94,"62"
"ambiguous_dropped","full_factorial_only","ambiguous_dropped_Growth_Non_calcifier","Growth","Growth","Non-calcifier","pH","pH",-0.0846443641118922,0.060622318067361,-0.203461924183252,0.0341731959594672,-1.39625746441828,0.162636977747027,65,18,19,19,20,23,22,"fitted",NA,1,"Non-calcifier_pH",0.06,20,1.06,"20"
"ambiguous_dropped","full_factorial_only","ambiguous_dropped_Growth_Non_calcifier","Growth","Growth","Non-calcifier","T","T",0.0779471985318605,0.0584796871707533,-0.036670882149985,0.192565279213706,1.33289356190064,0.182566735638878,65,18,19,19,20,23,22,"fitted",NA,1,"Non-calcifier_T",0.18,23,1.18,"23"
"ambiguous_dropped","full_factorial_only","ambiguous_dropped_Growth_Non_calcifier","Growth","Growth","Non-calcifier","TpH","T + pH",0.0279789379411246,0.0592700472240092,-0.0881882199799216,0.144146095862171,0.472058640941842,0.636884932557115,65,18,19,19,20,23,22,"fitted",NA,1,"Non-calcifier_T + pH",0.3,22,1.3,"22"
"ambiguous_dropped","full_factorial_only","ambiguous_dropped_Development_Calcifier","Development","Development","Calcifier","pH","pH",0.100891695908929,0.0902768952150913,-0.0760477673487464,0.277831159166604,1.11758048023857,0.263746209364247,146,17,23,23,45,37,64,"fitted",NA,2,"Calcifier_pH",-0.3,45,1.7,"45"
"ambiguous_dropped","full_factorial_only","ambiguous_dropped_Development_Calcifier","Development","Development","Calcifier","T","T",-0.223073298052534,0.09405765232194,-0.407422909073926,-0.0387236870311411,-2.37166559600063,0.0177081095157578,146,17,23,23,45,37,64,"fitted",NA,2,"Calcifier_T",-0.18,37,1.82,"37"
"ambiguous_dropped","full_factorial_only","ambiguous_dropped_Development_Calcifier","Development","Development","Calcifier","TpH","T + pH",0.0567555414404183,0.08379105287475,-0.107471904420783,0.22098298730162,0.677346082824092,0.498186398854412,146,17,23,23,45,37,64,"fitted",NA,2,"Calcifier_T + pH",-0.06,64,1.94,"64"
"ambiguous_dropped","full_factorial_only","ambiguous_dropped_Development_Non_calcifier","Development","Development","Non-calcifier","pH","pH",0.0894634645138996,0.279488344972764,-0.458323625731425,0.637250554759224,0.320097299665994,0.74889457261455,46,11,14,14,14,16,16,"fitted",NA,2,"Non-calcifier_pH",0.06,14,2.06,"14"
"ambiguous_dropped","full_factorial_only","ambiguous_dropped_Development_Non_calcifier","Development","Development","Non-calcifier","T","T",0.320397406971198,0.269584227279923,-0.207977969297512,0.848772783239908,1.18848721308355,0.234641514612302,46,11,14,14,14,16,16,"fitted",NA,2,"Non-calcifier_T",0.18,16,2.18,"16"
"ambiguous_dropped","full_factorial_only","ambiguous_dropped_Development_Non_calcifier","Development","Development","Non-calcifier","TpH","T + pH",0.549616867959044,0.273185636205145,0.014182859903298,1.08505087601479,2.01188054977501,0.0442325301844967,46,11,14,14,14,16,16,"fitted",NA,2,"Non-calcifier_T + pH",0.3,16,2.3,"16"
"ambiguous_dropped","full_factorial_only","ambiguous_dropped_Physiology_Calcifier","Physiology","Physiology","Calcifier","pH","pH",-0.625132360302362,0.49557094339462,-1.59643356114036,0.346168840535631,-1.26143868730531,0.207150837135151,21,3,3,3,6,6,9,"fitted",NA,3,"Calcifier_pH",-0.3,6,2.7,"6"
"ambiguous_dropped","full_factorial_only","ambiguous_dropped_Physiology_Calcifier","Physiology","Physiology","Calcifier","T","T",-0.27869398038815,0.499568565981064,-1.25783037751936,0.700442416743057,-0.557869328389076,0.576933617131382,21,3,3,3,6,6,9,"fitted",NA,3,"Calcifier_T",-0.18,6,2.82,"6"
"ambiguous_dropped","full_factorial_only","ambiguous_dropped_Physiology_Calcifier","Physiology","Physiology","Calcifier","TpH","T + pH",-1.10200520151551,0.481187856280531,-2.04511606962339,-0.158894333407637,-2.29017666828451,0.0220110773797316,21,3,3,3,6,6,9,"fitted",NA,3,"Calcifier_T + pH",-0.06,9,2.94,"9"
"ambiguous_dropped","full_factorial_only","ambiguous_dropped_Physiology_Non_calcifier","Physiology","Physiology","Non-calcifier","pH","pH",-0.0248856106807084,0.0962100613544589,-0.213453865885837,0.16368264452442,-0.258659129101107,0.795898256812009,27,6,6,6,7,10,10,"fitted",NA,3,"Non-calcifier_pH",0.06,7,3.06,"7"
"ambiguous_dropped","full_factorial_only","ambiguous_dropped_Physiology_Non_calcifier","Physiology","Physiology","Non-calcifier","T","T",0.042739385935169,0.0962777855947659,-0.145961606341841,0.231440378212179,0.443917417409863,0.657102291425163,27,6,6,6,7,10,10,"fitted",NA,3,"Non-calcifier_T",0.18,10,3.18,"10"
"ambiguous_dropped","full_factorial_only","ambiguous_dropped_Physiology_Non_calcifier","Physiology","Physiology","Non-calcifier","TpH","T + pH",0.0230720604372755,0.0961753803259167,-0.165428221200963,0.211572342075514,0.239895702612139,0.810411112417121,27,6,6,6,7,10,10,"fitted",NA,3,"Non-calcifier_T + pH",0.3,10,3.3,"10"
"ambiguous_dropped","full_factorial_only","ambiguous_dropped_Reproduction_Calcifier","Reproduction","Reproduction","Calcifier","pH","pH",-0.148868129883969,0.0469049711879457,-0.240800184108232,-0.0569360756597066,-3.17382414088823,0.00150444813125434,185,15,26,26,53,45,87,"fitted",NA,4,"Calcifier_pH",-0.3,53,3.7,"53"
"ambiguous_dropped","full_factorial_only","ambiguous_dropped_Reproduction_Calcifier","Reproduction","Reproduction","Calcifier","T","T",-0.0700079175667405,0.0487188170692093,-0.165495044391786,0.0254792092583049,-1.43697901094947,0.150723957539141,185,15,26,26,53,45,87,"fitted",NA,4,"Calcifier_T",-0.18,45,3.82,"45"
"ambiguous_dropped","full_factorial_only","ambiguous_dropped_Reproduction_Calcifier","Reproduction","Reproduction","Calcifier","TpH","T + pH",-0.1420443244531,0.0450778889608804,-0.230395363315521,-0.0536932855906783,-3.15108643566625,0.0016266434402745,185,15,26,26,53,45,87,"fitted",NA,4,"Calcifier_T + pH",-0.06,87,3.94,"87"
"ambiguous_dropped","full_factorial_only","ambiguous_dropped_Reproduction_Non_calcifier","Reproduction","Reproduction","Non-calcifier","pH","pH",-0.0691696107776296,0.116623800666795,-0.297748059824727,0.159408838269468,-0.593100296698899,0.553114031911102,53,10,13,13,15,19,19,"fitted",NA,4,"Non-calcifier_pH",0.06,15,4.06,"15"
"ambiguous_dropped","full_factorial_only","ambiguous_dropped_Reproduction_Non_calcifier","Reproduction","Reproduction","Non-calcifier","T","T",-0.279012787746358,0.111938622766476,-0.498408456847667,-0.059617118645049,-2.49255155057989,0.0126828918321407,53,10,13,13,15,19,19,"fitted",NA,4,"Non-calcifier_T",0.18,19,4.18,"19"
"ambiguous_dropped","full_factorial_only","ambiguous_dropped_Reproduction_Non_calcifier","Reproduction","Reproduction","Non-calcifier","TpH","T + pH",-0.355105193945985,0.112945775052884,-0.576474845255601,-0.13373554263637,-3.14403255703647,0.00166636899303063,53,10,13,13,15,19,19,"fitted",NA,4,"Non-calcifier_T + pH",0.3,19,4.3,"19"
"ambiguous_dropped","full_factorial_only","ambiguous_dropped_Survival_Calcifier","Survival","Survival","Calcifier","pH","pH",0.194554116372988,0.162990784123794,-0.124901950321591,0.514010183067567,1.19365102400649,0.232614505936123,42,8,8,8,12,12,18,"fitted",NA,5,"Calcifier_pH",-0.3,12,4.7,"12"
"ambiguous_dropped","full_factorial_only","ambiguous_dropped_Survival_Calcifier","Survival","Survival","Calcifier","T","T",0.221793244577767,0.167097192112354,-0.105711233880218,0.549297723035752,1.32733076944007,0.184399289736921,42,8,8,8,12,12,18,"fitted",NA,5,"Calcifier_T",-0.18,12,4.82,"12"
"ambiguous_dropped","full_factorial_only","ambiguous_dropped_Survival_Calcifier","Survival","Survival","Calcifier","TpH","T + pH",0.239766566283177,0.156401734027775,-0.0667751995308751,0.54630833209723,1.53301731450495,0.125271588829636,42,8,8,8,12,12,18,"fitted",NA,5,"Calcifier_T + pH",-0.06,18,4.94,"18"
"ambiguous_dropped","full_factorial_only","ambiguous_dropped_Survival_Non_calcifier","Survival","Survival","Non-calcifier","pH","pH",0.0846982812013754,0.169601614594547,-0.24771477512378,0.417111337526531,0.499395488680085,0.617500796711591,52,12,13,13,16,17,19,"fitted",NA,5,"Non-calcifier_pH",0.06,16,5.06,"16"
"ambiguous_dropped","full_factorial_only","ambiguous_dropped_Survival_Non_calcifier","Survival","Survival","Non-calcifier","T","T",-0.0089653834308299,0.16822884139798,-0.338687853731771,0.320757086870111,-0.053292784734934,0.95749862898145,52,12,13,13,16,17,19,"fitted",NA,5,"Non-calcifier_T",0.18,17,5.18,"17"
"ambiguous_dropped","full_factorial_only","ambiguous_dropped_Survival_Non_calcifier","Survival","Survival","Non-calcifier","TpH","T + pH",0.105684595116749,0.167143031999408,-0.221909727868916,0.433278918102414,0.632300334943808,0.527190644747638,52,12,13,13,16,17,19,"fitted",NA,5,"Non-calcifier_T + pH",0.3,19,5.3,"19"
"ambiguous_dropped","full_factorial_only","ambiguous_dropped_Overall_Calcifier","Overall",NA,"Calcifier","pH","pH",-0.121230396047705,0.0524268357509845,-0.223985105943031,-0.0184756861523781,-2.31237293479853,0.0207571405412634,567,35,61,61,167,143,257,"fitted",NA,6,"Calcifier_pH",-0.3,167,5.7,"167"
"ambiguous_dropped","full_factorial_only","ambiguous_dropped_Overall_Calcifier","Overall",NA,"Calcifier","T","T",-0.126190739629546,0.0538449049916537,-0.231724814164169,-0.0206566650949244,-2.34359666247172,0.0190988125573344,567,35,61,61,167,143,257,"fitted",NA,6,"Calcifier_T",-0.18,143,5.82,"143"
"ambiguous_dropped","full_factorial_only","ambiguous_dropped_Overall_Calcifier","Overall",NA,"Calcifier","TpH","T + pH",-0.124390523656973,0.0495350115954964,-0.22147736235792,-0.0273036849560258,-2.51116371330943,0.0120333876289212,567,35,61,61,167,143,257,"fitted",NA,6,"Calcifier_T + pH",-0.06,257,5.94,"257"
"ambiguous_dropped","full_factorial_only","ambiguous_dropped_Overall_Non_calcifier","Overall",NA,"Non-calcifier","pH","pH",-0.0873764141762703,0.0756199863093487,-0.235588863854006,0.0608360355014651,-1.15546720438203,0.247899155112515,245,30,46,46,73,85,87,"fitted",NA,6,"Non-calcifier_pH",0.06,73,6.06,"73"
"ambiguous_dropped","full_factorial_only","ambiguous_dropped_Overall_Non_calcifier","Overall",NA,"Non-calcifier","T","T",-0.0479913018657742,0.0725046667274022,-0.190097837362562,0.0941152336310136,-0.661906385229084,0.508031219365289,245,30,46,46,73,85,87,"fitted",NA,6,"Non-calcifier_T",0.18,85,6.18,"85"
"ambiguous_dropped","full_factorial_only","ambiguous_dropped_Overall_Non_calcifier","Overall",NA,"Non-calcifier","TpH","T + pH",-0.0462662642696854,0.0722203743795565,-0.187815597003615,0.0952830684642446,-0.640626203715472,0.52176557058526,245,30,46,46,73,85,87,"fitted",NA,6,"Non-calcifier_T + pH",0.3,87,6.3,"87"
