"direction_scenario","analysis_scope","analysis_id","Category","Response_category","Calcifier","term","estimate","se","ci_low","ci_high","zval","pval","k","n_studies","n_common_id","n_full_factorial_common_id","n_pH","n_T","n_TpH","model_status","model_message"
"ambiguous_dropped","all_data","ambiguous_dropped_Growth_Calcifier","Growth","Growth","Calcifier","pH_stressor",-0.118071010449737,0.014048327173499,-0.14560522575283,-0.0905367951466434,-8.40463131243614,4.29207818393994e-17,542,183,249,20,354,104,84,"fitted",NA
"ambiguous_dropped","all_data","ambiguous_dropped_Growth_Calcifier","Growth","Growth","Calcifier","T_stressor",0.00879687309250168,0.024517276867915,-0.0392561065676087,0.056849852752612,0.35880302449143,0.719742449911358,542,183,249,20,354,104,84,"fitted",NA
"ambiguous_dropped","all_data","ambiguous_dropped_Growth_Calcifier","Growth","Growth","Calcifier","pH_T_interaction",0.0284865882411222,0.027422840116028,-0.0252611907400929,0.0822343672223373,1.03879058918017,0.29890213906087,542,183,249,20,354,104,84,"fitted",NA
"ambiguous_dropped","all_data","ambiguous_dropped_Growth_Non_calcifier","Growth","Growth","Non-calcifier","pH_stressor",-0.0682898238916985,0.0367110252914171,-0.140242111298415,0.00366246351501794,-1.86019930932478,0.0628573327477343,158,46,55,19,88,33,37,"fitted",NA
"ambiguous_dropped","all_data","ambiguous_dropped_Growth_Non_calcifier","Growth","Growth","Non-calcifier","T_stressor",0.101816060612101,0.0497499121074313,0.00430802464750275,0.1993240965767,2.04655759777499,0.0407015417375958,158,46,55,19,88,33,37,"fitted",NA
"ambiguous_dropped","all_data","ambiguous_dropped_Growth_Non_calcifier","Growth","Growth","Non-calcifier","pH_T_interaction",0.0355053163978553,0.0734402610652048,-0.108434950305165,0.179445583100876,0.483458471999868,0.628770239426622,158,46,55,19,88,33,37,"fitted",NA
"ambiguous_dropped","all_data","ambiguous_dropped_Development_Calcifier","Development","Development","Calcifier","pH_stressor",-0.402243997730006,0.089414957233775,-0.577494093587394,-0.226993901872618,-4.49862092623207,6.83956882863365e-06,356,81,111,23,122,160,74,"fitted",NA
"ambiguous_dropped","all_data","ambiguous_dropped_Development_Calcifier","Development","Development","Calcifier","T_stressor",-0.509683976758558,0.100296219595651,-0.706260954951554,-0.313106998565562,-5.08178652010389,3.73901491576964e-07,356,81,111,23,122,160,74,"fitted",NA
"ambiguous_dropped","all_data","ambiguous_dropped_Development_Calcifier","Development","Development","Calcifier","pH_T_interaction",0.635773688249552,0.134270490621174,0.372608362445528,0.898939014053576,4.73502171108692,2.19031650850905e-06,356,81,111,23,122,160,74,"fitted",NA
"ambiguous_dropped","all_data","ambiguous_dropped_Development_Non_calcifier","Development","Development","Non-calcifier","pH_stressor",-0.0395199615273987,0.25261435004053,-0.534634989584831,0.455595066530034,-0.156443850165511,0.875683175229276,65,18,26,14,21,21,23,"fitted",NA
"ambiguous_dropped","all_data","ambiguous_dropped_Development_Non_calcifier","Development","Development","Non-calcifier","T_stressor",-0.0359195978100813,0.255262511296692,-0.536224926554847,0.464385730934684,-0.140716306627305,0.888094062453337,65,18,26,14,21,21,23,"fitted",NA
"ambiguous_dropped","all_data","ambiguous_dropped_Development_Non_calcifier","Development","Development","Non-calcifier","pH_T_interaction",0.0789616137713747,0.333150545004078,-0.574001455866509,0.731924683409259,0.237014811938573,0.812645299351961,65,18,26,14,21,21,23,"fitted",NA
"ambiguous_dropped","all_data","ambiguous_dropped_Physiology_Calcifier","Physiology","Physiology","Calcifier","pH_stressor",-0.367660444991427,0.119782461910314,-0.602429756315184,-0.13289113366767,-3.06940130573295,0.00214488261156537,169,50,91,3,97,35,37,"fitted",NA
"ambiguous_dropped","all_data","ambiguous_dropped_Physiology_Calcifier","Physiology","Physiology","Calcifier","T_stressor",-0.440024778774515,0.171809479024279,-0.776765169864692,-0.103284387684339,-2.56112049971547,0.010433516099858,169,50,91,3,97,35,37,"fitted",NA
"ambiguous_dropped","all_data","ambiguous_dropped_Physiology_Calcifier","Physiology","Physiology","Calcifier","pH_T_interaction",0.202029077498452,0.20326927103226,-0.196371372888489,0.600429527885392,0.993898765280604,0.320272155553963,169,50,91,3,97,35,37,"fitted",NA
"ambiguous_dropped","all_data","ambiguous_dropped_Physiology_Non_calcifier","Physiology","Physiology","Non-calcifier","pH_stressor",-0.089264146057557,0.0696067136266088,-0.225690797847904,0.0471625057327897,-1.28240713297278,0.199699863296703,149,51,65,6,75,58,16,"fitted",NA
"ambiguous_dropped","all_data","ambiguous_dropped_Physiology_Non_calcifier","Physiology","Physiology","Non-calcifier","T_stressor",-0.0689671035330102,0.0710896545854564,-0.208300266193897,0.070366059127877,-0.970142616885349,0.331975408901103,149,51,65,6,75,58,16,"fitted",NA
"ambiguous_dropped","all_data","ambiguous_dropped_Physiology_Non_calcifier","Physiology","Physiology","Non-calcifier","pH_T_interaction",0.128849362914086,0.111489297871532,-0.089665645575776,0.347364371403947,1.15571059620949,0.247799552499599,149,51,65,6,75,58,16,"fitted",NA
"ambiguous_dropped","all_data","ambiguous_dropped_Reproduction_Calcifier","Reproduction","Reproduction","Calcifier","pH_stressor",-0.238741635455453,0.0476187095696885,-0.332072591202315,-0.14541067970859,-5.01360993636465,5.34182234061603e-07,371,63,102,26,135,123,113,"fitted",NA
"ambiguous_dropped","all_data","ambiguous_dropped_Reproduction_Calcifier","Reproduction","Reproduction","Calcifier","T_stressor",-0.128445959072056,0.0542689686547014,-0.234811183113403,-0.0220807350307079,-2.36683987656597,0.0179406929384274,371,63,102,26,135,123,113,"fitted",NA
"ambiguous_dropped","all_data","ambiguous_dropped_Reproduction_Calcifier","Reproduction","Reproduction","Calcifier","pH_T_interaction",0.114325946233823,0.0628763410435822,-0.00890941769125578,0.237561310158902,1.81826652658714,0.0690234063040611,371,63,102,26,135,123,113,"fitted",NA
"ambiguous_dropped","all_data","ambiguous_dropped_Reproduction_Non_calcifier","Reproduction","Reproduction","Non-calcifier","pH_stressor",0.00314383817280817,0.0802168554068794,-0.154078309377733,0.160365985723349,0.0391917403999677,0.968737518784863,268,60,85,13,126,116,26,"fitted",NA
"ambiguous_dropped","all_data","ambiguous_dropped_Reproduction_Non_calcifier","Reproduction","Reproduction","Non-calcifier","T_stressor",0.0312795568341612,0.0799005223578749,-0.125322589333211,0.187881703001533,0.391481255830342,0.69544154107036,268,60,85,13,126,116,26,"fitted",NA
"ambiguous_dropped","all_data","ambiguous_dropped_Reproduction_Non_calcifier","Reproduction","Reproduction","Non-calcifier","pH_T_interaction",-0.572892930806582,0.141485553077125,-0.850199519170478,-0.295586342442686,-4.04912670125615,5.14091085607138e-05,268,60,85,13,126,116,26,"fitted",NA
"ambiguous_dropped","all_data","ambiguous_dropped_Survival_Calcifier","Survival","Survival","Calcifier","pH_stressor",-0.153949725677472,0.0485029057298068,-0.249013674053435,-0.0588857773015089,-3.17403098558823,0.00150337640695585,253,74,94,8,154,74,25,"fitted",NA
"ambiguous_dropped","all_data","ambiguous_dropped_Survival_Calcifier","Survival","Survival","Calcifier","T_stressor",-0.256432193937203,0.0765177287242748,-0.406404186415587,-0.106460201458818,-3.3512781705954,0.000804394563293799,253,74,94,8,154,74,25,"fitted",NA
"ambiguous_dropped","all_data","ambiguous_dropped_Survival_Calcifier","Survival","Survival","Calcifier","pH_T_interaction",0.196781037915597,0.126779646613499,-0.0517025034195762,0.44526457925077,1.55215007433728,0.120626318809944,253,74,94,8,154,74,25,"fitted",NA
"ambiguous_dropped","all_data","ambiguous_dropped_Survival_Non_calcifier","Survival","Survival","Non-calcifier","pH_stressor",-0.287393356190687,0.0904818152915566,-0.464734455417943,-0.11005225696343,-3.17625541955175,0.00149189531958515,164,40,59,13,124,20,20,"fitted",NA
"ambiguous_dropped","all_data","ambiguous_dropped_Survival_Non_calcifier","Survival","Survival","Non-calcifier","T_stressor",-0.227390127105497,0.142183362703841,-0.50606439720582,0.0512841429948272,-1.59927380237262,0.109759777908016,164,40,59,13,124,20,20,"fitted",NA
"ambiguous_dropped","all_data","ambiguous_dropped_Survival_Non_calcifier","Survival","Survival","Non-calcifier","pH_T_interaction",0.36468234500581,0.176549189545831,0.0186522919962462,0.710712398015374,2.06561324888519,0.0388650124250954,164,40,59,13,124,20,20,"fitted",NA
"ambiguous_dropped","all_data","ambiguous_dropped_Overall_Calcifier","Overall",NA,"Calcifier","pH_stressor",-0.213601419083095,0.0275441828417739,-0.267587025436558,-0.159615812729632,-7.75486498583447,8.84375151795504e-15,1691,285,472,61,862,496,333,"fitted",NA
"ambiguous_dropped","all_data","ambiguous_dropped_Overall_Calcifier","Overall",NA,"Calcifier","T_stressor",-0.243499946826798,0.0379718940463984,-0.31792349158251,-0.169076402071087,-6.41263631804256,1.43024435935982e-10,1691,285,472,61,862,496,333,"fitted",NA
"ambiguous_dropped","all_data","ambiguous_dropped_Overall_Calcifier","Overall",NA,"Calcifier","pH_T_interaction",0.190605461409753,0.0458533127727913,0.100734619803231,0.280476303016274,4.15685257800731,3.22662051424661e-05,1691,285,472,61,862,496,333,"fitted",NA
"ambiguous_dropped","all_data","ambiguous_dropped_Overall_Non_calcifier","Overall",NA,"Non-calcifier","pH_stressor",-0.116757086872759,0.0405979870080413,-0.196327679253345,-0.037186494492173,-2.8759329089305,0.00402835324933196,804,159,247,46,434,248,122,"fitted",NA
"ambiguous_dropped","all_data","ambiguous_dropped_Overall_Non_calcifier","Overall",NA,"Non-calcifier","T_stressor",0.00104121171037801,0.0476427979767888,-0.0923369564468458,0.0944193798676018,0.0218545457990372,0.982563983303092,804,159,247,46,434,248,122,"fitted",NA
"ambiguous_dropped","all_data","ambiguous_dropped_Overall_Non_calcifier","Overall",NA,"Non-calcifier","pH_T_interaction",-0.0173613277461804,0.0731522368067378,-0.160737077275932,0.126014421783571,-0.237331467963825,0.812399651458024,804,159,247,46,434,248,122,"fitted",NA
"ambiguous_dropped","full_factorial_only","ambiguous_dropped_Growth_Calcifier","Growth","Growth","Calcifier","pH_stressor",-0.11295383645175,0.0486094229443512,-0.208226554731953,-0.017681118171547,-2.32370247598005,0.0201414456760242,136,18,20,20,35,39,62,"fitted",NA
"ambiguous_dropped","full_factorial_only","ambiguous_dropped_Growth_Calcifier","Growth","Growth","Calcifier","T_stressor",0.0568051766515568,0.0484009798410742,-0.0380590006533978,0.151669353956511,1.17363691475003,0.240540488576563,136,18,20,20,35,39,62,"fitted",NA
"ambiguous_dropped","full_factorial_only","ambiguous_dropped_Growth_Calcifier","Growth","Growth","Calcifier","pH_T_interaction",0.0292131734989386,0.0616810653587482,-0.091679493132269,0.150105840130146,0.473616552000675,0.635773370003293,136,18,20,20,35,39,62,"fitted",NA
"ambiguous_dropped","full_factorial_only","ambiguous_dropped_Growth_Non_calcifier","Growth","Growth","Non-calcifier","pH_stressor",-0.0846443641118922,0.060622318067361,-0.203461924183252,0.0341731959594672,-1.39625746441828,0.162636977747027,65,18,19,19,20,23,22,"fitted",NA
"ambiguous_dropped","full_factorial_only","ambiguous_dropped_Growth_Non_calcifier","Growth","Growth","Non-calcifier","T_stressor",0.0779471985318605,0.0584796871707533,-0.036670882149985,0.192565279213706,1.33289356190064,0.182566735638878,65,18,19,19,20,23,22,"fitted",NA
"ambiguous_dropped","full_factorial_only","ambiguous_dropped_Growth_Non_calcifier","Growth","Growth","Non-calcifier","pH_T_interaction",0.0346761035211563,0.0834687249963049,-0.128919591307079,0.198271798349392,0.41543827969927,0.677821088819812,65,18,19,19,20,23,22,"fitted",NA
"ambiguous_dropped","full_factorial_only","ambiguous_dropped_Development_Calcifier","Development","Development","Calcifier","pH_stressor",0.100891695908929,0.0902768952150913,-0.0760477673487464,0.277831159166604,1.11758048023857,0.263746209364247,146,17,23,23,45,37,64,"fitted",NA
"ambiguous_dropped","full_factorial_only","ambiguous_dropped_Development_Calcifier","Development","Development","Calcifier","T_stressor",-0.223073298052534,0.09405765232194,-0.407422909073926,-0.0387236870311411,-2.37166559600063,0.0177081095157578,146,17,23,23,45,37,64,"fitted",NA
"ambiguous_dropped","full_factorial_only","ambiguous_dropped_Development_Calcifier","Development","Development","Calcifier","pH_T_interaction",0.178937143584023,0.121436666799187,-0.0590743497449734,0.41694863691302,1.47350177092659,0.140615786678284,146,17,23,23,45,37,64,"fitted",NA
"ambiguous_dropped","full_factorial_only","ambiguous_dropped_Development_Non_calcifier","Development","Development","Non-calcifier","pH_stressor",0.0894634645138996,0.279488344972764,-0.458323625731425,0.637250554759224,0.320097299665994,0.74889457261455,46,11,14,14,14,16,16,"fitted",NA
"ambiguous_dropped","full_factorial_only","ambiguous_dropped_Development_Non_calcifier","Development","Development","Non-calcifier","T_stressor",0.320397406971198,0.269584227279923,-0.207977969297512,0.848772783239908,1.18848721308355,0.234641514612302,46,11,14,14,14,16,16,"fitted",NA
"ambiguous_dropped","full_factorial_only","ambiguous_dropped_Development_Non_calcifier","Development","Development","Non-calcifier","pH_T_interaction",0.139755996473946,0.366254300380954,-0.578089241455638,0.857601234403531,0.381581858093082,0.702771542951821,46,11,14,14,14,16,16,"fitted",NA
"ambiguous_dropped","full_factorial_only","ambiguous_dropped_Physiology_Calcifier","Physiology","Physiology","Calcifier","pH_stressor",-0.625132360302362,0.49557094339462,-1.59643356114036,0.346168840535631,-1.26143868730531,0.207150837135151,21,3,3,3,6,6,9,"fitted",NA
"ambiguous_dropped","full_factorial_only","ambiguous_dropped_Physiology_Calcifier","Physiology","Physiology","Calcifier","T_stressor",-0.27869398038815,0.499568565981064,-1.25783037751936,0.700442416743057,-0.557869328389076,0.576933617131382,21,3,3,3,6,6,9,"fitted",NA
"ambiguous_dropped","full_factorial_only","ambiguous_dropped_Physiology_Calcifier","Physiology","Physiology","Calcifier","pH_T_interaction",-0.198178860825001,0.613750476059758,-1.40110768939644,1.00474996774644,-0.322898097118063,0.746772417469456,21,3,3,3,6,6,9,"fitted",NA
"ambiguous_dropped","full_factorial_only","ambiguous_dropped_Physiology_Non_calcifier","Physiology","Physiology","Non-calcifier","pH_stressor",-0.0248856106807084,0.0962100613544589,-0.213453865885837,0.16368264452442,-0.258659129101107,0.795898256812009,27,6,6,6,7,10,10,"fitted",NA
"ambiguous_dropped","full_factorial_only","ambiguous_dropped_Physiology_Non_calcifier","Physiology","Physiology","Non-calcifier","T_stressor",0.042739385935169,0.0962777855947659,-0.145961606341841,0.231440378212179,0.443917417409863,0.657102291425163,27,6,6,6,7,10,10,"fitted",NA
"ambiguous_dropped","full_factorial_only","ambiguous_dropped_Physiology_Non_calcifier","Physiology","Physiology","Non-calcifier","pH_T_interaction",0.00521828518281488,0.0967408768287117,-0.184390349234285,0.194826919599915,0.0539408505884676,0.956982289961396,27,6,6,6,7,10,10,"fitted",NA
"ambiguous_dropped","full_factorial_only","ambiguous_dropped_Reproduction_Calcifier","Reproduction","Reproduction","Calcifier","pH_stressor",-0.148868129883969,0.0469049711879457,-0.240800184108232,-0.0569360756597066,-3.17382414088823,0.00150444813125434,185,15,26,26,53,45,87,"fitted",NA
"ambiguous_dropped","full_factorial_only","ambiguous_dropped_Reproduction_Calcifier","Reproduction","Reproduction","Calcifier","T_stressor",-0.0700079175667405,0.0487188170692093,-0.165495044391786,0.0254792092583049,-1.43697901094947,0.150723957539141,185,15,26,26,53,45,87,"fitted",NA
"ambiguous_dropped","full_factorial_only","ambiguous_dropped_Reproduction_Calcifier","Reproduction","Reproduction","Calcifier","pH_T_interaction",0.0768317229976101,0.0570733643501601,-0.0350300156052359,0.188693461600456,1.34619228903745,0.178240511219426,185,15,26,26,53,45,87,"fitted",NA
"ambiguous_dropped","full_factorial_only","ambiguous_dropped_Reproduction_Non_calcifier","Reproduction","Reproduction","Non-calcifier","pH_stressor",-0.0691696107776296,0.116623800666795,-0.297748059824727,0.159408838269468,-0.593100296698899,0.553114031911102,53,10,13,13,15,19,19,"fitted",NA
"ambiguous_dropped","full_factorial_only","ambiguous_dropped_Reproduction_Non_calcifier","Reproduction","Reproduction","Non-calcifier","T_stressor",-0.279012787746358,0.111938622766476,-0.498408456847667,-0.059617118645049,-2.49255155057989,0.0126828918321407,53,10,13,13,15,19,19,"fitted",NA
"ambiguous_dropped","full_factorial_only","ambiguous_dropped_Reproduction_Non_calcifier","Reproduction","Reproduction","Non-calcifier","pH_T_interaction",-0.00692279542199773,0.150441841837802,-0.301783387191961,0.287937796347965,-0.0460164229407767,0.96329716016135,53,10,13,13,15,19,19,"fitted",NA
"ambiguous_dropped","full_factorial_only","ambiguous_dropped_Survival_Calcifier","Survival","Survival","Calcifier","pH_stressor",0.194554116372988,0.162990784123794,-0.124901950321591,0.514010183067567,1.19365102400649,0.232614505936123,42,8,8,8,12,12,18,"fitted",NA
"ambiguous_dropped","full_factorial_only","ambiguous_dropped_Survival_Calcifier","Survival","Survival","Calcifier","T_stressor",0.221793244577767,0.167097192112354,-0.105711233880218,0.549297723035752,1.32733076944007,0.184399289736921,42,8,8,8,12,12,18,"fitted",NA
"ambiguous_dropped","full_factorial_only","ambiguous_dropped_Survival_Calcifier","Survival","Survival","Calcifier","pH_T_interaction",-0.176580794667577,0.208052139550513,-0.584355495093083,0.231193905757929,-0.848733375436908,0.396029670247308,42,8,8,8,12,12,18,"fitted",NA
"ambiguous_dropped","full_factorial_only","ambiguous_dropped_Survival_Non_calcifier","Survival","Survival","Non-calcifier","pH_stressor",0.0846982812013754,0.169601614594547,-0.24771477512378,0.417111337526531,0.499395488680085,0.617500796711591,52,12,13,13,16,17,19,"fitted",NA
"ambiguous_dropped","full_factorial_only","ambiguous_dropped_Survival_Non_calcifier","Survival","Survival","Non-calcifier","T_stressor",-0.0089653834308299,0.16822884139798,-0.338687853731771,0.320757086870111,-0.053292784734934,0.95749862898145,52,12,13,13,16,17,19,"fitted",NA
"ambiguous_dropped","full_factorial_only","ambiguous_dropped_Survival_Non_calcifier","Survival","Survival","Non-calcifier","pH_T_interaction",0.0299516973462034,0.199411853290908,-0.36088835319436,0.420791747886767,0.150200185454919,0.880606679583186,52,12,13,13,16,17,19,"fitted",NA
"ambiguous_dropped","full_factorial_only","ambiguous_dropped_Overall_Calcifier","Overall",NA,"Calcifier","pH_stressor",-0.121230396047705,0.0524268357509845,-0.223985105943031,-0.0184756861523781,-2.31237293479853,0.0207571405412634,567,35,61,61,167,143,257,"fitted",NA
"ambiguous_dropped","full_factorial_only","ambiguous_dropped_Overall_Calcifier","Overall",NA,"Calcifier","T_stressor",-0.126190739629546,0.0538449049916537,-0.231724814164169,-0.0206566650949244,-2.34359666247172,0.0190988125573344,567,35,61,61,167,143,257,"fitted",NA
"ambiguous_dropped","full_factorial_only","ambiguous_dropped_Overall_Calcifier","Overall",NA,"Calcifier","pH_T_interaction",0.123030612020278,0.0661817317143391,-0.00668319857431851,0.252744422614875,1.85898145656443,0.0630297668517256,567,35,61,61,167,143,257,"fitted",NA
"ambiguous_dropped","full_factorial_only","ambiguous_dropped_Overall_Non_calcifier","Overall",NA,"Non-calcifier","pH_stressor",-0.0873764141762703,0.0756199863093487,-0.235588863854006,0.0608360355014651,-1.15546720438203,0.247899155112515,245,30,46,46,73,85,87,"fitted",NA
"ambiguous_dropped","full_factorial_only","ambiguous_dropped_Overall_Non_calcifier","Overall",NA,"Non-calcifier","T_stressor",-0.0479913018657742,0.0725046667274022,-0.190097837362562,0.0941152336310136,-0.661906385229084,0.508031219365289,245,30,46,46,73,85,87,"fitted",NA
"ambiguous_dropped","full_factorial_only","ambiguous_dropped_Overall_Non_calcifier","Overall",NA,"Non-calcifier","pH_T_interaction",0.0891014517723592,0.111331534684817,-0.129104346553453,0.307307250098172,0.800325370746109,0.42352230738948,245,30,46,46,73,85,87,"fitted",NA
"ambiguous_negative","all_data","ambiguous_negative_Growth_Calcifier","Growth","Growth","Calcifier","pH_stressor",-0.115821158994143,0.0140141879420555,-0.143288462633147,-0.0883538553551386,-8.26456441664895,1.4020573831748e-16,550,187,254,21,355,109,86,"fitted",NA
"ambiguous_negative","all_data","ambiguous_negative_Growth_Calcifier","Growth","Growth","Calcifier","T_stressor",0.0136740096759589,0.0237294743981312,-0.0328349055164436,0.0601829248683613,0.576245788108806,0.564449060056337,550,187,254,21,355,109,86,"fitted",NA
"ambiguous_negative","all_data","ambiguous_negative_Growth_Calcifier","Growth","Growth","Calcifier","pH_T_interaction",0.0311842498470604,0.0269794981493077,-0.0216945948465477,0.0840630945406685,1.15584988551244,0.247742564098852,550,187,254,21,355,109,86,"fitted",NA
"ambiguous_negative","all_data","ambiguous_negative_Growth_Non_calcifier","Growth","Growth","Non-calcifier","pH_stressor",-0.0397937493586486,0.041184445571831,-0.120513779402688,0.0409262806853903,-0.96623248913824,0.333927859076264,207,63,74,20,118,42,47,"fitted",NA
"ambiguous_negative","all_data","ambiguous_negative_Growth_Non_calcifier","Growth","Growth","Non-calcifier","T_stressor",0.0498442835563874,0.0605853273246405,-0.0689007759914783,0.168589343104253,0.822712127794603,0.410671716961166,207,63,74,20,118,42,47,"fitted",NA
"ambiguous_negative","all_data","ambiguous_negative_Growth_Non_calcifier","Growth","Growth","Non-calcifier","pH_T_interaction",0.0138046909689277,0.0841245721153966,-0.151076440592092,0.178685822529947,0.164098201295946,0.869653837777498,207,63,74,20,118,42,47,"fitted",NA
"ambiguous_negative","all_data","ambiguous_negative_Development_Calcifier","Development","Development","Calcifier","pH_stressor",-0.203529215066533,0.0800178677155093,-0.360361353908622,-0.0466970762244446,-2.54354709613294,0.010973326287181,452,101,138,31,172,181,99,"fitted",NA
"ambiguous_negative","all_data","ambiguous_negative_Development_Calcifier","Development","Development","Calcifier","T_stressor",-0.306812694059127,0.0920230485505508,-0.487174554965787,-0.126450833152466,-3.33408530679774,0.000855804065435952,452,101,138,31,172,181,99,"fitted",NA
"ambiguous_negative","all_data","ambiguous_negative_Development_Calcifier","Development","Development","Calcifier","pH_T_interaction",0.481433380303227,0.125784765772009,0.234899769586283,0.727966991020171,3.82743790433135,0.000129484035310659,452,101,138,31,172,181,99,"fitted",NA
"ambiguous_negative","all_data","ambiguous_negative_Development_Non_calcifier","Development","Development","Non-calcifier","pH_stressor",-0.0362392125663037,0.157350314640649,-0.344640162218021,0.272161737085413,-0.230309120442915,0.817851574001841,103,25,37,19,35,33,35,"fitted",NA
"ambiguous_negative","all_data","ambiguous_negative_Development_Non_calcifier","Development","Development","Non-calcifier","T_stressor",0.0534937601811894,0.16488721766882,-0.269679247960714,0.376666768323092,0.324426362076368,0.745615264075414,103,25,37,19,35,33,35,"fitted",NA
"ambiguous_negative","all_data","ambiguous_negative_Development_Non_calcifier","Development","Development","Non-calcifier","pH_T_interaction",0.0907357051195569,0.213698008620967,-0.328104695345467,0.509576105584581,0.424597803718862,0.67112989434121,103,25,37,19,35,33,35,"fitted",NA
"ambiguous_negative","all_data","ambiguous_negative_Physiology_Calcifier","Physiology","Physiology","Calcifier","pH_stressor",-0.171226073506751,0.0769267544515456,-0.321999741679337,-0.0204524053341656,-2.22583254327469,0.0260254001174076,361,82,152,19,195,79,87,"fitted",NA
"ambiguous_negative","all_data","ambiguous_negative_Physiology_Calcifier","Physiology","Physiology","Calcifier","T_stressor",-0.226092056755212,0.109967892379423,-0.441625165274658,-0.0105589482357658,-2.05598244963288,0.0397842079013363,361,82,152,19,195,79,87,"fitted",NA
"ambiguous_negative","all_data","ambiguous_negative_Physiology_Calcifier","Physiology","Physiology","Calcifier","pH_T_interaction",0.0913775331498708,0.135646169587076,-0.17448407388161,0.357239140181352,0.673646247645884,0.500536243164297,361,82,152,19,195,79,87,"fitted",NA
"ambiguous_negative","all_data","ambiguous_negative_Physiology_Non_calcifier","Physiology","Physiology","Non-calcifier","pH_stressor",-0.0418533798014848,0.0436720812349977,-0.127449086151988,0.0437423265490181,-0.958355512673498,0.337883520073803,343,89,124,26,183,102,58,"fitted",NA
"ambiguous_negative","all_data","ambiguous_negative_Physiology_Non_calcifier","Physiology","Physiology","Non-calcifier","T_stressor",-0.171676493954017,0.0521319723765383,-0.273853282255069,-0.0694997056529647,-3.29311334537726,0.00099084521470324,343,89,124,26,183,102,58,"fitted",NA
"ambiguous_negative","all_data","ambiguous_negative_Physiology_Non_calcifier","Physiology","Physiology","Non-calcifier","pH_T_interaction",0.118139931163979,0.0830461224787572,-0.0446274779500868,0.280907340278046,1.42258214637534,0.154857322596962,343,89,124,26,183,102,58,"fitted",NA
"ambiguous_negative","all_data","ambiguous_negative_Reproduction_Calcifier","Reproduction","Reproduction","Calcifier","pH_stressor",-0.0846386935587835,0.0386761084527881,-0.160442473188413,-0.00883491392915367,-2.18839735807706,0.0286406705633838,450,97,145,26,210,125,115,"fitted",NA
"ambiguous_negative","all_data","ambiguous_negative_Reproduction_Calcifier","Reproduction","Reproduction","Calcifier","T_stressor",-0.0254847248562066,0.0509231395759652,-0.125292244404805,0.0743227946923914,-0.500454706218368,0.61675494126966,450,97,145,26,210,125,115,"fitted",NA
"ambiguous_negative","all_data","ambiguous_negative_Reproduction_Calcifier","Reproduction","Reproduction","Calcifier","pH_T_interaction",-0.0225140887542664,0.056701557819142,-0.1336470999471,0.0886189224385674,-0.39706296652516,0.691321028327692,450,97,145,26,210,125,115,"fitted",NA
"ambiguous_negative","all_data","ambiguous_negative_Reproduction_Non_calcifier","Reproduction","Reproduction","Non-calcifier","pH_stressor",0.11615134903133,0.0623304875269072,-0.00601416166023068,0.238316859722892,1.86347570249935,0.0623953679209114,326,88,122,15,173,123,30,"fitted",NA
"ambiguous_negative","all_data","ambiguous_negative_Reproduction_Non_calcifier","Reproduction","Reproduction","Non-calcifier","T_stressor",0.0219497982068006,0.074213881274722,-0.123506736244586,0.167406332658187,0.295764051546472,0.767410278076474,326,88,122,15,173,123,30,"fitted",NA
"ambiguous_negative","all_data","ambiguous_negative_Reproduction_Non_calcifier","Reproduction","Reproduction","Non-calcifier","pH_T_interaction",-0.581782367705803,0.12318130132051,-0.823213281862778,-0.340351453548829,-4.72297630784111,2.32417934286007e-06,326,88,122,15,173,123,30,"fitted",NA
"ambiguous_negative","all_data","ambiguous_negative_Survival_Calcifier","Survival","Survival","Calcifier","pH_stressor",-0.152953942496289,0.0504304780499947,-0.251795863197416,-0.0541120217951614,-3.03296634120058,0.00242162608847496,280,76,99,8,154,86,40,"fitted",NA
"ambiguous_negative","all_data","ambiguous_negative_Survival_Calcifier","Survival","Survival","Calcifier","T_stressor",-0.260534527740761,0.0760805958231454,-0.409649755476475,-0.111419300005048,-3.42445435556777,0.000616035319065213,280,76,99,8,154,86,40,"fitted",NA
"ambiguous_negative","all_data","ambiguous_negative_Survival_Calcifier","Survival","Survival","Calcifier","pH_T_interaction",0.367719931851409,0.11717566543457,0.138059847735137,0.59738001596768,3.13819367261662,0.00169992515379886,280,76,99,8,154,86,40,"fitted",NA
"ambiguous_negative","all_data","ambiguous_negative_Survival_Non_calcifier","Survival","Survival","Non-calcifier","pH_stressor",-0.184294917492262,0.0719323581718745,-0.325279748832171,-0.0433100861523521,-2.56205860861546,0.0104053757532289,212,62,89,13,142,50,20,"fitted",NA
"ambiguous_negative","all_data","ambiguous_negative_Survival_Non_calcifier","Survival","Survival","Non-calcifier","T_stressor",-0.111827116468183,0.0927000706933456,-0.293515916391457,0.0698616834550916,-1.20633259103016,0.22768927605353,212,62,89,13,142,50,20,"fitted",NA
"ambiguous_negative","all_data","ambiguous_negative_Survival_Non_calcifier","Survival","Survival","Non-calcifier","pH_T_interaction",0.219784853583042,0.13938660671261,-0.0534078755009219,0.492977582667006,1.57680037391397,0.114841465600513,212,62,89,13,142,50,20,"fitted",NA
"ambiguous_negative","all_data","ambiguous_negative_Overall_Calcifier","Overall",NA,"Calcifier","pH_stressor",-0.153091975253663,0.0252582728826437,-0.202597280415329,-0.103586670091996,-6.06106268488612,1.35225114391428e-09,2093,310,527,77,1086,580,427,"fitted",NA
"ambiguous_negative","all_data","ambiguous_negative_Overall_Calcifier","Overall",NA,"Calcifier","T_stressor",-0.17840987706347,0.0355808782672787,-0.24814711700564,-0.108672637121299,-5.01420666806701,5.32527246231184e-07,2093,310,527,77,1086,580,427,"fitted",NA
"ambiguous_negative","all_data","ambiguous_negative_Overall_Calcifier","Overall",NA,"Calcifier","pH_T_interaction",0.178642632549394,0.0440448684949007,0.092316276595586,0.264968988503203,4.05592384888325,4.99365283300019e-05,2093,310,527,77,1086,580,427,"fitted",NA
"ambiguous_negative","all_data","ambiguous_negative_Overall_Non_calcifier","Overall",NA,"Non-calcifier","pH_stressor",-0.0374033200987664,0.0310671903716818,-0.0982938943281123,0.0234872541305795,-1.20394923555302,0.228609200075726,1191,223,368,64,651,350,190,"fitted",NA
"ambiguous_negative","all_data","ambiguous_negative_Overall_Non_calcifier","Overall",NA,"Non-calcifier","T_stressor",-0.0324447396088116,0.0384354576394056,-0.107776852311361,0.0428873730937382,-0.844135639367228,0.39859361433853,1191,223,368,64,651,350,190,"fitted",NA
"ambiguous_negative","all_data","ambiguous_negative_Overall_Non_calcifier","Overall",NA,"Non-calcifier","pH_T_interaction",-0.0158884840360748,0.0560980702325582,-0.125838681294087,0.0940617132219378,-0.283226926883724,0.777002888395527,1191,223,368,64,651,350,190,"fitted",NA
"ambiguous_negative","full_factorial_only","ambiguous_negative_Growth_Calcifier","Growth","Growth","Calcifier","pH_stressor",-0.106324999756956,0.0462294837130761,-0.196933122858467,-0.0157168766554464,-2.29993915607762,0.021451667340724,139,19,21,21,36,40,63,"fitted",NA
"ambiguous_negative","full_factorial_only","ambiguous_negative_Growth_Calcifier","Growth","Growth","Calcifier","T_stressor",0.0593647270512017,0.0460050324499454,-0.0308034796582877,0.149532933760691,1.29039637382697,0.196913070507854,139,19,21,21,36,40,63,"fitted",NA
"ambiguous_negative","full_factorial_only","ambiguous_negative_Growth_Calcifier","Growth","Growth","Calcifier","pH_T_interaction",0.0251186478374215,0.0591974383117235,-0.0909061992305881,0.141143494905431,0.424319844807322,0.671332568447344,139,19,21,21,36,40,63,"fitted",NA
"ambiguous_negative","full_factorial_only","ambiguous_negative_Growth_Non_calcifier","Growth","Growth","Non-calcifier","pH_stressor",-0.0693056728972369,0.0667841201564843,-0.200200143143142,0.0615887973486678,-1.03775677114326,0.299383307114614,89,19,20,20,26,32,31,"fitted",NA
"ambiguous_negative","full_factorial_only","ambiguous_negative_Growth_Non_calcifier","Growth","Growth","Non-calcifier","T_stressor",0.0165666261679114,0.0633825685936247,-0.107660925523233,0.140794177859055,0.261375115201275,0.793803245399627,89,19,20,20,26,32,31,"fitted",NA
"ambiguous_negative","full_factorial_only","ambiguous_negative_Growth_Non_calcifier","Growth","Growth","Non-calcifier","pH_T_interaction",0.031527180407178,0.0957640667109214,-0.156166941359319,0.219221302173675,0.329217226147546,0.741991503439162,89,19,20,20,26,32,31,"fitted",NA
"ambiguous_negative","full_factorial_only","ambiguous_negative_Development_Calcifier","Development","Development","Calcifier","pH_stressor",0.0973246870833189,0.0917147244233704,-0.0824328696385032,0.277082243805141,1.06116752457383,0.288613775212421,195,23,31,31,62,52,81,"fitted",NA
"ambiguous_negative","full_factorial_only","ambiguous_negative_Development_Calcifier","Development","Development","Calcifier","T_stressor",-0.118592495905995,0.0944573594174256,-0.303725518438904,0.0665405266269147,-1.25551356334144,0.209292387489205,195,23,31,31,62,52,81,"fitted",NA
"ambiguous_negative","full_factorial_only","ambiguous_negative_Development_Calcifier","Development","Development","Calcifier","pH_T_interaction",0.120087854205073,0.123755066449285,-0.122467618939887,0.362643327350034,0.970367174860557,0.331863504462419,195,23,31,31,62,52,81,"fitted",NA
"ambiguous_negative","full_factorial_only","ambiguous_negative_Development_Non_calcifier","Development","Development","Non-calcifier","pH_stressor",0.0618513084247766,0.174901457199719,-0.280949248530247,0.4046518653798,0.353635180718643,0.723612305487627,74,14,19,19,23,26,25,"fitted",NA
"ambiguous_negative","full_factorial_only","ambiguous_negative_Development_Non_calcifier","Development","Development","Non-calcifier","T_stressor",0.263685806196221,0.169726359258994,-0.0689717451785133,0.596343357570955,1.55359372196189,0.120281357775753,74,14,19,19,23,26,25,"fitted",NA
"ambiguous_negative","full_factorial_only","ambiguous_negative_Development_Non_calcifier","Development","Development","Non-calcifier","pH_T_interaction",0.0971098023376089,0.234365675357978,-0.362238480576435,0.556458085251653,0.414351641678245,0.678616598898042,74,14,19,19,23,26,25,"fitted",NA
"ambiguous_negative","full_factorial_only","ambiguous_negative_Physiology_Calcifier","Physiology","Physiology","Calcifier","pH_stressor",-0.0310546459205795,0.179312406002465,-0.382500503666635,0.320391211825476,-0.173187380688833,0.862504142509987,105,15,19,19,26,36,43,"fitted",NA
"ambiguous_negative","full_factorial_only","ambiguous_negative_Physiology_Calcifier","Physiology","Physiology","Calcifier","T_stressor",0.000488628398450654,0.17328793666232,-0.339149486414954,0.340126743211856,0.00281974849410797,0.997750169192598,105,15,19,19,26,36,43,"fitted",NA
"ambiguous_negative","full_factorial_only","ambiguous_negative_Physiology_Calcifier","Physiology","Physiology","Calcifier","pH_T_interaction",-0.11880890887475,0.213912703387952,-0.538070103350735,0.300452285601234,-0.555408383854972,0.578615359362401,105,15,19,19,26,36,43,"fitted",NA
"ambiguous_negative","full_factorial_only","ambiguous_negative_Physiology_Non_calcifier","Physiology","Physiology","Non-calcifier","pH_stressor",-0.00919117963352305,0.0479631625886952,-0.103197250892004,0.0848148916249584,-0.19162997470249,0.848032061214642,112,20,26,26,34,39,39,"fitted",NA
"ambiguous_negative","full_factorial_only","ambiguous_negative_Physiology_Non_calcifier","Physiology","Physiology","Non-calcifier","T_stressor",-0.185743279858017,0.0468926192719761,-0.277651124771839,-0.0938354349441954,-3.96103443871861,7.46257675939108e-05,112,20,26,26,34,39,39,"fitted",NA
"ambiguous_negative","full_factorial_only","ambiguous_negative_Physiology_Non_calcifier","Physiology","Physiology","Non-calcifier","pH_T_interaction",0.0990395141456438,0.0646903818802934,-0.0277513044858738,0.225830332777161,1.53097742302576,0.125774972579239,112,20,26,26,34,39,39,"fitted",NA
"ambiguous_negative","full_factorial_only","ambiguous_negative_Reproduction_Calcifier","Reproduction","Reproduction","Calcifier","pH_stressor",-0.148868129883969,0.0469049711879457,-0.240800184108232,-0.0569360756597066,-3.17382414088823,0.00150444813125434,185,15,26,26,53,45,87,"fitted",NA
"ambiguous_negative","full_factorial_only","ambiguous_negative_Reproduction_Calcifier","Reproduction","Reproduction","Calcifier","T_stressor",-0.0700079175667405,0.0487188170692093,-0.165495044391786,0.0254792092583049,-1.43697901094947,0.150723957539141,185,15,26,26,53,45,87,"fitted",NA
"ambiguous_negative","full_factorial_only","ambiguous_negative_Reproduction_Calcifier","Reproduction","Reproduction","Calcifier","pH_T_interaction",0.0768317229976101,0.0570733643501601,-0.0350300156052359,0.188693461600456,1.34619228903745,0.178240511219426,185,15,26,26,53,45,87,"fitted",NA
"ambiguous_negative","full_factorial_only","ambiguous_negative_Reproduction_Non_calcifier","Reproduction","Reproduction","Non-calcifier","pH_stressor",-0.0610164180397815,0.107607898063487,-0.271924022696273,0.14989118661671,-0.567025461307523,0.570696883166065,59,11,15,15,17,21,21,"fitted",NA
"ambiguous_negative","full_factorial_only","ambiguous_negative_Reproduction_Non_calcifier","Reproduction","Reproduction","Non-calcifier","T_stressor",-0.253499196326341,0.10349859096165,-0.456352707061817,-0.0506456855908644,-2.44930094188695,0.0143133801596033,59,11,15,15,17,21,21,"fitted",NA
"ambiguous_negative","full_factorial_only","ambiguous_negative_Reproduction_Non_calcifier","Reproduction","Reproduction","Non-calcifier","pH_T_interaction",0.0139602894828922,0.137756912365544,-0.256038297375015,0.283958876340799,0.101340028918824,0.919280541254952,59,11,15,15,17,21,21,"fitted",NA
"ambiguous_negative","full_factorial_only","ambiguous_negative_Survival_Calcifier","Survival","Survival","Calcifier","pH_stressor",0.194554116372988,0.162990784123794,-0.124901950321591,0.514010183067567,1.19365102400649,0.232614505936123,42,8,8,8,12,12,18,"fitted",NA
"ambiguous_negative","full_factorial_only","ambiguous_negative_Survival_Calcifier","Survival","Survival","Calcifier","T_stressor",0.221793244577767,0.167097192112354,-0.105711233880218,0.549297723035752,1.32733076944007,0.184399289736921,42,8,8,8,12,12,18,"fitted",NA
"ambiguous_negative","full_factorial_only","ambiguous_negative_Survival_Calcifier","Survival","Survival","Calcifier","pH_T_interaction",-0.176580794667577,0.208052139550513,-0.584355495093083,0.231193905757929,-0.848733375436908,0.396029670247308,42,8,8,8,12,12,18,"fitted",NA
"ambiguous_negative","full_factorial_only","ambiguous_negative_Survival_Non_calcifier","Survival","Survival","Non-calcifier","pH_stressor",0.0846982812013754,0.169601614594547,-0.24771477512378,0.417111337526531,0.499395488680085,0.617500796711591,52,12,13,13,16,17,19,"fitted",NA
"ambiguous_negative","full_factorial_only","ambiguous_negative_Survival_Non_calcifier","Survival","Survival","Non-calcifier","T_stressor",-0.0089653834308299,0.16822884139798,-0.338687853731771,0.320757086870111,-0.053292784734934,0.95749862898145,52,12,13,13,16,17,19,"fitted",NA
"ambiguous_negative","full_factorial_only","ambiguous_negative_Survival_Non_calcifier","Survival","Survival","Non-calcifier","pH_T_interaction",0.0299516973462034,0.199411853290908,-0.36088835319436,0.420791747886767,0.150200185454919,0.880606679583186,52,12,13,13,16,17,19,"fitted",NA
"ambiguous_negative","full_factorial_only","ambiguous_negative_Overall_Calcifier","Overall",NA,"Calcifier","pH_stressor",-0.0751311930066402,0.0511537711636912,-0.175390742160878,0.025128356147598,-1.46873224197336,0.141905428697752,710,43,77,77,206,191,313,"fitted",NA
"ambiguous_negative","full_factorial_only","ambiguous_negative_Overall_Calcifier","Overall",NA,"Calcifier","T_stressor",-0.0722788625548028,0.0518300094011507,-0.173863814299431,0.029306089189825,-1.39453693699693,0.163155523494101,710,43,77,77,206,191,313,"fitted",NA
"ambiguous_negative","full_factorial_only","ambiguous_negative_Overall_Calcifier","Overall",NA,"Calcifier","pH_T_interaction",0.0747791765335685,0.0649730190142067,-0.0525656007011127,0.20212395376825,1.1509266102783,0.249762429271099,710,43,77,77,206,191,313,"fitted",NA
"ambiguous_negative","full_factorial_only","ambiguous_negative_Overall_Non_calcifier","Overall",NA,"Non-calcifier","pH_stressor",-0.0592562697356961,0.0480726983768611,-0.153477027194001,0.0349644877226087,-1.23263872710374,0.217710581464842,388,37,64,64,117,135,136,"fitted",NA
"ambiguous_negative","full_factorial_only","ambiguous_negative_Overall_Non_calcifier","Overall",NA,"Non-calcifier","T_stressor",-0.0856229885706677,0.046114439584322,-0.176005629323187,0.00475965218185162,-1.8567500622902,0.0633467214276876,388,37,64,64,117,135,136,"fitted",NA
"ambiguous_negative","full_factorial_only","ambiguous_negative_Overall_Non_calcifier","Overall",NA,"Non-calcifier","pH_T_interaction",0.0899086500421096,0.0737395735525048,-0.054618258356142,0.234435558440361,1.21927271491599,0.222740701045165,388,37,64,64,117,135,136,"fitted",NA
