"direction_scenario","analysis_scope","analysis_id","Category","Response_category","Calcifier","term","estimate","se","ci_low","ci_high","zval","pval","k","n_studies","n_common_id","n_full_factorial_common_id","n_pH","n_T","n_TpH","model_status","model_message","interaction_interpretation"
"ambiguous_dropped","all_data","ambiguous_dropped_Growth_Calcifier","Growth","Growth","Calcifier","pH_T_interaction",0.0284865882411222,0.027422840116028,-0.0252611907400929,0.0822343672223373,1.03879058918017,0.29890213906087,542,183,249,20,354,104,84,"fitted",NA,"Combined effect is more positive than additive expectation"
"ambiguous_dropped","all_data","ambiguous_dropped_Growth_Non_calcifier","Growth","Growth","Non-calcifier","pH_T_interaction",0.0355053163978553,0.0734402610652048,-0.108434950305165,0.179445583100876,0.483458471999868,0.628770239426622,158,46,55,19,88,33,37,"fitted",NA,"Combined effect is more positive than additive expectation"
"ambiguous_dropped","all_data","ambiguous_dropped_Development_Calcifier","Development","Development","Calcifier","pH_T_interaction",0.635773688249552,0.134270490621174,0.372608362445528,0.898939014053576,4.73502171108692,2.19031650850905e-06,356,81,111,23,122,160,74,"fitted",NA,"Combined effect is more positive than additive expectation"
"ambiguous_dropped","all_data","ambiguous_dropped_Development_Non_calcifier","Development","Development","Non-calcifier","pH_T_interaction",0.0789616137713747,0.333150545004078,-0.574001455866509,0.731924683409259,0.237014811938573,0.812645299351961,65,18,26,14,21,21,23,"fitted",NA,"Combined effect is more positive than additive expectation"
"ambiguous_dropped","all_data","ambiguous_dropped_Physiology_Calcifier","Physiology","Physiology","Calcifier","pH_T_interaction",0.202029077498452,0.20326927103226,-0.196371372888489,0.600429527885392,0.993898765280604,0.320272155553963,169,50,91,3,97,35,37,"fitted",NA,"Combined effect is more positive than additive expectation"
"ambiguous_dropped","all_data","ambiguous_dropped_Physiology_Non_calcifier","Physiology","Physiology","Non-calcifier","pH_T_interaction",0.128849362914086,0.111489297871532,-0.089665645575776,0.347364371403947,1.15571059620949,0.247799552499599,149,51,65,6,75,58,16,"fitted",NA,"Combined effect is more positive than additive expectation"
"ambiguous_dropped","all_data","ambiguous_dropped_Reproduction_Calcifier","Reproduction","Reproduction","Calcifier","pH_T_interaction",0.114325946233823,0.0628763410435822,-0.00890941769125578,0.237561310158902,1.81826652658714,0.0690234063040611,371,63,102,26,135,123,113,"fitted",NA,"Combined effect is more positive than additive expectation"
"ambiguous_dropped","all_data","ambiguous_dropped_Reproduction_Non_calcifier","Reproduction","Reproduction","Non-calcifier","pH_T_interaction",-0.572892930806582,0.141485553077125,-0.850199519170478,-0.295586342442686,-4.04912670125615,5.14091085607138e-05,268,60,85,13,126,116,26,"fitted",NA,"Combined effect is more negative than additive expectation"
"ambiguous_dropped","all_data","ambiguous_dropped_Survival_Calcifier","Survival","Survival","Calcifier","pH_T_interaction",0.196781037915597,0.126779646613499,-0.0517025034195762,0.44526457925077,1.55215007433728,0.120626318809944,253,74,94,8,154,74,25,"fitted",NA,"Combined effect is more positive than additive expectation"
"ambiguous_dropped","all_data","ambiguous_dropped_Survival_Non_calcifier","Survival","Survival","Non-calcifier","pH_T_interaction",0.36468234500581,0.176549189545831,0.0186522919962462,0.710712398015374,2.06561324888519,0.0388650124250954,164,40,59,13,124,20,20,"fitted",NA,"Combined effect is more positive than additive expectation"
"ambiguous_dropped","all_data","ambiguous_dropped_Overall_Calcifier","Overall",NA,"Calcifier","pH_T_interaction",0.190605461409753,0.0458533127727913,0.100734619803231,0.280476303016274,4.15685257800731,3.22662051424661e-05,1691,285,472,61,862,496,333,"fitted",NA,"Combined effect is more positive than additive expectation"
"ambiguous_dropped","all_data","ambiguous_dropped_Overall_Non_calcifier","Overall",NA,"Non-calcifier","pH_T_interaction",-0.0173613277461804,0.0731522368067378,-0.160737077275932,0.126014421783571,-0.237331467963825,0.812399651458024,804,159,247,46,434,248,122,"fitted",NA,"Combined effect is more negative than additive expectation"
"ambiguous_dropped","full_factorial_only","ambiguous_dropped_Growth_Calcifier","Growth","Growth","Calcifier","pH_T_interaction",0.0292131734989386,0.0616810653587482,-0.091679493132269,0.150105840130146,0.473616552000675,0.635773370003293,136,18,20,20,35,39,62,"fitted",NA,"Combined effect is more positive than additive expectation"
"ambiguous_dropped","full_factorial_only","ambiguous_dropped_Growth_Non_calcifier","Growth","Growth","Non-calcifier","pH_T_interaction",0.0346761035211563,0.0834687249963049,-0.128919591307079,0.198271798349392,0.41543827969927,0.677821088819812,65,18,19,19,20,23,22,"fitted",NA,"Combined effect is more positive than additive expectation"
"ambiguous_dropped","full_factorial_only","ambiguous_dropped_Development_Calcifier","Development","Development","Calcifier","pH_T_interaction",0.178937143584023,0.121436666799187,-0.0590743497449734,0.41694863691302,1.47350177092659,0.140615786678284,146,17,23,23,45,37,64,"fitted",NA,"Combined effect is more positive than additive expectation"
"ambiguous_dropped","full_factorial_only","ambiguous_dropped_Development_Non_calcifier","Development","Development","Non-calcifier","pH_T_interaction",0.139755996473946,0.366254300380954,-0.578089241455638,0.857601234403531,0.381581858093082,0.702771542951821,46,11,14,14,14,16,16,"fitted",NA,"Combined effect is more positive than additive expectation"
"ambiguous_dropped","full_factorial_only","ambiguous_dropped_Physiology_Calcifier","Physiology","Physiology","Calcifier","pH_T_interaction",-0.198178860825001,0.613750476059758,-1.40110768939644,1.00474996774644,-0.322898097118063,0.746772417469456,21,3,3,3,6,6,9,"fitted",NA,"Combined effect is more negative than additive expectation"
"ambiguous_dropped","full_factorial_only","ambiguous_dropped_Physiology_Non_calcifier","Physiology","Physiology","Non-calcifier","pH_T_interaction",0.00521828518281488,0.0967408768287117,-0.184390349234285,0.194826919599915,0.0539408505884676,0.956982289961396,27,6,6,6,7,10,10,"fitted",NA,"Combined effect is more positive than additive expectation"
"ambiguous_dropped","full_factorial_only","ambiguous_dropped_Reproduction_Calcifier","Reproduction","Reproduction","Calcifier","pH_T_interaction",0.0768317229976101,0.0570733643501601,-0.0350300156052359,0.188693461600456,1.34619228903745,0.178240511219426,185,15,26,26,53,45,87,"fitted",NA,"Combined effect is more positive than additive expectation"
"ambiguous_dropped","full_factorial_only","ambiguous_dropped_Reproduction_Non_calcifier","Reproduction","Reproduction","Non-calcifier","pH_T_interaction",-0.00692279542199773,0.150441841837802,-0.301783387191961,0.287937796347965,-0.0460164229407767,0.96329716016135,53,10,13,13,15,19,19,"fitted",NA,"Combined effect is more negative than additive expectation"
"ambiguous_dropped","full_factorial_only","ambiguous_dropped_Survival_Calcifier","Survival","Survival","Calcifier","pH_T_interaction",-0.176580794667577,0.208052139550513,-0.584355495093083,0.231193905757929,-0.848733375436908,0.396029670247308,42,8,8,8,12,12,18,"fitted",NA,"Combined effect is more negative than additive expectation"
"ambiguous_dropped","full_factorial_only","ambiguous_dropped_Survival_Non_calcifier","Survival","Survival","Non-calcifier","pH_T_interaction",0.0299516973462034,0.199411853290908,-0.36088835319436,0.420791747886767,0.150200185454919,0.880606679583186,52,12,13,13,16,17,19,"fitted",NA,"Combined effect is more positive than additive expectation"
"ambiguous_dropped","full_factorial_only","ambiguous_dropped_Overall_Calcifier","Overall",NA,"Calcifier","pH_T_interaction",0.123030612020278,0.0661817317143391,-0.00668319857431851,0.252744422614875,1.85898145656443,0.0630297668517256,567,35,61,61,167,143,257,"fitted",NA,"Combined effect is more positive than additive expectation"
"ambiguous_dropped","full_factorial_only","ambiguous_dropped_Overall_Non_calcifier","Overall",NA,"Non-calcifier","pH_T_interaction",0.0891014517723592,0.111331534684817,-0.129104346553453,0.307307250098172,0.800325370746109,0.42352230738948,245,30,46,46,73,85,87,"fitted",NA,"Combined effect is more positive than additive expectation"
"ambiguous_negative","all_data","ambiguous_negative_Growth_Calcifier","Growth","Growth","Calcifier","pH_T_interaction",0.0311842498470604,0.0269794981493077,-0.0216945948465477,0.0840630945406685,1.15584988551244,0.247742564098852,550,187,254,21,355,109,86,"fitted",NA,"Combined effect is more positive than additive expectation"
"ambiguous_negative","all_data","ambiguous_negative_Growth_Non_calcifier","Growth","Growth","Non-calcifier","pH_T_interaction",0.0138046909689277,0.0841245721153966,-0.151076440592092,0.178685822529947,0.164098201295946,0.869653837777498,207,63,74,20,118,42,47,"fitted",NA,"Combined effect is more positive than additive expectation"
"ambiguous_negative","all_data","ambiguous_negative_Development_Calcifier","Development","Development","Calcifier","pH_T_interaction",0.481433380303227,0.125784765772009,0.234899769586283,0.727966991020171,3.82743790433135,0.000129484035310659,452,101,138,31,172,181,99,"fitted",NA,"Combined effect is more positive than additive expectation"
"ambiguous_negative","all_data","ambiguous_negative_Development_Non_calcifier","Development","Development","Non-calcifier","pH_T_interaction",0.0907357051195569,0.213698008620967,-0.328104695345467,0.509576105584581,0.424597803718862,0.67112989434121,103,25,37,19,35,33,35,"fitted",NA,"Combined effect is more positive than additive expectation"
"ambiguous_negative","all_data","ambiguous_negative_Physiology_Calcifier","Physiology","Physiology","Calcifier","pH_T_interaction",0.0913775331498708,0.135646169587076,-0.17448407388161,0.357239140181352,0.673646247645884,0.500536243164297,361,82,152,19,195,79,87,"fitted",NA,"Combined effect is more positive than additive expectation"
"ambiguous_negative","all_data","ambiguous_negative_Physiology_Non_calcifier","Physiology","Physiology","Non-calcifier","pH_T_interaction",0.118139931163979,0.0830461224787572,-0.0446274779500868,0.280907340278046,1.42258214637534,0.154857322596962,343,89,124,26,183,102,58,"fitted",NA,"Combined effect is more positive than additive expectation"
"ambiguous_negative","all_data","ambiguous_negative_Reproduction_Calcifier","Reproduction","Reproduction","Calcifier","pH_T_interaction",-0.0225140887542664,0.056701557819142,-0.1336470999471,0.0886189224385674,-0.39706296652516,0.691321028327692,450,97,145,26,210,125,115,"fitted",NA,"Combined effect is more negative than additive expectation"
"ambiguous_negative","all_data","ambiguous_negative_Reproduction_Non_calcifier","Reproduction","Reproduction","Non-calcifier","pH_T_interaction",-0.581782367705803,0.12318130132051,-0.823213281862778,-0.340351453548829,-4.72297630784111,2.32417934286007e-06,326,88,122,15,173,123,30,"fitted",NA,"Combined effect is more negative than additive expectation"
"ambiguous_negative","all_data","ambiguous_negative_Survival_Calcifier","Survival","Survival","Calcifier","pH_T_interaction",0.367719931851409,0.11717566543457,0.138059847735137,0.59738001596768,3.13819367261662,0.00169992515379886,280,76,99,8,154,86,40,"fitted",NA,"Combined effect is more positive than additive expectation"
"ambiguous_negative","all_data","ambiguous_negative_Survival_Non_calcifier","Survival","Survival","Non-calcifier","pH_T_interaction",0.219784853583042,0.13938660671261,-0.0534078755009219,0.492977582667006,1.57680037391397,0.114841465600513,212,62,89,13,142,50,20,"fitted",NA,"Combined effect is more positive than additive expectation"
"ambiguous_negative","all_data","ambiguous_negative_Overall_Calcifier","Overall",NA,"Calcifier","pH_T_interaction",0.178642632549394,0.0440448684949007,0.092316276595586,0.264968988503203,4.05592384888325,4.99365283300019e-05,2093,310,527,77,1086,580,427,"fitted",NA,"Combined effect is more positive than additive expectation"
"ambiguous_negative","all_data","ambiguous_negative_Overall_Non_calcifier","Overall",NA,"Non-calcifier","pH_T_interaction",-0.0158884840360748,0.0560980702325582,-0.125838681294087,0.0940617132219378,-0.283226926883724,0.777002888395527,1191,223,368,64,651,350,190,"fitted",NA,"Combined effect is more negative than additive expectation"
"ambiguous_negative","full_factorial_only","ambiguous_negative_Growth_Calcifier","Growth","Growth","Calcifier","pH_T_interaction",0.0251186478374215,0.0591974383117235,-0.0909061992305881,0.141143494905431,0.424319844807322,0.671332568447344,139,19,21,21,36,40,63,"fitted",NA,"Combined effect is more positive than additive expectation"
"ambiguous_negative","full_factorial_only","ambiguous_negative_Growth_Non_calcifier","Growth","Growth","Non-calcifier","pH_T_interaction",0.031527180407178,0.0957640667109214,-0.156166941359319,0.219221302173675,0.329217226147546,0.741991503439162,89,19,20,20,26,32,31,"fitted",NA,"Combined effect is more positive than additive expectation"
"ambiguous_negative","full_factorial_only","ambiguous_negative_Development_Calcifier","Development","Development","Calcifier","pH_T_interaction",0.120087854205073,0.123755066449285,-0.122467618939887,0.362643327350034,0.970367174860557,0.331863504462419,195,23,31,31,62,52,81,"fitted",NA,"Combined effect is more positive than additive expectation"
"ambiguous_negative","full_factorial_only","ambiguous_negative_Development_Non_calcifier","Development","Development","Non-calcifier","pH_T_interaction",0.0971098023376089,0.234365675357978,-0.362238480576435,0.556458085251653,0.414351641678245,0.678616598898042,74,14,19,19,23,26,25,"fitted",NA,"Combined effect is more positive than additive expectation"
"ambiguous_negative","full_factorial_only","ambiguous_negative_Physiology_Calcifier","Physiology","Physiology","Calcifier","pH_T_interaction",-0.11880890887475,0.213912703387952,-0.538070103350735,0.300452285601234,-0.555408383854972,0.578615359362401,105,15,19,19,26,36,43,"fitted",NA,"Combined effect is more negative than additive expectation"
"ambiguous_negative","full_factorial_only","ambiguous_negative_Physiology_Non_calcifier","Physiology","Physiology","Non-calcifier","pH_T_interaction",0.0990395141456438,0.0646903818802934,-0.0277513044858738,0.225830332777161,1.53097742302576,0.125774972579239,112,20,26,26,34,39,39,"fitted",NA,"Combined effect is more positive than additive expectation"
"ambiguous_negative","full_factorial_only","ambiguous_negative_Reproduction_Calcifier","Reproduction","Reproduction","Calcifier","pH_T_interaction",0.0768317229976101,0.0570733643501601,-0.0350300156052359,0.188693461600456,1.34619228903745,0.178240511219426,185,15,26,26,53,45,87,"fitted",NA,"Combined effect is more positive than additive expectation"
"ambiguous_negative","full_factorial_only","ambiguous_negative_Reproduction_Non_calcifier","Reproduction","Reproduction","Non-calcifier","pH_T_interaction",0.0139602894828922,0.137756912365544,-0.256038297375015,0.283958876340799,0.101340028918824,0.919280541254952,59,11,15,15,17,21,21,"fitted",NA,"Combined effect is more positive than additive expectation"
"ambiguous_negative","full_factorial_only","ambiguous_negative_Survival_Calcifier","Survival","Survival","Calcifier","pH_T_interaction",-0.176580794667577,0.208052139550513,-0.584355495093083,0.231193905757929,-0.848733375436908,0.396029670247308,42,8,8,8,12,12,18,"fitted",NA,"Combined effect is more negative than additive expectation"
"ambiguous_negative","full_factorial_only","ambiguous_negative_Survival_Non_calcifier","Survival","Survival","Non-calcifier","pH_T_interaction",0.0299516973462034,0.199411853290908,-0.36088835319436,0.420791747886767,0.150200185454919,0.880606679583186,52,12,13,13,16,17,19,"fitted",NA,"Combined effect is more positive than additive expectation"
"ambiguous_negative","full_factorial_only","ambiguous_negative_Overall_Calcifier","Overall",NA,"Calcifier","pH_T_interaction",0.0747791765335685,0.0649730190142067,-0.0525656007011127,0.20212395376825,1.1509266102783,0.249762429271099,710,43,77,77,206,191,313,"fitted",NA,"Combined effect is more positive than additive expectation"
"ambiguous_negative","full_factorial_only","ambiguous_negative_Overall_Non_calcifier","Overall",NA,"Non-calcifier","pH_T_interaction",0.0899086500421096,0.0737395735525048,-0.054618258356142,0.234435558440361,1.21927271491599,0.222740701045165,388,37,64,64,117,135,136,"fitted",NA,"Combined effect is more positive than additive expectation"
