"direction_scenario","analysis_scope","analysis_id","Category","Response_category","Calcifier","model","model_status","model_message","k","n_studies","n_common_id","n_full_factorial_common_id","n_pH","n_T","n_TpH","rank_X","sigma2","QE","QE_df","QEp","logLik","AIC","BIC"
"ambiguous_dropped","all_data","ambiguous_dropped_Growth_Calcifier","Growth","Growth","Calcifier","yi ~ 0 + pH_stressor + T_stressor + pH_T_interaction + random(~1 | Study_ID/ES_ID)","fitted",NA,542,183,249,20,354,104,84,3,"0.021144; 0.01389",889372.577457317,539,0,-20.6198358854529,51.2396717709058,72.6882496254508
"ambiguous_dropped","all_data","ambiguous_dropped_Growth_Non_calcifier","Growth","Growth","Non-calcifier","yi ~ 0 + pH_stressor + T_stressor + pH_T_interaction + random(~1 | Study_ID/ES_ID)","fitted",NA,158,46,55,19,88,33,37,3,"0.005361; 0.063209",139078383.579559,155,0,-36.1514479593983,82.3028959187966,97.5200215033929
"ambiguous_dropped","all_data","ambiguous_dropped_Development_Calcifier","Development","Development","Calcifier","yi ~ 0 + pH_stressor + T_stressor + pH_T_interaction + random(~1 | Study_ID/ES_ID)","fitted",NA,356,81,111,23,122,160,74,3,"0.281259; 0.33227",169176586.137522,353,0,-418.501204924862,847.002409849724,866.33475013439
"ambiguous_dropped","all_data","ambiguous_dropped_Development_Non_calcifier","Development","Development","Non-calcifier","yi ~ 0 + pH_stressor + T_stressor + pH_T_interaction + random(~1 | Study_ID/ES_ID)","fitted",NA,65,18,26,14,21,21,23,3,"0.636041; 0.416703",1665.69683603021,62,3.21928126231117e-307,-84.7033018156208,179.406603631242,190.042275556467
"ambiguous_dropped","all_data","ambiguous_dropped_Physiology_Calcifier","Physiology","Physiology","Calcifier","yi ~ 0 + pH_stressor + T_stressor + pH_T_interaction + random(~1 | Study_ID/ES_ID)","fitted",NA,169,50,91,3,97,35,37,3,"0.380262; 0.36729",2166860.16799026,166,0,-207.108285883284,424.216571766568,439.776510708351
"ambiguous_dropped","all_data","ambiguous_dropped_Physiology_Non_calcifier","Physiology","Physiology","Non-calcifier","yi ~ 0 + pH_stressor + T_stressor + pH_T_interaction + random(~1 | Study_ID/ES_ID)","fitted",NA,149,51,65,6,75,58,16,3,"0.079194; 0.067373",38541896.108055,146,0,-90.8677863222515,191.735572644503,206.653605753045
"ambiguous_dropped","all_data","ambiguous_dropped_Reproduction_Calcifier","Reproduction","Reproduction","Calcifier","yi ~ 0 + pH_stressor + T_stressor + pH_T_interaction + random(~1 | Study_ID/ES_ID)","fitted",NA,371,63,102,26,135,123,113,3,"0.080727; 0.082426",16298700.1337985,368,0,-184.677167702501,379.354335405001,398.894750095846
"ambiguous_dropped","all_data","ambiguous_dropped_Reproduction_Non_calcifier","Reproduction","Reproduction","Non-calcifier","yi ~ 0 + pH_stressor + T_stressor + pH_T_interaction + random(~1 | Study_ID/ES_ID)","fitted",NA,268,60,85,13,126,116,26,3,"0.11787; 0.234118",147841525.188848,265,0,-234.760782984574,479.521565969148,497.420215099079
"ambiguous_dropped","all_data","ambiguous_dropped_Survival_Calcifier","Survival","Survival","Calcifier","yi ~ 0 + pH_stressor + T_stressor + pH_T_interaction + random(~1 | Study_ID/ES_ID)","fitted",NA,253,74,94,8,154,74,25,3,"0.070061; 0.112072",2513928.08937483,250,0,-179.620918454129,369.241836908259,386.84914149757
"ambiguous_dropped","all_data","ambiguous_dropped_Survival_Non_calcifier","Survival","Survival","Non-calcifier","yi ~ 0 + pH_stressor + T_stressor + pH_T_interaction + random(~1 | Study_ID/ES_ID)","fitted",NA,164,40,59,13,124,20,20,3,"0.15247; 0.208529",61372972.6505332,161,0,-151.412903779472,312.825807558943,328.232829383866
"ambiguous_dropped","all_data","ambiguous_dropped_Overall_Calcifier","Overall",NA,"Calcifier","yi ~ 0 + pH_stressor + T_stressor + pH_T_interaction + random(~1 | Study_ID/ES_ID)","fitted",NA,1691,285,472,61,862,496,333,3,"0.108942; 0.177526",39300087.2508118,1688,0,-1438.77749919294,2887.55499838587,2914.71149676165
"ambiguous_dropped","all_data","ambiguous_dropped_Overall_Non_calcifier","Overall",NA,"Non-calcifier","yi ~ 0 + pH_stressor + T_stressor + pH_T_interaction + random(~1 | Study_ID/ES_ID)","fitted",NA,804,159,247,46,434,248,122,3,"0.068454; 0.246355",723130839.619836,801,0,-732.129507117471,1474.25901423494,1497.68831897028
