x,y
1,0.17236413247550822
1.0909090909090908,0.16852293306867352
1.1818181818181819,0.1647015461228325
1.2727272727272727,0.16090084507971097
1.3636363636363638,0.15712174095945294
1.4545454545454546,0.15336518301090382
1.5454545454545454,0.14963215918245107
1.6363636363636362,0.14592369637736077
1.7272727272727273,0.14224086045393472
1.8181818181818183,0.13858475592730635
1.9090909090909092,0.13495652532644717
2,0.13135734815714342
2.090909090909091,0.12778843941954549
2.1818181818181817,0.12425104762763997
2.2727272727272725,0.12074645227793215
2.3636363636363638,0.11727596071607077
2.4545454545454546,0.11384090435342481
2.5454545454545454,0.11044263419107395
2.6363636363636367,0.10708251561661238
2.7272727272727275,0.10376192244986938
2.8181818181818183,0.10048223022731338
2.909090909090909,0.09724480873162328
3,0.09405101379261295
3.090909090909091,0.09090217840813998
3.1818181818181817,0.08779960325834213
3.272727272727273,0.08474454671281753
3.3636363636363638,0.08173821445723162
3.4545454545454546,0.07878174889209949
3.5454545454545454,0.07587621848076295
3.6363636363636362,0.07302260724433476
3.7272727272727275,0.07022180461706815
3.8181818181818183,0.06747459588475732
3.909090909090909,0.0647816534301384
4,0.06214352900194228
4.090909090909091,0.0595606472078251
4.181818181818182,0.05703330040600449
4.272727272727273,0.05456164513679697
4.363636363636363,0.052145700194715205
4.454545454545455,0.04978534639619207
4.545454545454545,0.04748032804959956
4.636363636363637,0.045230256085484824
4.7272727272727275,0.0430346127583586
4.818181818181818,0.040892757789253484
4.909090909090909,0.03880393578260556
5,0.03676728472327498
5.090909090909091,0.034781845340615375
5.181818181818182,0.03284657111672783
5.2727272727272725,0.030960338715105895
5.363636363636363,0.029121958613020207
5.454545454545455,0.027330185735036205
5.545454545454546,0.025583729904585878
5.636363636363637,0.023881265953981337
5.7272727272727275,0.022221443359125875
5.818181818181818,0.02060289529200998
5.909090909090909,0.019024247010618514
6,0.01748412353109423
6.090909090909091,0.015981156550120362
6.181818181818182,0.014513990605968044
6.2727272727272725,0.01308128848419482
6.363636363636364,0.011681735888474251
6.454545454545455,0.010314045408527067
6.545454545454546,0.008976959825792247
6.636363636363637,0.0076692548035736385
6.7272727272727275,0.006389741012234357
6.818181818181818,0.005137265741920791
6.909090909090909,0.003910714055614467
7,0.002709009534350451
7.090909090909091,0.0015311146645044932
7.181818181818182,3.7603091439390723e-4
7.2727272727272725,-7.572014557103018e-4
7.363636363636364,-0.0018695038095147692
7.454545454545455,-0.0029617597395289047
7.545454545454546,-0.004034815827359095
7.636363636363637,-0.0050894825295957485
7.7272727272727275,-0.006126535162829405
7.818181818181818,-0.007146714964551895
7.909090909090909,-0.008150730209697518
8,-0.009139257365337952
8.09090909090909,-0.01011294226855644
8.181818181818182,-0.011072401314791355
8.272727272727273,-0.012018222645965554
8.363636363636363,-0.012950967329516505
8.454545454545455,-0.01387117052102596
8.545454545454547,-0.014779342604535034
8.636363636363637,-0.015675970305837644
8.727272727272727,-0.016561517775086035
8.818181818181818,-0.017436427635937474
8.90909090909091,-0.018301121999235004
9,-0.01915600343986057
9.090909090909092,-0.02000145593594381
9.181818181818182,-0.020837845770062757
9.272727272727273,-0.021665522392448844
9.363636363636363,-0.022484819246515242
9.454545454545455,-0.023296054557276957
9.545454545454545,-0.02409953208342855
9.636363636363637,-0.02489554183400139
9.727272727272727,-0.025684360750640234
9.818181818181818,-0.026466253356627112
9.90909090909091,-0.027241472373841585
10,-0.02801025930888726
10,-0.308020444420262
9.90909090909091,-0.3038610820974553
9.818181818181818,-0.2997081518568174
9.727272727272727,-0.2955618952049518
9.636363636363637,-0.2914225648637382
9.545454545454545,-0.28729042535645855
9.454545454545455,-0.2831657536247578
9.363636363636363,-0.2790488396776671
9.272727272727273,-0.27493998727388114
9.181818181818182,-0.27083951463841477
9.090909090909092,-0.26674775521468136
9,-0.26266505845291216
8.90909090909091,-0.2585917906356853
8.818181818181818,-0.25452833574113043
8.727272727272727,-0.2504750963441294
8.636363636363637,-0.24643249455552543
8.545454545454547,-0.2424009729989757
8.454545454545455,-0.23838099582463232
8.363636363636363,-0.23437304975828932
8.272727272727273,-0.23037764518398787
8.181818181818182,-0.2263953172573096
8.09090909090909,-0.22242662704569208
8,-0.21847216269105824
7.909090909090909,-0.21453254058884624
7.818181818181818,-0.2106084065761395
7.7272727272727275,-0.20670043712000952
7.636363636363637,-0.2028093404953908
7.545454545454546,-0.19893585793977503
7.454545454545455,-0.19508076476975283
7.363636363636364,-0.19124487144191454
7.2727272727272725,-0.18742902453786658
7.181818181818182,-0.1836341076501184
7.090909090909091,-0.17986104214237653
7,-0.17611078775437006
6.909090909090909,-0.1723843430177817
6.818181818181818,-0.16868274544623563
6.7272727272727275,-0.16500707145869678
6.636363636363637,-0.16135843599218366
6.545454545454546,-0.15773799175654982
6.454545454545455,-0.15414692808143224
6.363636363636364,-0.15058646930352704
6.2727272727272725,-0.14705787264139514
6.181818181818182,-0.14356242550531595
6.090909090909091,-0.14010144219161588
6,-0.1366762599147373
5.909090909090909,-0.13328823413640917
5.818181818181818,-0.12993873315994825
5.7272727272727275,-0.12662913196921174
5.636363636363637,-0.12336080530621481
5.545454545454546,-0.12013511999896695
5.454545454545455,-0.11695342657156482
5.363636363636363,-0.11381705019169637
5.2727272727272725,-0.11072728103592966
5.181818181818182,-0.10768536417969919
5.090909090909091,-0.10469248914573434
5,-0.10174977927054155
4.909090909090909,-0.09885828107201973
4.818181818181818,-0.0960189538208152
4.7272727272727275,-0.09323265953206791
4.636363636363637,-0.09050015360134174
4.545454545454545,-0.08782207630760402
4.454545454545455,-0.08519894539634416
4.363636363636363,-0.08263114993701484
4.272727272727273,-0.08011894562124426
4.181818181818182,-0.07766245163259933
4.090909090909091,-0.07526164917656751
4,-0.0729163817128323
3.909090909090909,-0.07062635688317602
3.8181818181818183,-0.06839115007994251
3.7272727272727275,-0.06621020955440093
3.6363636363636362,-0.06408286292381513
3.5454545454545454,-0.06200832490239089
3.4545454545454546,-0.05998570605587503
3.3636363636363638,-0.058014022363154755
3.272727272727273,-0.05609220536088824
3.1818181818181817,-0.054219112648560414
3.090909090909091,-0.052393538540505866
3,-0.05061422466712641
2.909090909090909,-0.04887987034828434
2.8181818181818183,-0.04718914258612204
2.7272727272727275,-0.04554068555082562
2.6363636363636367,-0.04393312945971621
2.5454545454545454,-0.042365098776325355
2.4545454545454546,-0.04083521968082382
2.3636363636363638,-0.039342126785617354
2.2727272727272725,-0.03788446908962631
2.1818181818181817,-0.03646091518148171
2.090909090909091,-0.03507015771553484
2,-0.033710917195280354
1.9090909090909092,-0.032381945106731695
1.8181818181818183,-0.031082026449738474
1.7272727272727273,-0.029809981718514407
1.6363636363636362,-0.028564668384088054
1.5454545454545454,-0.027344981931325944
1.4545454545454546,-0.026149856501926277
1.3636363636363638,-0.024978265192623
1.2727272727272727,-0.023829220055028605
1.1818181818181819,-0.022701771840297688
1.0909090909090908,-0.02159500952828633
1,-0.020508059677268625
1,0.17236413247550822
