delta_T,delta_CO2,CO2_label,interaction_term,pred,se,ci_lb,ci_ub
1.1,472.75,ΔCO2 = 473 ppm,520.0250000000001,-0.3033362069961,0.1647688041224046,-0.6262771288517477,0.01960471485954779
1.1,746.0999999999999,ΔCO2 = 746 ppm,820.7099999999999,-0.31691861142232675,0.15231875061015243,-0.6154578767883638,-0.018379346056289658
1.1,1219.3,ΔCO2 = 1219 ppm,1341.23,-0.3404313012869344,0.16989746409556405,-0.6734242119789269,-0.007438390594941946
1.184848484848485,472.75,ΔCO2 = 473 ppm,560.1371212121213,-0.305303721716358,0.16223634804436854,-0.6232811208666256,0.012673677433909514
1.184848484848485,746.0999999999999,ΔCO2 = 746 ppm,884.0154545454545,-0.3193984301564172,0.15028398928855172,-0.6139496366149818,-0.02484722369785264
1.184848484848485,1219.3,ΔCO2 = 1219 ppm,1444.6857575757579,-0.3437979766493239,0.16757468046569077,-0.6722383150828855,-0.015357638215762304
1.2696969696969698,472.75,ΔCO2 = 473 ppm,600.2492424242424,-0.30727123643661597,0.15975457286895675,-0.6203844456253508,0.00584197275211884
1.2696969696969698,746.0999999999999,ΔCO2 = 746 ppm,947.320909090909,-0.32187824889050765,0.14829420778092395,-0.612529555257018,-0.031226942523997325
1.2696969696969698,1219.3,ΔCO2 = 1219 ppm,1548.1415151515153,-0.34716465201171326,0.16530575924369742,-0.6711579865664092,-0.023171317457017282
1.3545454545454547,472.75,ΔCO2 = 473 ppm,640.3613636363638,-0.30923875115687394,0.15732587704899453,-0.6175918040090798,-8.856983046680589e-4
1.3545454545454547,746.0999999999999,ΔCO2 = 746 ppm,1010.6263636363636,-0.3243580676245981,0.1463512407262363,-0.6112012285407727,-0.0375149067084235
1.3545454545454547,1219.3,ΔCO2 = 1219 ppm,1651.5972727272729,-0.35053132737410264,0.16309294841891278,-0.6701876324076204,-0.030875022340584923
1.4393939393939394,472.75,ΔCO2 = 473 ppm,680.4734848484849,-0.31120626587713196,0.15495275646741835,-0.6149080878584778,-0.007504443895786139
1.4393939393939394,746.0999999999999,ΔCO2 = 746 ppm,1073.931818181818,-0.32683788635868855,0.1444569771201526,-0.6099683588297142,-0.043707413887662916
1.4393939393939394,1219.3,ΔCO2 = 1219 ppm,1755.0530303030303,-0.3538980027364921,0.16093856246311836,-0.6693317888878538,-0.03846421658513033
1.5242424242424244,472.75,ΔCO2 = 473 ppm,720.5856060606061,-0.31317378059739,0.15263780329718446,-0.6123383777391807,-0.014009183455599372
1.5242424242424244,746.0999999999999,ΔCO2 = 746 ppm,1137.2372727272727,-0.329317705092779,0.14261335768826994,-0.6088347498761164,-0.04980066030944158
1.5242424242424244,1219.3,ΔCO2 = 1219 ppm,1858.508787878788,-0.3572646780988815,0.1588449786121612,-0.6685951153037526,-0.045934240894010436
1.6090909090909093,472.75,ΔCO2 = 473 ppm,760.6977272727274,-0.31514129531764795,0.15038370378751842,-0.6098879386029237,-0.020394652032372174
1.6090909090909093,746.0999999999999,ΔCO2 = 746 ppm,1200.5427272727272,-0.3317975238268695,0.1408223715160313,-0.60780430021581,-0.055790747437929056
1.6090909090909093,1219.3,ΔCO2 = 1219 ppm,1961.9645454545457,-0.36063135346127095,0.15681463213547023,-0.6679823846956899,-0.05328032222685197
1.693939393939394,472.75,ΔCO2 = 473 ppm,800.8098484848485,-0.3171088100379059,0.1481932348160245,-0.6075622130298011,-0.026655407046010715
1.693939393939394,746.0999999999999,ΔCO2 = 746 ppm,1263.8481818181817,-0.3342773425609599,0.13908605186546377,-0.6068809949691388,-0.06167369015278101
1.693939393939394,1219.3,ΔCO2 = 1219 ppm,2065.4203030303033,-0.36399802882366034,0.15485001050096753,-0.6674984724112059,-0.06049758523611487
1.7787878787878788,472.75,ΔCO2 = 473 ppm,840.9219696969697,-0.31907632475816394,0.14606925904017543,-0.6053668117253594,-0.0327858377909685
1.7787878787878788,746.0999999999999,ΔCO2 = 746 ppm,1327.1536363636362,-0.3367571612950504,0.13740647111214382,-0.6060688959175956,-0.0674454266725052
1.7787878787878788,1219.3,ΔCO2 = 1219 ppm,2168.8760606060605,-0.3673647041860498,0.152953646348816,-0.6671483423338054,-0.06758106603829411
1.8636363636363638,472.75,ΔCO2 = 473 ppm,881.034090909091,-0.32104383947842197,0.1440147184796663,-0.6033075009422428,-0.03878017801460115
1.8636363636363638,746.0999999999999,ΔCO2 = 746 ppm,1390.4590909090907,-0.3392369800291409,0.1357857347415735,-0.6053721297369341,-0.0731018303213477
1.8636363636363638,1219.3,ΔCO2 = 1219 ppm,2272.331818181818,-0.3707313795484392,0.15112810919722905,-0.6669370306266446,-0.07452572847023387
1.9484848484848487,472.75,ΔCO2 = 473 ppm,921.1462121212122,-0.32301135419867993,0.14203262636427028,-0.6013901865022837,-0.044632521895076105
1.9484848484848487,746.0999999999999,ΔCO2 = 746 ppm,1453.7645454545454,-0.3417167987632313,0.13422597435285055,-0.6047948742846153,-0.07863872324184729
1.9484848484848487,1219.3,ΔCO2 = 1219 ppm,2375.7875757575757,-0.3740980549108286,0.14937599581774344,-0.6668696268684113,-0.0813264829532458
2.033333333333333,472.75,ΔCO2 = 473 ppm,961.2583333333333,-0.32497886891893796,0.14012605709150053,-0.5996208941138823,-0.05033684372399355
2.033333333333333,746.0999999999999,ΔCO2 = 746 ppm,1517.0699999999997,-0.3441966174973218,0.13272933962949504,-0.604341342862917,-0.08405189213172665
2.033333333333333,1219.3,ΔCO2 = 1219 ppm,2479.243333333333,-0.37746473027321803,0.1476999192363944,-0.6669512524960257,-0.08797820805041034
2.118181818181818,472.75,ΔCO2 = 473 ppm,1001.3704545454545,-0.3269463836391959,0.1382981341559304,-0.5980057457139081,-0.05588702156448372
2.118181818181818,746.0999999999999,ΔCO2 = 746 ppm,1580.3754545454544,-0.34667643623141225,0.13129798925283734,-0.6040157664095005,-0.08933710605332407
2.118181818181818,1219.3,ΔCO2 = 1219 ppm,2582.699090909091,-0.38083140563560747,0.14610249634148745,-0.6671870365163178,-0.0944757747548971
2.203030303030303,472.75,ΔCO2 = 473 ppm,1041.482575757576,-0.3289138983594539,0.13655201593874827,-0.5965509316157398,-0.06127686510316793
2.203030303030303,746.0999999999999,ΔCO2 = 746 ppm,1643.680909090909,-0.3491562549655027,0.12993408075266913,-0.6038223736050532,-0.09449013632595221
2.203030303030303,1219.3,ΔCO2 = 1219 ppm,2686.1548484848486,-0.38419808099799685,0.14458633410828725,-0.667582088506915,-0.10081407348907873
2.287878787878788,472.75,ΔCO2 = 473 ppm,1081.594696969697,-0.33088141307971186,0.13489087928315904,-0.5952626783176436,-0.0665001478417801
2.287878787878788,746.0999999999999,ΔCO2 = 746 ppm,1706.9863636363636,-0.35163607369959315,0.12863975931293828,-0.6037653689328532,-0.09950677846633316
2.287878787878788,1219.3,ΔCO2 = 1219 ppm,2789.610606060606,-0.3875647563603863,0.14315401448584733,-0.6681414689949722,-0.1069880437258004
2.372727272727273,472.75,ΔCO2 = 473 ppm,1121.7068181818183,-0.33284892779996994,0.1333179008293883,-0.5941472119200535,-0.07155064367988634
2.372727272727273,746.0999999999999,ΔCO2 = 746 ppm,1770.2918181818181,-0.35411589243368363,0.127417145576986,-0.6038489087774732,-0.10438287608989408
2.372727272727273,1219.3,ΔCO2 = 1219 ppm,2893.066363636364,-0.3909314317227757,0.14180807803096804,-0.6688701573803186,-0.11299270606523276
2.457575757575758,472.75,ΔCO2 = 473 ppm,1161.8189393939397,-0.3348164425202279,0.13183623614260467,-0.5932107172170508,-0.07642216782340505
2.457575757575758,746.0999999999999,ΔCO2 = 746 ppm,1833.5972727272729,-0.35659571116777405,0.12626832252679057,-0.6040770757085712,-0.109114346626977
2.457575757575758,1219.3,ΔCO2 = 1219 ppm,2996.5221212121214,-0.3942981070851651,0.1405510064181045,-0.6697730176555079,-0.11882319651482237
2.542424242424243,472.75,ΔCO2 = 473 ppm,1201.9310606060608,-0.3367839572404859,0.13044899673767457,-0.592459292665711,-0.0811086218152608
2.542424242424243,746.0999999999999,ΔCO2 = 746 ppm,1896.9027272727274,-0.35907552990186453,0.12519532154325483,-0.6044538511595554,-0.1136972086441736
2.542424242424243,1219.3,ΔCO2 = 1219 ppm,3099.9778787878795,-0.39766478244755454,0.13938520400074392,-0.6708547622667809,-0.12447480262832827
2.6272727272727274,472.75,ΔCO2 = 473 ppm,1242.043181818182,-0.3387514719607439,0.1291592251850646,-0.5918989015945691,-0.08560404232691865
2.6272727272727274,746.0999999999999,ΔCO2 = 746 ppm,1960.2081818181816,-0.361555348635955,0.12420010778882173,-0.6049830867780381,-0.11812761049387183
2.6272727272727274,1219.3,ΔCO2 = 1219 ppm,3203.4336363636367,-0.401031457809944,0.13831297864769573,-0.6721199145538851,-0.12994300106600287
2.7121212121212124,472.75,ΔCO2 = 473 ppm,1282.1553030303032,-0.34071898668100187,0.1279698685701826,-0.591535320184884,-0.08990265317711976
2.7121212121212124,746.0999999999999,ΔCO2 = 746 ppm,2023.5136363636364,-0.36403516737004543,0.12328456508840636,-0.6056684747930059,-0.12240185994708491
2.7121212121212124,1219.3,ΔCO2 = 1219 ppm,3306.8893939393943,-0.4043981331723334,0.13733652212484806,-0.6735727702990238,-0.135223496045643
2.796969696969697,472.75,ΔCO2 = 473 ppm,1322.267424242424,-0.3426865014012599,0.1268837506706694,-0.5913740829391319,-0.09399891986338799
2.796969696969697,746.0999999999999,ΔCO2 = 746 ppm,2086.8190909090904,-0.3665149861041359,0.1224504805183168,-0.6065135178096603,-0.1265164543986115
2.796969696969697,1219.3,ΔCO2 = 1219 ppm,3410.3451515151514,-0.4077648085347228,0.13645789033684289,-0.6752173590012511,-0.14031225806819453
2.881818181818182,472.75,ΔCO2 = 473 ppm,1362.3795454545455,-0.34465401612151786,0.1259035433082269,-0.5914204265316214,-0.09788760571141428
2.881818181818182,746.0999999999999,ΔCO2 = 746 ppm,2150.124545454545,-0.36899480483822633,0.12169952894379854,-0.6075214985035613,-0.13046811117289137
2.881818181818182,1219.3,ΔCO2 = 1219 ppm,3513.800909090909,-0.4111314838971122,0.13567898378119136,-0.6770574055672414,-0.14520556222698305
2.966666666666667,472.75,ΔCO2 = 473 ppm,1402.4916666666668,-0.3466215308417759,0.12503173741814405,-0.5916792331058072,-0.10156382857774454
2.966666666666667,746.0999999999999,ΔCO2 = 746 ppm,2213.43,-0.3714746235723168,0.12103325777225378,-0.6086954497374868,-0.13425379740714688
2.966666666666667,1219.3,ΔCO2 = 1219 ppm,3617.2566666666667,-0.4144981592595017,0.13500152859687828,-0.6790962931672373,-0.1499000253517661
3.0515151515151517,472.75,ΔCO2 = 473 ppm,1442.603787878788,-0.34858904556203385,0.12427061445472971,-0.5921549742299667,-0.10502311689410102
3.0515151515151517,746.0999999999999,ΔCO2 = 746 ppm,2276.7354545454546,-0.3739544423064073,0.12045307220919613,-0.6100381256636341,-0.13787075894918044
3.0515151515151517,1219.3,ΔCO2 = 1219 ppm,3720.7124242424243,-0.41786483462189106,0.1344270586079034,-0.6813370280410367,-0.15439264120274537
3.1363636363636367,472.75,ΔCO2 = 473 ppm,1482.7159090909092,-0.3505565602822919,0.12362221880809135,-0.592851656835081,-0.1082614637295028
3.1363636363636367,746.0999999999999,ΔCO2 = 746 ppm,2340.040909090909,-0.3764342610404977,0.11996022131585704,-0.6115519743970316,-0.14131654768396387
3.1363636363636367,1219.3,ΔCO2 = 1219 ppm,3824.168181818182,-0.4212315099842805,0.13395689876722908,-0.6837822070487274,-0.1586808129198336
3.2212121212121216,472.75,ΔCO2 = 473 ppm,1522.8280303030306,-0.3525240750025499,0.12308833194108347,-0.5937727725241846,-0.11127537748091518
3.2212121212121216,746.0999999999999,ΔCO2 = 746 ppm,2403.3463636363635,-0.3789140797745882,0.11955578516956673,-0.6132391128503468,-0.14458904669882952
3.2212121212121216,1219.3,ΔCO2 = 1219 ppm,3927.62393939394,-0.42459818534666993,0.1335921503965582,-0.6864339887411822,-0.16276238195215764
3.306060606060606,472.75,ΔCO2 = 473 ppm,1562.9401515151515,-0.35449158972280786,0.12267044895965883,-0.594921251651098,-0.11406192779451768
3.306060606060606,746.0999999999999,ΔCO2 = 746 ppm,2466.651818181818,-0.38139389850867866,0.11924066341949112,-0.6151013043035439,-0.14768649271381343
3.306060606060606,1219.3,ΔCO2 = 1219 ppm,4031.079696969697,-0.4279648607090593,0.13333367859135062,-0.6892940686743457,-0.1666356527437729
3.390909090909091,472.75,ΔCO2 = 473 ppm,1603.0522727272728,-0.35645910444306583,0.12236975830168736,-0.5962994235112443,-0.11661878537488737
3.390909090909091,746.0999999999999,ΔCO2 = 746 ppm,2529.9572727272725,-0.3838737172427691,0.11901556551046491,-0.6171399392429476,-0.1506074952425905
3.390909090909091,1219.3,ΔCO2 = 1219 ppm,4134.535454545455,-0.43133153607144875,0.13318210211852252,-0.6923636596090885,-0.17029941253380904
3.475757575757576,472.75,ΔCO2 = 473 ppm,1643.1643939393941,-0.35842661916332386,0.12218712516703913,-0.5979089838652081,-0.11894425446143958
3.475757575757576,746.0999999999999,ΔCO2 = 746 ppm,2593.2627272727273,-0.38635353597685956,0.11888100281658866,-0.619356019943378,-0.15335105201034113
3.475757575757576,1219.3,ΔCO2 = 1219 ppm,4237.991212121212,-0.4346982114338382,0.13313778607742258,-0.6956434771269846,-0.17375294574069178
3.560606060606061,472.75,ΔCO2 = 473 ppm,1683.2765151515152,-0.3603941338835818,0.12212307921634297,-0.599750970828746,-0.12103729693841767
3.560606060606061,746.0999999999999,ΔCO2 = 746 ppm,2656.568181818182,-0.38883335471095004,0.11883728288473427,-0.6217501491856273,-0.15591656023627273
3.560606060606061,1219.3,ΔCO2 = 1219 ppm,4341.44696969697,-0.43806488679622757,0.1332008375250264,-0.6991337310558505,-0.17699604253660456
3.6454545454545455,472.75,ΔCO2 = 473 ppm,1723.3886363636364,-0.36236164860383985,0.12217780694094924,-0.6018257499181882,-0.12289754728949157
3.6454545454545455,746.0999999999999,ΔCO2 = 746 ppm,2719.8736363636363,-0.39131317344504046,0.11888450593757606,-0.6243225234025277,-0.15830382348755323
3.6454545454545455,1219.3,ΔCO2 = 1219 ppm,4444.902727272727,-0.441431562158617,0.13337110418685705,-0.702834122943196,-0.18002900137403804
3.7303030303030305,472.75,ΔCO2 = 473 ppm,1763.5007575757577,-0.3643291633240978,0.12235114895840477,-0.6041330087496665,-0.12452531789852919
3.7303030303030305,746.0999999999999,ΔCO2 = 746 ppm,2783.1790909090905,-0.3937929921791309,0.11902256372832577,-0.6270729304342727,-0.16051305392398904
3.7303030303030305,1219.3,ΔCO2 = 1219 ppm,4548.358484848485,-0.4447982375210064,0.13364817628967654,-0.7067438496482323,-0.18285262539378044
3.8151515151515154,472.75,ΔCO2 = 473 ppm,1803.6128787878788,-0.36629667804435584,0.122642602324424,-0.6066717615704952,-0.12592159451821652
3.8151515151515154,746.0999999999999,ΔCO2 = 746 ppm,2846.4845454545452,-0.3962728109132214,0.11925114077756979,-0.630000751952574,-0.16254486987386887
3.8151515151515154,1219.3,ΔCO2 = 1219 ppm,4651.814242424242,-0.4481649128833959,0.13403139146473653,-0.7108616129520686,-0.18546821281472314
3.9000000000000004,472.75,ΔCO2 = 473 ppm,1843.7250000000001,-0.3682641927646138,0.12305132778355166,-0.6094403634702079,-0.1270880220590197
3.9000000000000004,746.0999999999999,ΔCO2 = 746 ppm,2909.79,-0.39875262964731184,0.11956971795938456,-0.6331049704893177,-0.16440028880530605
3.9000000000000004,1219.3,ΔCO2 = 1219 ppm,4755.27,-0.45153158824578526,0.13451984258566618,-0.7151856349196883,-0.1878775415718822
3.9848484848484853,472.75,ΔCO2 = 473 ppm,1883.8371212121215,-0.3702317074848718,0.123576161716597,-0.6124365337970993,-0.1280268811726443
3.9848484848484853,746.0999999999999,ΔCO2 = 746 ppm,2973.0954545454547,-0.40123244838140226,0.11997757834224022,-0.6363841808845259,-0.16608071587827866
3.9848484848484853,1219.3,ΔCO2 = 1219 ppm,4858.725757575758,-0.45489826360817465,0.1351123883271013,-0.7197136785944831,-0.1900828486218662
4.06969696969697,472.75,ΔCO2 = 473 ppm,1923.9492424242426,-0.37219922220512985,0.12421563239319426,-0.6156573880126575,-0.12874105639760228
4.06969696969697,746.0999999999999,ΔCO2 = 746 ppm,3036.400909090909,-0.4037122671154928,0.12047381513298486,-0.6398366058562797,-0.16758792837470599
4.06969696969697,1219.3,ΔCO2 = 1219 ppm,4962.181515151516,-0.45826493897056414,0.1358076661625419,-0.7244430734735852,-0.19208680446754312
4.154545454545454,472.75,ΔCO2 = 473 ppm,1964.0613636363635,-0.3741667369253878,0.12496798001087717,-0.6190994769674284,-0.12923399688334725
4.154545454545454,746.0999999999999,ΔCO2 = 746 ppm,3099.706363636363,-0.4061920858495832,0.12105734152198878,-0.6434601152968464,-0.16892405640232
4.154545454545454,1219.3,ΔCO2 = 1219 ppm,5065.637272727272,-0.4616316143329535,0.13660410746555687,-0.7293707451056841,-0.19389248356022298
4.23939393939394,472.75,ΔCO2 = 473 ppm,2004.1734848484853,-0.3761342516456458,0.1258311799041876,-0.6227588323900336,-0.12950967090125795
4.23939393939394,746.0999999999999,ΔCO2 = 746 ppm,3163.0118181818184,-0.40867190458367364,0.12172690218638134,-0.647252248818611,-0.17009156034873632
4.23939393939394,1219.3,ΔCO2 = 1219 ppm,5169.093030303031,-0.46499828969534296,0.13749995433922296,-0.7344932480761218,-0.1955033313145641
4.324242424242424,472.75,ΔCO2 = 473 ppm,2044.2856060606061,-0.37810176636590376,0.1268029682424045,-0.6266310172537928,-0.12957251547801477
4.324242424242424,746.0999999999999,ΔCO2 = 746 ppm,3226.317272727272,-0.4111517233177641,0.12248108617766613,-0.6512102410133364,-0.1710932056221919
4.324242424242424,1219.3,ΔCO2 = 1219 ppm,5272.548787878788,-0.46836496505773234,0.13849327777548417,-0.7398068015985828,-0.19692312851688193
4.409090909090909,472.75,ΔCO2 = 473 ppm,2084.3977272727275,-0.3800692810861618,0.12788086950365815,-0.6307111796249982,-0.12942738254732533
4.409090909090909,746.0999999999999,ΔCO2 = 746 ppm,3289.622727272727,-0.4136315420518546,0.12331834090059558,-0.6553310488502546,-0.1719320352534546
4.409090909090909,1219.3,ΔCO2 = 1219 ppm,5376.004545454545,-0.4717316404201218,0.13958199673879298,-0.7453073269183432,-0.19815595392190033
4.493939393939394,472.75,ΔCO2 = 473 ppm,2124.5098484848486,-0.3820367958064198,0.129062225015154,-0.634994108600726,-0.12907948301211358
4.493939393939394,746.0999999999999,ΔCO2 = 746 ppm,3352.9281818181817,-0.416111360785945,0.12423698688207448,-0.6596113806225861,-0.17261134094930394
4.493939393939394,1219.3,ΔCO2 = 1219 ppm,5479.460303030303,-0.4750983157825112,0.14076389777589077,-0.7509904857467349,-0.19920614581828755
4.578787878787879,472.75,ΔCO2 = 473 ppm,2164.6219696969697,-0.3840043105266778,0.13034422188051156,-0.6394742910053781,-0.12853433004797749
4.578787878787879,746.0999999999999,ΔCO2 = 746 ppm,3416.2336363636364,-0.4185911795200355,0.12523523303146195,-0.6640477258571817,-0.1731346331828892
4.578787878787879,1219.3,ΔCO2 = 1219 ppm,5582.9160606060605,-0.4784649911449006,0.14203665477409852,-0.7568517189866828,-0.20007826330311845
4.663636363636364,472.75,ΔCO2 = 473 ppm,2204.7340909090913,-0.3859718252469358,0.1317239216707922,-0.6441459676240635,-0.12779768286980803
4.663636363636364,746.0999999999999,ΔCO2 = 746 ppm,3479.5390909090906,-0.42107099825412597,0.12631119210584227,-0.6686363856258968,-0.1735056108823552
4.663636363636364,1219.3,ΔCO2 = 1219 ppm,5686.3718181818185,-0.48183166650729004,0.1433978485217035,-0.762886285070359,-0.20077704794422097
4.748484848484849,472.75,ΔCO2 = 473 ppm,2244.8462121212124,-0.38793933996719376,0.13319828832966724,-0.6490031878957232,-0.12687549203866427
4.748484848484849,746.0999999999999,ΔCO2 = 746 ppm,3542.8445454545454,-0.4235508169882164,0.12746289611412429,-0.6733735027370703,-0.17372813123936245
4.748484848484849,1219.3,ΔCO2 = 1219 ppm,5789.827575757576,-0.4851983418696795,0.14484498576330646,-0.769089297306977,-0.201307386432382
4.833333333333334,472.75,ΔCO2 = 473 ppm,2284.9583333333335,-0.38990685468745173,0.134764214829073,-0.6540398621572534,-0.12577384721765006
4.833333333333334,746.0999999999999,ΔCO2 = 746 ppm,3606.15,-0.42603063572230687,0.12868831142045373,-0.6782550913376706,-0.1738061801069431
4.833333333333334,1219.3,ΔCO2 = 1219 ppm,5893.283333333334,-0.4885650172320689,0.14637551748763675,-0.7754557597262497,-0.20167427473788807
4.918181818181818,472.75,ΔCO2 = 473 ppm,2325.0704545454546,-0.3918743694077098,0.13641854820354557,-0.6592498107099003,-0.12449892810551927
4.918181818181818,746.0999999999999,ΔCO2 = 746 ppm,3669.455454545454,-0.42851045445639735,0.1299853533385279,-0.6832770655176252,-0.17374384339516946
4.918181818181818,1219.3,ΔCO2 = 1219 ppm,5996.73909090909,-0.4919316925944583,0.1479868562327631,-0.7819806009959807,-0.20188278419293587
5.003030303030304,472.75,ΔCO2 = 473 ppm,2365.182575757576,-0.3938418841279678,0.13815811268381173,-0.6646268091602652,-0.12305695909567044
5.003030303030304,746.0999999999999,ΔCO2 = 746 ppm,3732.760909090909,-0.4309902731904878,0.1313519000421493,-0.6884352665740057,-0.17354527980697004
5.003030303030304,1219.3,ΔCO2 = 1219 ppm,6100.194848484849,-0.49529836795684773,0.14967639224146717,-0.7886587060860137,-0.20193802982768178
5.087878787878788,472.75,ΔCO2 = 473 ppm,2405.294696969697,-0.39580939884822575,0.13997973073865289,-0.6701646296615997,-0.12145416803485182
5.087878787878788,746.0999999999999,ΔCO2 = 746 ppm,3796.0663636363633,-0.43347009192457825,0.13278580565207349,-0.6937254886607773,-0.17321469518837912
5.087878787878788,1219.3,ΔCO2 = 1219 ppm,6203.650606060606,-0.4986650433192371,0.15144150834585796,-0.7954849454415407,-0.2018451411969336
5.172727272727274,472.75,ΔCO2 = 473 ppm,2445.406818181819,-0.39777691356848377,0.14188024191515142,-0.6758570778400106,-0.1196967492969569
5.172727272727274,746.0999999999999,ΔCO2 = 746 ppm,3859.3718181818185,-0.4359499106586687,0.13428491239340437,-0.6991435026168575,-0.17275631870047986
5.172727272727274,1219.3,ΔCO2 = 1219 ppm,6307.106363636364,-0.5020317186816265,0.15327959350349796,-0.8024542015134222,-0.20160923584983098
5.257575757575758,472.75,ΔCO2 = 473 ppm,2485.5189393939395,-0.39974442828874174,0.1438565194388534,-0.6816980253301805,-0.117790831247303
5.257575757575758,746.0999999999999,ΔCO2 = 746 ppm,3922.6772727272723,-0.43842972939275915,0.13584706175028208,-0.7046850778289007,-0.17217438095661758
5.257575757575758,1219.3,ΔCO2 = 1219 ppm,6410.562121212121,-0.505398394044016,0.15518805494627677,-0.8095613925695414,-0.20123539551849057
5.342424242424244,472.75,ΔCO2 = 473 ppm,2525.631060606061,-0.40171194300899976,0.14590548459582908,-0.6876814379636884,-0.11574244805431116
5.342424242424244,746.0999999999999,ΔCO2 = 746 ppm,3985.9827272727275,-0.4409095481268496,0.1374701045744573,-0.7103460020437409,-0.17147309420995843
5.342424242424244,1219.3,ΔCO2 = 1219 ppm,6514.01787878788,-0.5087650694064054,0.1571643289372677,-0.8168014937778563,-0.20072864503495458
5.427272727272728,472.75,ΔCO2 = 473 ppm,2565.743181818182,-0.40367945772925773,0.14802411896765136,-0.6938013997491266,-0.11355751570938882
5.427272727272728,746.0999999999999,ΔCO2 = 746 ppm,4049.288181818182,-0.44338936686094005,0.13915191013092879,-0.7161220990975147,-0.17065663462436542
5.427272727272728,1219.3,ΔCO2 = 1219 ppm,6617.473636363637,-0.51213174476879475,0.15920589015949344,-0.8241695556080416,-0.20009393392954788
5.512121212121212,472.75,ΔCO2 = 473 ppm,2605.855303030303,-0.4056469724495157,0.1502094746281948,-0.7000521328574605,-0.11124181204157091
5.512121212121212,746.0999999999999,ΔCO2 = 746 ppm,4112.593636363636,-0.4458691855950305,0.1408903740867578,-0.7220092445734511,-0.16972912661661
5.512121212121212,1219.3,ΔCO2 = 1219 ppm,6720.929393939393,-0.5154984201311842,0.1613102597838518,-0.8316607196443335,-0.19933612061803485
5.596969696969698,472.75,ΔCO2 = 473 ppm,2645.9674242424244,-0.4076144871697737,0.1524586824386541,-0.7064280138799649,-0.10880096045958254
5.596969696969698,746.0999999999999,ΔCO2 = 746 ppm,4175.899090909091,-0.448349004329121,0.14268342546832,-0.7280033794378332,-0.1686946292204088
5.596969696969698,1219.3,ΔCO2 = 1219 ppm,6824.385151515152,-0.5188650954935736,0.16347501228161082,-0.8392702319377738,-0.19845995904937347
5.681818181818182,472.75,ΔCO2 = 473 ppm,2686.0795454545455,-0.4095820018900317,0.15476895859540327,-0.7129235866617929,-0.10624041711827054
5.681818181818182,746.0999999999999,ΔCO2 = 746 ppm,4239.204545454545,-0.4508288230632114,0.1445290326276603,-0.7341005217338399,-0.16755712439258297
5.681818181818182,1219.3,ΔCO2 = 1219 ppm,6927.840909090909,-0.5222317708559631,0.16569778106026004,-0.8469934540522758,-0.19747008765965035
5.7666666666666675,472.75,ΔCO2 = 473 ppm,2726.191666666667,-0.41154951661028977,0.15713760959555204,-0.7195335720342872,-0.10356546118629223
5.7666666666666675,746.0999999999999,ΔCO2 = 746 ppm,4302.51,-0.45330864179730196,0.14642520827045996,-0.7402967764361799,-0.16632050715842406
5.7666666666666675,1219.3,ΔCO2 = 1219 ppm,7031.296666666667,-0.5255984462183525,0.16797626301057214,-0.8548258719767015,-0.1963710204600035
5.851515151515152,472.75,ΔCO2 = 473 ppm,2766.3037878787877,-0.41351703133054774,0.159562035788673,-0.7262528747762379,-0.10078118788485757
5.851515151515152,746.0999999999999,ΔCO2 = 746 ppm,4365.8154545454545,-0.4557884605313924,0.1483700136067071,-0.7465883435862559,-0.16498857747652879
5.851515151515152,1219.3,ΔCO2 = 1219 ppm,7134.752424242424,-0.5289651215807419,0.17030822205807317,-0.8627631030856153,-0.1951671400758686
5.936363636363637,472.75,ΔCO2 = 473 ppm,2806.4159090909097,-0.4154845460508057,0.1620397336814974,-0.7330765881310024,-0.09789250397060895
5.936363636363637,746.0999999999999,ΔCO2 = 746 ppm,4429.12090909091,-0.45826827926548286,0.15036156169083884,-0.7529715248387244,-0.1635650336922413
5.936363636363637,1219.3,ΔCO2 = 1219 ppm,7238.208181818183,-0.5323317969431314,0.17269149181430177,-0.8708009013356564,-0.19386269255060645
6.0212121212121215,472.75,ΔCO2 = 473 ppm,2846.5280303030304,-0.41745206077106367,0.16456829715664756,-0.7399999961951782,-0.09490412534694914
6.0212121212121215,746.0999999999999,ΔCO2 = 746 ppm,4492.426363636363,-0.4607480979995733,0.15239802002128508,-0.7594427285565061,-0.1620534674426405
6.0212121212121215,1219.3,ΔCO2 = 1219 ppm,7341.6639393939395,-0.5356984723055207,0.17512397742284763,-0.8789351608837075,-0.19246178372733386
6.106060606060607,472.75,ΔCO2 = 473 ppm,2886.640151515152,-0.4194195754913217,0.1671454177578012,-0.7470185744775135,-0.09182057650512981
6.106060606060607,746.0999999999999,ΔCO2 = 746 ppm,4555.731818181818,-0.46322791673366376,0.1544776124703988,-0.7659984735933809,-0.16045735987394666
6.106060606060607,1219.3,ΔCO2 = 1219 ppm,7445.119696969698,-0.5390651476679102,0.1776036566927303,-0.8871619183082777,-0.19096837702754282
6.190909090909091,472.75,ΔCO2 = 473 ppm,2926.752272727273,-0.4213870902115797,0.16976888418301,-0.7541279889058309,-0.08864619151732855
6.190909090909091,746.0999999999999,ΔCO2 = 746 ppm,4619.0372727272725,-0.46570773546775424,0.15659862061508703,-0.7726353919019764,-0.15878007903353208
6.190909090909091,1219.3,ΔCO2 = 1219 ppm,7548.575454545455,-0.5424318230302996,0.1801285806076931,-0.895477353607698,-0.18938629245290117
6.275757575757575,472.75,ΔCO2 = 473 ppm,2966.8643939393937,-0.42335460493183763,0.1724365811160203,-0.7613240935364569,-0.08538511632721829
6.275757575757575,746.0999999999999,ΔCO2 = 746 ppm,4682.342727272727,-0.46818755420184466,0.1587593845364356,-0.7793502301010036,-0.1570248783026858
6.275757575757575,1219.3,ΔCO2 = 1219 ppm,7652.031212121212,-0.545798498392689,0.18269687329491238,-0.9038777901387949,-0.1877192066465832
6.360606060606061,472.75,ΔCO2 = 473 ppm,3006.9765151515153,-0.4253221196520957,0.17514648751300346,-0.7686029271962767,-0.08204131210791471
6.360606060606061,746.0999999999999,ΔCO2 = 746 ppm,4745.648181818182,-0.47066737293593514,0.1609583031535632,-0.7861398501295986,-0.15519489574227158
6.360606060606061,1219.3,ΔCO2 = 1219 ppm,7755.48696969697,-0.5491651737550785,0.1853067315307632,-0.9123596936482071,-0.18597065386194978
6.445454545454545,472.75,ΔCO2 = 473 ppm,3047.0886363636364,-0.4272896343723537,0.1778966744495991,-0.7759607092630147,-0.07861855948169266
6.445454545454545,746.0999999999999,ΔCO2 = 746 ppm,4808.953636363635,-0.47314719167002556,0.16319383415315497,-0.7930012291092119,-0.15329315423083928
6.445454545454545,1219.3,ΔCO2 = 1219 ppm,7858.942727272727,-0.5525318491174679,0.18795642385503458,-0.9209196705362807,-0.18414402769865512
6.530303030303031,472.75,ΔCO2 = 473 ppm,3087.200757575758,-0.4292571490926117,0.18068530262097643,-0.7833938347654461,-0.07512046341977735
6.530303030303031,746.0999999999999,ΔCO2 = 746 ppm,4872.259090909091,-0.47562701040411604,0.16546449357184498,-0.7999314585250914,-0.15132256228314067
6.530303030303031,1219.3,ΔCO2 = 1219 ppm,7962.398484848485,-0.5558985244798573,0.19064428935851854,-0.9295544654807864,-0.18224258347892835
6.615151515151515,472.75,ΔCO2 = 473 ppm,3127.3128787878786,-0.4312246638128697,0.18351061957599127,-0.7908988689624435,-0.0715504586632959
6.615151515151515,746.0999999999999,ΔCO2 = 746 ppm,4935.564545454545,-0.4781068291382065,0.1677688550840514,-0.8069277428304666,-0.14928591544594633
6.615151515151515,1219.3,ΔCO2 = 1219 ppm,8065.854242424242,-0.5592651998422467,0.19336873620246256,-0.9382609585350996,-0.18026944114939364
6.700000000000001,472.75,ΔCO2 = 473 ppm,3167.4250000000006,-0.4331921785331277,0.18637095675565377,-0.7984725415384808,-0.06791181552777453
6.700000000000001,746.0999999999999,ΔCO2 = 746 ppm,4998.87,-0.480586647872297,0.17010554904319367,-0.8139873975673684,-0.1471858981772256
6.700000000000001,1219.3,ΔCO2 = 1219 ppm,8169.310000000001,-0.5626318752046362,0.19612823992210482,-0.9470361618031924,-0.17822758860608
6.784848484848485,472.75,ΔCO2 = 473 ppm,3207.5371212121213,-0.43515969325338566,0.18926472639611033,-0.8061117405335891,-0.06420764597318218
6.784848484848485,746.0999999999999,ΔCO2 = 746 ppm,5062.175454545454,-0.4830664666063874,0.1724732613195618,-0.8211078470888937,-0.14502508612388115
6.784848484848485,1219.3,ΔCO2 = 1219 ppm,8272.765757575758,-0.5659985505670255,0.1989213415605017,-0.9558772157819995,-0.17611988535205164
6.869696969696971,472.75,ΔCO2 = 473 ppm,3247.649242424243,-0.4371272079736437,0.19219041834725914,-0.8138135061079576,-0.060440909839329815
6.869696969696971,746.0999999999999,ΔCO2 = 746 ppm,5125.480909090909,-0.4855462853404779,0.17487073197356948,-0.8282866219588308,-0.14280594872212493
6.869696969696971,1219.3,ΔCO2 = 1219 ppm,8376.221515151516,-0.569365225929415,0.20174664567322778,-0.9647813854507048,-0.17394906640812507
6.954545454545455,472.75,ΔCO2 = 473 ppm,3287.761363636364,-0.4390947226939017,0.19514659684995173,-0.8215750242253645,-0.056614421162438866
6.954545454545455,746.0999999999999,ΔCO2 = 746 ppm,5188.786363636364,-0.48802610407456837,0.17729675379877852,-0.8355213560960392,-0.14053085205309757
6.954545454545455,1219.3,ΔCO2 = 1219 ppm,8479.677272727273,-0.5727319012918044,0.20460281823926557,-0.9737460561761597,-0.17171774640744908
7.039393939393939,472.75,ΔCO2 = 473 ppm,3327.8734848484846,-0.4410622374141596,0.19813189730748532,-0.8293936203254193,-0.05273085450289999
7.039393939393939,746.0999999999999,ΔCO2 = 746 ppm,5252.091818181817,-0.4905059228086588,0.17975017076499256,-0.8428097837229687,-0.13820206189434892
7.039393939393939,1219.3,ΔCO2 = 1219 ppm,8583.13303030303,-0.5760985766541937,0.20748858450860147,-0.982768729494248,-0.16942842381413953
7.124242424242425,472.75,ΔCO2 = 473 ppm,3367.985606060606,-0.44302975213441764,0.20114502308069532,-0.8372667530420583,-0.04879275122677701
7.124242424242425,746.0999999999999,ΔCO2 = 746 ppm,5315.397272727273,-0.4929857415427492,0.18222987638790167,-0.8501497361702224,-0.13582174691527604
7.124242424242425,1219.3,ΔCO2 = 1219 ppm,8686.588787878789,-0.5794652520165833,0.210402726812649,-0.9918470188183952,-0.1670834852147714
7.209090909090909,472.75,ΔCO2 = 473 ppm,3408.0977272727273,-0.4449972668546756,0.20418474233038603,-0.8451920080148232,-0.044802525694528084
7.209090909090909,746.0999999999999,ΔCO2 = 746 ppm,5378.702727272726,-0.49546556027683963,0.18473481204825057,-0.8575391385821867,-0.13339198197149255
7.209090909090909,1219.3,ΔCO2 = 1219 ppm,8790.044545454544,-0.5828319273789726,0.2133440823596831,-1.0009786451186984,-0.16468520963924677
7.293939393939395,472.75,ΔCO2 = 473 ppm,3448.209848484849,-0.44696478157493363,0.20724988492600438,-0.8531670918299727,-0.04076247131989452
7.293939393939395,746.0999999999999,ΔCO2 = 746 ppm,5442.008181818182,-0.49794537901093017,0.18726396528030048,-0.8649760065624781,-0.1309147514593822
7.293939393939395,1219.3,ΔCO2 = 1219 ppm,8893.500303030303,-0.586198602741362,0.21631154103393185,-1.0101614326082264,-0.16223577287449764
7.378787878787879,472.75,ΔCO2 = 473 ppm,3488.32196969697,-0.4489322962951916,0.21033933943530667,-0.8611898261203381,-0.03667476647004514
7.378787878787879,746.0999999999999,ΔCO2 = 746 ppm,5505.313636363636,-0.5004251977450206,0.18981636804645535,-0.8724584427922726,-0.12839195269776865
7.378787878787879,1219.3,ΔCO2 = 1219 ppm,8996.95606060606,-0.5895652781037515,0.21930404321383487,-1.0193933044668833,-0.1597372517406196
7.463636363636365,472.75,ΔCO2 = 473 ppm,3528.4340909090915,-0.4508998110154496,0.21345205020623123,-0.8692581418458982,-0.03254148018500108
7.463636363636365,746.0999999999999,ΔCO2 = 746 ppm,5568.619090909091,-0.502905016479111,0.19239109501232046,-0.8799846336494827,-0.12582539930873937
7.463636363636365,1219.3,ΔCO2 = 1219 ppm,9100.41181818182,-0.5929319534661409,0.22232057762222257,-1.0286722786278386,-0.15719162830444328
7.548484848484849,472.75,ΔCO2 = 473 ppm,3568.546212121212,-0.45286732573570765,0.21658701454918508,-0.8773700737711629,-0.028364577700252303
7.548484848484849,746.0999999999999,ΔCO2 = 746 ppm,5631.924545454545,-0.5053848352132015,0.19498726183414813,-0.8875528458522133,-0.12321682457418986
7.548484848484849,1219.3,ΔCO2 = 1219 ppm,9203.867575757577,-0.5962986288285304,0.22536017921874257,-1.0379964636467576,-0.15460079401030308
7.633333333333335,472.75,ΔCO2 = 473 ppm,3608.6583333333338,-0.4548348404559656,0.21974328002543692,-0.8855237551505217,-0.024145925761409504
7.633333333333335,746.0999999999999,ΔCO2 = 746 ppm,5695.2300000000005,-0.507864653947292,0.19760402346856248,-0.895161423145882,-0.120567884748702
7.633333333333335,1219.3,ΔCO2 = 1219 ppm,9307.323333333334,-0.5996653041909197,0.22842192714275666,-1.0473640546699547,-0.1519665537118845
7.718181818181819,472.75,ΔCO2 = 473 ppm,3648.770454545455,-0.4568023551762236,0.22291994184520467,-0.893717412628588,-0.01988729772385922
7.718181818181819,746.0999999999999,ΔCO2 = 746 ppm,5758.535454545454,-0.5103444726813824,0.20024057251265623,-0.9028087830498697,-0.11788016231289516
7.718181818181819,1219.3,ΔCO2 = 1219 ppm,9410.77909090909,-0.6030319795533091,0.23150494271310937,-1.0567733295140118,-0.14929062959260642
7.803030303030303,472.75,ΔCO2 = 473 ppm,3688.8825757575755,-0.4587698698964816,0.22611614037729463,-0.901949361359182,-0.015590378433781138
7.803030303030303,746.0999999999999,ΔCO2 = 746 ppm,5821.840909090908,-0.5128242914154729,0.20289613758096778,-0.9104934136764534,-0.11515516915449242
7.803030303030303,1219.3,ΔCO2 = 1219 ppm,9514.234848484848,-0.6063986549156986,0.23460838748960175,-1.0662226448663352,-0.14657466496506183
7.887878787878789,472.75,ΔCO2 = 473 ppm,3728.994696969697,-0.46073738461673963,0.22933105877072718,-0.9102180003438033,-0.011256768889675972
7.887878787878789,746.0999999999999,ΔCO2 = 746 ppm,5885.146363636363,-0.5153041101495633,0.20556998172447363,-0.9182138706320887,-0.11239434966703798
7.887878787878789,1219.3,ΔCO2 = 1219 ppm,9617.690606060607,-0.609765330278088,0.2377314613996732,-1.0757104326135214,-0.1438202279426546
7.972727272727273,472.75,ΔCO2 = 473 ppm,3769.106818181818,-0.46270489933699754,0.23256392068763393,-0.9185218079881896,-0.006887990685805534
7.972727272727273,746.0999999999999,ΔCO2 = 746 ppm,5948.4518181818175,-0.5177839288836538,0.2082614008955388,-0.9259687740087674,-0.10959908375854005
7.972727272727273,1219.3,ΔCO2 = 1219 ppm,9721.146363636362,-0.6131320056404774,0.24087340093264623,-1.0852351963021407,-0.14102881497881425
8.057575757575759,472.75,ΔCO2 = 473 ppm,3809.2189393939398,-0.4646724140572556,0.2358139881458027,-0.926859337873784,-0.002485490240727195
8.057575757575759,746.0999999999999,ΔCO2 = 746 ppm,6011.757272727273,-0.5202637476177443,0.21096972246175746,-0.9337568054711998,-0.10677068976428888
8.057575757575759,1219.3,ΔCO2 = 1219 ppm,9824.602121212121,-0.6164986810028669,0.24403347740295106,-1.09479550773472,-0.13820185427101378
8.142424242424243,472.75,ΔCO2 = 473 ppm,3849.331060606061,-0.4666399287775136,0.23908055946851153,-0.9352292147394827,0.0019493571844554913
8.142424242424243,746.0999999999999,ΔCO2 = 746 ppm,6075.062727272727,-0.5227435663518347,0.21369430377072765,-0.9415767054438227,-0.10391042725984673
8.142424242424243,1219.3,ΔCO2 = 1219 ppm,9928.057878787879,-0.6198653563652563,0.2472109952829275,-1.1043900037020953,-0.13534070902841733
8.227272727272728,472.75,ΔCO2 = 473 ppm,3889.4431818181824,-0.4686074434977716,0.24236296733875723,-0.9436301306679931,0.0064152436724498885
8.227272727272728,746.0999999999999,ΔCO2 = 746 ppm,6138.368181818182,-0.5252233850859251,0.21643453076708397,-0.9494272704002358,-0.10101949977161445
8.227272727272728,1219.3,ΔCO2 = 1219 ppm,10031.513636363637,-0.6232320317276456,0.25040529060516437,-1.1140173828520537,-0.1324466806032376
8.312121212121212,472.75,ΔCO2 = 473 ppm,3929.555303030303,-0.4705749582180295,0.24566057695454857,-0.952060841470275,0.01091092503421598
8.312121212121212,746.0999999999999,ΔCO2 = 746 ppm,6201.6736363636355,-0.5277032038200156,0.21918981666246762,-0.9573073502563894,-0.09809905738364172
8.312121212121212,1219.3,ΔCO2 = 1219 ppm,10134.969393939395,-0.6265987070900351,0.2536157294337636,-1.1236764026930666,-0.12952101148700362
8.396969696969698,472.75,ΔCO2 = 473 ppm,3969.6674242424247,-0.4725424729382876,0.24897278428165417,-0.9605201632609898,0.015435217384414557
8.396969696969698,746.0999999999999,ΔCO2 = 746 ppm,6264.979090909091,-0.5301830225541061,0.22195960065861348,-0.9652158458678812,-0.09515019924033091
8.396969696969698,1219.3,ΔCO2 = 1219 ppm,10238.425151515154,-0.6299653824524245,0.2568417064035068,-1.1333658767311081,-0.12656488817374079
8.481818181818182,472.75,ΔCO2 = 473 ppm,4009.7795454545458,-0.4745099876585456,0.2522990143999767,-0.9690069692174523,0.019986993900361127
8.481818181818182,746.0999999999999,ΔCO2 = 746 ppm,6328.284545454545,-0.5326628412881965,0.22474334672328497,-0.973151706630833,-0.0921739759455601
8.481818181818182,1219.3,ΔCO2 = 1219 ppm,10341.880909090909,-0.6333320578148139,0.26008264332552494,-1.1430846717368195,-0.1235794438928085
8.566666666666666,472.75,ΔCO2 = 473 ppm,4049.8916666666664,-0.47647750237880354,0.25563871993961207,-0.9775201865143646,0.024565181756757426
8.566666666666666,746.0999999999999,ΔCO2 = 746 ppm,6391.589999999999,-0.535142660022287,0.2275405424184466,-0.9811139281851508,-0.08917139185942335
8.566666666666666,1219.3,ΔCO2 = 1219 ppm,10445.336666666666,-0.6366987331772034,0.26333798785781243,-1.1528317051397616,-0.12056576121464513
8.651515151515152,472.75,ΔCO2 = 473 ppm,4090.0037878787884,-0.4784450170990615,0.2589913796025851,-0.9860587934264698,0.02916875922834683
8.651515151515152,746.0999999999999,ΔCO2 = 746 ppm,6454.895454545454,-0.5376224787563775,0.2303506977797672,-0.9891015502183916,-0.08614340729436332
8.651515151515152,1219.3,ΔCO2 = 1219 ppm,10548.792424242425,-0.6400654085395927,0.26660721223870254,-1.162605942546076,-0.11752487453310956
8.736363636363636,472.75,ΔCO2 = 473 ppm,4130.115909090909,-0.48041253181931953,0.2623564967662522,-0.9946218165912729,0.033796752952633846
8.736363636363636,746.0999999999999,ΔCO2 = 746 ppm,6518.200909090909,-0.5401022974904679,0.23317334424632893,-0.9971136543680323,-0.08309094061290345
8.736363636363636,1219.3,ΔCO2 = 1219 ppm,10652.248181818182,-0.6434320839019823,0.26988981208127477,-1.172406395375564,-0.1144577724284006
8.821212121212122,472.75,ΔCO2 = 473 ppm,4170.228030303031,-0.48238004653957756,0.2657335981643907,-1.003208328424022,0.03844823534486708
8.821212121212122,746.0999999999999,ΔCO2 = 746 ppm,6581.506363636364,-0.5425821162245584,0.2360080336392281,-1.0051493622195629,-0.08001487022955395
8.821212121212122,1219.3,ΔCO2 = 1219 ppm,10755.70393939394,-0.6467987592643716,0.27318530522654566,-1.1822321186139826,-0.11136539991476047
8.906060606060606,472.75,ΔCO2 = 473 ppm,4210.340151515152,-0.4843475612598355,0.2691222326420661,-1.0118174446772947,0.04312232215762363
8.906060606060606,746.0999999999999,ΔCO2 = 746 ppm,6644.811818181817,-0.5450619349586487,0.23885433718762486,-1.0132078333975794,-0.07691603651971801
8.906060606060606,1219.3,ΔCO2 = 1219 ppm,10859.159696969697,-0.650165434626761,0.27649323065322606,-1.1920822086762102,-0.10824866057731197
8.990909090909092,472.75,ΔCO2 = 473 ppm,4250.452272727273,-0.48631507598009355,0.2725219699804588,-1.0204483221376985,0.04781817017751139
8.990909090909092,746.0999999999999,ΔCO2 = 746 ppm,6708.117272727272,-0.5475417536927394,0.24171184460069564,-1.021288263746845,-0.07379524363863371
8.990909090909092,1219.3,ΔCO2 = 1219 ppm,10962.615454545456,-0.6535321099891505,0.27981314744178354,-1.201955801375842,-0.1051084186024589
9.075757575757576,472.75,ΔCO2 = 473 ppm,4290.564393939394,-0.4882825907003515,0.2759323997879426,-1.0291001564524265,0.05253497505172344
9.075757575757576,746.0999999999999,ΔCO2 = 746 ppm,6771.422727272727,-0.5500215724268298,0.24458016318387027,-1.0293898836001447,-0.0706532612535149
9.075757575757576,1219.3,ΔCO2 = 1219 ppm,11066.071212121213,-0.6568987853515399,0.28314463379053906,-1.211852069996779,-0.1019455007063007
9.16060606060606,472.75,ΔCO2 = 473 ppm,4330.676515151515,-0.4902501054206095,0.27935313045383814,-1.0377721800786515,0.05727196923743255
9.16060606060606,746.0999999999999,ΔCO2 = 746 ppm,6834.728181818181,-0.5525013911609202,0.24745891699769682,-1.0375119561296926,-0.06749082619214797
9.16060606060606,1219.3,ΔCO2 = 1219 ppm,11169.526969696968,-0.6602654607139292,0.28648728608153196,-1.2217702234623549,-0.09876069796550357
9.245454545454546,472.75,ΔCO2 = 473 ppm,4370.788636363636,-0.49221762014086756,0.28278378816139443,-1.0464636603490045,0.062028420067269496
9.245454545454546,746.0999999999999,ΔCO2 = 746 ppm,6898.033636363636,-0.5549812098950107,0.25034774605764676,-1.0456537757787774,-0.06430864401124381
9.245454545454546,1219.3,ΔCO2 = 1219 ppm,11272.982727272727,-0.6636321360763187,0.2898407179939127,-1.2317095045976179,-0.09555476755501946
9.33030303030303,472.75,ΔCO2 = 473 ppm,4410.900757575758,-0.49418513486112553,0.2862240159566993,-1.0551738976466738,0.06680362792442268
9.33030303030303,746.0999999999999,ΔCO2 = 746 ppm,6961.3390909090895,-0.5574610286291011,0.2532463055731743,-1.0538146667703479,-0.06110739048785441
9.33030303030303,1219.3,ΔCO2 = 1219 ppm,11376.438484848484,-0.6669988114387081,0.29320455966265935,-1.2416691884804458,-0.09232843439697036
9.415151515151516,472.75,ΔCO2 = 473 ppm,4451.012878787879,-0.4961526495813835,0.2896734728703623,-1.063902223683934,0.07159692452116695
9.415151515151516,746.0999999999999,ΔCO2 = 746 ppm,7024.644545454546,-0.5599408473631916,0.2561542652243483,-1.061993981689235,-0.057887713037148236
9.415151515151516,1219.3,ΔCO2 = 1219 ppm,11479.894242424243,-0.6703654868010975,0.29657845688047396,-1.251648580877292,-0.08908239272490326
9.5,472.75,ΔCO2 = 473 ppm,4491.125,-0.4981201643016415,0.2931318330889625,-1.0726479998782144,0.07640767127493142
9.5,746.0999999999999,ΔCO2 = 746 ppm,7087.949999999999,-0.562420666097282,0.2590713084743978,-1.0701911001347681,-0.05465023205979591
9.5,1219.3,ΔCO2 = 1219 ppm,11583.35,-0.673732162163487,0.2999620703407588,-1.2616470167594445,-0.08581730756752959
