Meta_analysis_reference,Author,Year,Title,Link,Biota_Group,Broad_subgroup,Group,Species,Treatment,N_C,N_T,C_value_CO2,C_value_Temp,T_value_CO2,T_value_Temp,Metric,Metric_Type,Unit,Response_category,Biota_C,Biota_C_sd,Biota_T,Biota_T_sd,Reference_ei,Reference_vei,Source_fig,Notes_1,Include,Rechecked?,Control_Treatment_Values,Notes_2,Duplicate,delta_CO2,delta_T,Author_clean,Title_clean,Species_clean,Group_clean,Year_clean,C_value_CO2_num,C_value_Temp_num,N_C_num,study_key,Study_ID,ES_ID,common_key,Common_id,yi,vi
Alter et al. 2024,"Alter K, Peck MA",2021,NA,NA,Zooplankton,Meroplankton,Fish larvae,Belone belone,TpH,5,5,365,14.4,1292,15.9,Hatching success,positive,%,Reproduction,98.4,1.788854382,97.9,3.130495168,-0.0051,3e-4,NA,NA,Yes,NA,NA,NA,,927,1.5,Alter_K_Peck_MA,NA,Belone_belone,Fish_larvae,2021,365,14.4,5,Alter_K_Peck_MA__2021__NA,ZOO_STUDY_0018,ZOO_ES_000003,ZOO_STUDY_0018__Belone_belone__Fish_larvae__CO2365.00__T14.40__NC5,ZOO_COMMON_00026,-0.005094254521743083,2.705969860314017e-4
Alter et al. 2024,"Alter K, Peck MA",2021,NA,NA,Zooplankton,Meroplankton,Fish larvae,Belone belone,TpH,5,5,365,14.4,1218,17.1,Hatching success,positive,%,Reproduction,98.4,1.788854382,88.9,8.94427191,-0.1015,0.0021,NA,NA,Yes,NA,NA,NA,,853,2.700000000000001,Alter_K_Peck_MA,NA,Belone_belone,Fish_larvae,2021,365,14.4,5,Alter_K_Peck_MA__2021__NA,ZOO_STUDY_0018,ZOO_ES_000004,ZOO_STUDY_0018__Belone_belone__Fish_larvae__CO2365.00__T14.40__NC5,ZOO_COMMON_00026,-0.10152866153834886,0.0020905920668642794
Alter et al. 2024,"Alter K, Peck MA",2021,NA,NA,Zooplankton,Meroplankton,Fish larvae,Belone belone,TpH,5,5,365,14.4,1292,15.9,Fertilization success,positive,%,Reproduction,99.9,0.223606798,97.4,2.906888371,-0.0253,2e-4,NA,NA,Yes,NA,NA,NA,,927,1.5,Alter_K_Peck_MA,NA,Belone_belone,Fish_larvae,2021,365,14.4,5,Alter_K_Peck_MA__2021__NA,ZOO_STUDY_0018,ZOO_ES_000010,ZOO_STUDY_0018__Belone_belone__Fish_larvae__CO2365.00__T14.40__NC5,ZOO_COMMON_00026,-0.02534347500601841,0.00017914501498198946
Alter et al. 2024,"Alter K, Peck MA",2021,NA,NA,Zooplankton,Meroplankton,Fish larvae,Belone belone,TpH,5,5,365,14.4,1218,17.1,Fertilization success,positive,%,Reproduction,99.9,0.223606798,88.1,4.248529157,-0.1257,5e-4,NA,NA,Yes,NA,NA,NA,,853,2.700000000000001,Alter_K_Peck_MA,NA,Belone_belone,Fish_larvae,2021,365,14.4,5,Alter_K_Peck_MA__2021__NA,ZOO_STUDY_0018,ZOO_ES_000015,ZOO_STUDY_0018__Belone_belone__Fish_larvae__CO2365.00__T14.40__NC5,ZOO_COMMON_00026,-0.12569715271237414,4.661116902458554e-4
Alter et al. 2024,"Armstrong, Allen, Beltrand, Dubousquet, Stillman, Mills",2017,NA,NA,Zooplankton,Meroplankton,Mollusca,Stylocheilus striatus,TpH,44,44,420,27,1113,31,Hatching success,positive,%,Reproduction,93.8,7.42923953,25.91,25.93600586,-1.286,0.0229,NA,NA,Yes,NA,NA,NA,,693,4,Armstrong_Allen_Beltrand_Dubousquet_Stillman_Mills,NA,Stylocheilus_striatus,Mollusca,2017,420,27,44,Armstrong_Allen_Beltrand_Dubousquet_Stillman_Mills__2017__NA,ZOO_STUDY_0024,ZOO_ES_000055,ZOO_STUDY_0024__Stylocheilus_striatus__Mollusca__CO2420.00__T27.00__NC44,ZOO_COMMON_00034,-1.2865358614381603,0.022915489066450655
Alter et al. 2024,"Arnberg M, Calosi P, Spicer JI, Tandberg AHS, Nilsen M, Westerlund S, Bechmann RK",2013,NA,NA,Zooplankton,Meroplankton,Arthropoda,Pandalus Borealis,TpH,23,23,406,6.7,1449,9.5,Hatching success,positive,%,Reproduction,98.74,4.460123317,95.2,4.795831523,-0.037,2e-4,NA,NA,Yes,NA,NA,NA,,1043,2.8,Arnberg_M_Calosi_P_Spicer_JI_Tandberg_AHS_Nilsen_M_Westerlund_S_Bechmann_RK,NA,Pandalus_Borealis,Arthropoda,2013,406,6.7,23,Arnberg_M_Calosi_P_Spicer_JI_Tandberg_AHS_Nilsen_M_Westerlund_S_Bechmann_RK__2013__NA,ZOO_STUDY_0025,ZOO_ES_000064,ZOO_STUDY_0025__Pandalus_Borealis__Arthropoda__CO2406.00__T6.70__NC23,ZOO_COMMON_00036,-0.036510191033397116,1.9904969752087772e-4
Alter et al. 2024,"Bylenga CH, Cummings VJ, Ryan KG",2015,NA,NA,Zooplankton,Meroplankton,Mollusca,Laternula elliptica,TpH,6,6,350,-1.6,569,-0.5,Fertilization success,positive,%,Reproduction,84.13,2.302520358,80.59,4.041658076,-0.043,5e-4,NA,NA,Yes,NA,NA,NA,,219,1.1,Bylenga_CH_Cummings_VJ_Ryan_KG,NA,Laternula_elliptica,Mollusca,2015,350,-1.6,6,Bylenga_CH_Cummings_VJ_Ryan_KG__2015__NA,ZOO_STUDY_0048,ZOO_ES_000149,ZOO_STUDY_0048__Laternula_elliptica__Mollusca__CO2350.00__T-1.60__NC6,ZOO_COMMON_00070,-0.04298864922630212,5.44024897503708e-4
Alter et al. 2024,"Bylenga CH, Cummings VJ, Ryan KG",2015,NA,NA,Zooplankton,Meroplankton,Mollusca,Laternula elliptica,TpH,6,6,350,-1.6,893,0.4,Fertilization success,positive,%,Reproduction,84.13,2.302520358,81.77,5.780795793,-0.028,0.001,NA,NA,Yes,NA,NA,NA,,543,2,Bylenga_CH_Cummings_VJ_Ryan_KG,NA,Laternula_elliptica,Mollusca,2015,350,-1.6,6,Bylenga_CH_Cummings_VJ_Ryan_KG__2015__NA,ZOO_STUDY_0048,ZOO_ES_000150,ZOO_STUDY_0048__Laternula_elliptica__Mollusca__CO2350.00__T-1.60__NC6,ZOO_COMMON_00070,-0.028452793388836342,9.57822803689892e-4
Alter et al. 2024,"Bylenga CH, Cummings VJ, Ryan KG",2015,NA,NA,Zooplankton,Meroplankton,Mollusca,Laternula elliptica,TpH,6,6,350,-1.6,835,-0.5,Fertilization success,positive,%,Reproduction,84.13,2.302520358,86.02,4.041658076,0.022,5e-4,NA,NA,Yes,NA,NA,NA,,485,1.1,Bylenga_CH_Cummings_VJ_Ryan_KG,NA,Laternula_elliptica,Mollusca,2015,350,-1.6,6,Bylenga_CH_Cummings_VJ_Ryan_KG__2015__NA,ZOO_STUDY_0048,ZOO_ES_000151,ZOO_STUDY_0048__Laternula_elliptica__Mollusca__CO2350.00__T-1.60__NC6,ZOO_COMMON_00070,0.022216605792868122,4.92773277851256e-4
Alter et al. 2024,"Byrne M, Soars N, Selvykumaraswamy P, Dworjanyn SA, Davis AR",2010,NA,NA,Zooplankton,Meroplankton,Echinodermata,Heliocidaris erythrogramma,TpH,12,12,367,22,1142,26,Fertilization,positive,%,Reproduction,74.53,5.40399852,69.07,4.67653718,-0.076,8e-4,NA,NA,Yes,NA,NA,NA,,775,4,Byrne_M_Soars_N_Selvykumaraswamy_P_Dworjanyn_SA_Davis_AR,NA,Heliocidaris_erythrogramma,Echinodermata,2010,367,22,12,Byrne_M_Soars_N_Selvykumaraswamy_P_Dworjanyn_SA_Davis_AR__2010__NA,ZOO_STUDY_0056,ZOO_ES_000218,ZOO_STUDY_0056__Heliocidaris_erythrogramma__Echinodermata__CO2367.00__T22.00__NC12,ZOO_COMMON_00084,-0.07608124579272108,8.201360421793969e-4
Alter et al. 2024,"Byrne M, Soars N, Selvykumaraswamy P, Dworjanyn SA, Davis AR",2010,NA,NA,Zooplankton,Meroplankton,Echinodermata,Heliocidaris erythrogramma,TpH,12,12,367,22,1124,24,Fertilization,positive,%,Reproduction,74.53,5.40399852,69.97,3.637306696,-0.063,7e-4,NA,NA,Yes,NA,NA,NA,,757,2,Byrne_M_Soars_N_Selvykumaraswamy_P_Dworjanyn_SA_Davis_AR,NA,Heliocidaris_erythrogramma,Echinodermata,2010,367,22,12,Byrne_M_Soars_N_Selvykumaraswamy_P_Dworjanyn_SA_Davis_AR__2010__NA,ZOO_STUDY_0056,ZOO_ES_000219,ZOO_STUDY_0056__Heliocidaris_erythrogramma__Echinodermata__CO2367.00__T22.00__NC12,ZOO_COMMON_00084,-0.06313515013579715,6.633068026131116e-4
Alter et al. 2024,"Byrne M, Soars N, Selvykumaraswamy P, Dworjanyn SA, Davis AR",2010,NA,NA,Zooplankton,Meroplankton,Echinodermata,Heliocidaris erythrogramma,TpH,12,12,367,22,1858,24,Fertilization,positive,%,Reproduction,74.53,5.40399852,70.48,5.750408681,-0.056,0.001,NA,NA,Yes,NA,NA,NA,,1491,2,Byrne_M_Soars_N_Selvykumaraswamy_P_Dworjanyn_SA_Davis_AR,NA,Heliocidaris_erythrogramma,Echinodermata,2010,367,22,12,Byrne_M_Soars_N_Selvykumaraswamy_P_Dworjanyn_SA_Davis_AR__2010__NA,ZOO_STUDY_0056,ZOO_ES_000220,ZOO_STUDY_0056__Heliocidaris_erythrogramma__Echinodermata__CO2367.00__T22.00__NC12,ZOO_COMMON_00084,-0.05587274726567829,9.928473109543031e-4
Alter et al. 2024,"Byrne M, Soars N, Selvykumaraswamy P, Dworjanyn SA, Davis AR",2010,NA,NA,Zooplankton,Meroplankton,Echinodermata,Heliocidaris erythrogramma,TpH,12,12,367,22,1892,26,Fertilization,positive,%,Reproduction,74.53,5.40399852,72.63,4.260844987,-0.026,7e-4,NA,NA,Yes,NA,NA,NA,,1525,4,Byrne_M_Soars_N_Selvykumaraswamy_P_Dworjanyn_SA_Davis_AR,NA,Heliocidaris_erythrogramma,Echinodermata,2010,367,22,12,Byrne_M_Soars_N_Selvykumaraswamy_P_Dworjanyn_SA_Davis_AR__2010__NA,ZOO_STUDY_0056,ZOO_ES_000221,ZOO_STUDY_0056__Heliocidaris_erythrogramma__Echinodermata__CO2367.00__T22.00__NC12,ZOO_COMMON_00084,-0.02582366927552568,7.249131528623551e-4
Alter et al. 2024,"Byrne M, Soars NA, Ho MA, Wong E, McElroy D, Selvakumaraswamy P, Dworjanyn SA, Davis AR",2010,NA,NA,Zooplankton,Meroplankton,Echinodermata,Heliocidaris tuberculata,TpH,3,3,327,20,1828,26,Fertilization success,positive,%,Reproduction,95.9,5.092229374,83.21,15.27668812,-0.142,0.0122,NA,NA,Yes,NA,NA,NA,,1501,6,Byrne_M_Soars_NA_Ho_MA_Wong_E_McElroy_D_Selvakumaraswamy_P_Dworjanyn_SA_Davis_AR,NA,Heliocidaris_tuberculata,Echinodermata,2010,327,20,3,Byrne_M_Soars_NA_Ho_MA_Wong_E_McElroy_D_Selvakumaraswamy_P_Dworjanyn_SA_Davis_AR__2010__NA,ZOO_STUDY_0055,ZOO_ES_000249,ZOO_STUDY_0055__Heliocidaris_tuberculata__Echinodermata__CO2327.00__T20.00__NC3,ZOO_COMMON_00081,-0.1419384489770542,0.012175185206309178
Alter et al. 2024,"Byrne M, Soars NA, Ho MA, Wong E, McElroy D, Selvakumaraswamy P, Dworjanyn SA, Davis AR",2010,NA,NA,Zooplankton,Meroplankton,Echinodermata,Patiriella regularis,TpH,3,3,330,22,1795,24,Fertilization success,positive,%,Reproduction,89.93,8.556330989,79.09,18.16921297,-0.128,0.0206,NA,NA,Yes,NA,NA,NA,,1465,2,Byrne_M_Soars_NA_Ho_MA_Wong_E_McElroy_D_Selvakumaraswamy_P_Dworjanyn_SA_Davis_AR,NA,Patiriella_regularis,Echinodermata,2010,330,22,3,Byrne_M_Soars_NA_Ho_MA_Wong_E_McElroy_D_Selvakumaraswamy_P_Dworjanyn_SA_Davis_AR__2010__NA,ZOO_STUDY_0055,ZOO_ES_000250,ZOO_STUDY_0055__Patiriella_regularis__Echinodermata__CO2330.00__T22.00__NC3,ZOO_COMMON_00082,-0.12844514539509827,0.020609182769025618
Alter et al. 2024,"Byrne M, Soars NA, Ho MA, Wong E, McElroy D, Selvakumaraswamy P, Dworjanyn SA, Davis AR",2010,NA,NA,Zooplankton,Meroplankton,Echinodermata,Heliocidaris tuberculata,TpH,3,3,327,20,1104,26,Fertilization success,positive,%,Reproduction,95.9,5.092229374,87.26,13.25018868,-0.094,0.0086,NA,NA,Yes,NA,NA,NA,,777,6,Byrne_M_Soars_NA_Ho_MA_Wong_E_McElroy_D_Selvakumaraswamy_P_Dworjanyn_SA_Davis_AR,NA,Heliocidaris_tuberculata,Echinodermata,2010,327,20,3,Byrne_M_Soars_NA_Ho_MA_Wong_E_McElroy_D_Selvakumaraswamy_P_Dworjanyn_SA_Davis_AR__2010__NA,ZOO_STUDY_0055,ZOO_ES_000251,ZOO_STUDY_0055__Heliocidaris_tuberculata__Echinodermata__CO2327.00__T20.00__NC3,ZOO_COMMON_00081,-0.09441381419392904,0.008625707333104662
Alter et al. 2024,"Byrne M, Soars NA, Ho MA, Wong E, McElroy D, Selvakumaraswamy P, Dworjanyn SA, Davis AR",2010,NA,NA,Zooplankton,Meroplankton,Echinodermata,Heliocidaris tuberculata,TpH,3,3,327,20,851,26,Fertilization success,positive,%,Reproduction,95.9,5.092229374,90.12,12.2282787,-0.062,0.0071,NA,NA,Yes,NA,NA,NA,,524,6,Byrne_M_Soars_NA_Ho_MA_Wong_E_McElroy_D_Selvakumaraswamy_P_Dworjanyn_SA_Davis_AR,NA,Heliocidaris_tuberculata,Echinodermata,2010,327,20,3,Byrne_M_Soars_NA_Ho_MA_Wong_E_McElroy_D_Selvakumaraswamy_P_Dworjanyn_SA_Davis_AR__2010__NA,ZOO_STUDY_0055,ZOO_ES_000252,ZOO_STUDY_0055__Heliocidaris_tuberculata__Echinodermata__CO2327.00__T20.00__NC3,ZOO_COMMON_00081,-0.062163866325348864,0.007077001828685866
Alter et al. 2024,"Byrne M, Soars NA, Ho MA, Wong E, McElroy D, Selvakumaraswamy P, Dworjanyn SA, Davis AR",2010,NA,NA,Zooplankton,Meroplankton,Echinodermata,Heliocidaris erythrogramma,TpH,3,3,330,22,1828,26,Fertilization success,positive,%,Reproduction,90.33,8.157959304,85.28,12.2282787,-0.058,0.0096,NA,NA,Yes,NA,NA,NA,,1498,4,Byrne_M_Soars_NA_Ho_MA_Wong_E_McElroy_D_Selvakumaraswamy_P_Dworjanyn_SA_Davis_AR,NA,Heliocidaris_erythrogramma,Echinodermata,2010,330,22,3,Byrne_M_Soars_NA_Ho_MA_Wong_E_McElroy_D_Selvakumaraswamy_P_Dworjanyn_SA_Davis_AR__2010__NA,ZOO_STUDY_0055,ZOO_ES_000253,ZOO_STUDY_0055__Heliocidaris_erythrogramma__Echinodermata__CO2330.00__T22.00__NC3,ZOO_COMMON_00080,-0.05752967074421771,0.00957234438828202
Alter et al. 2024,"Byrne M, Soars NA, Ho MA, Wong E, McElroy D, Selvakumaraswamy P, Dworjanyn SA, Davis AR",2010,NA,NA,Zooplankton,Meroplankton,Echinodermata,Heliocidaris erythrogramma,TpH,3,3,330,22,1104,26,Fertilization success,positive,%,Reproduction,90.33,8.157959304,85.77,11.20636872,-0.052,0.0084,NA,NA,Yes,NA,NA,NA,,774,4,Byrne_M_Soars_NA_Ho_MA_Wong_E_McElroy_D_Selvakumaraswamy_P_Dworjanyn_SA_Davis_AR,NA,Heliocidaris_erythrogramma,Echinodermata,2010,330,22,3,Byrne_M_Soars_NA_Ho_MA_Wong_E_McElroy_D_Selvakumaraswamy_P_Dworjanyn_SA_Davis_AR__2010__NA,ZOO_STUDY_0055,ZOO_ES_000254,ZOO_STUDY_0055__Heliocidaris_erythrogramma__Echinodermata__CO2330.00__T22.00__NC3,ZOO_COMMON_00080,-0.051800336159422075,0.008409137102088283
Alter et al. 2024,"Byrne M, Soars NA, Ho MA, Wong E, McElroy D, Selvakumaraswamy P, Dworjanyn SA, Davis AR",2010,NA,NA,Zooplankton,Meroplankton,Echinodermata,Heliocidaris tuberculata,TpH,3,3,327,20,1795,24,Fertilization success,positive,%,Reproduction,95.9,5.092229374,92.61,10.18445875,-0.035,0.005,NA,NA,Yes,NA,NA,NA,,1468,4,Byrne_M_Soars_NA_Ho_MA_Wong_E_McElroy_D_Selvakumaraswamy_P_Dworjanyn_SA_Davis_AR,NA,Heliocidaris_tuberculata,Echinodermata,2010,327,20,3,Byrne_M_Soars_NA_Ho_MA_Wong_E_McElroy_D_Selvakumaraswamy_P_Dworjanyn_SA_Davis_AR__2010__NA,ZOO_STUDY_0055,ZOO_ES_000255,ZOO_STUDY_0055__Heliocidaris_tuberculata__Echinodermata__CO2327.00__T20.00__NC3,ZOO_COMMON_00081,-0.03490885470721498,0.004971089748647836
Alter et al. 2024,"Byrne M, Soars NA, Ho MA, Wong E, McElroy D, Selvakumaraswamy P, Dworjanyn SA, Davis AR",2010,NA,NA,Zooplankton,Meroplankton,Echinodermata,Patiriella regularis,TpH,3,3,330,22,1087,24,Fertilization success,positive,%,Reproduction,89.93,8.556330989,86.99,12.81717598,-0.033,0.0103,NA,NA,Yes,NA,NA,NA,,757,2,Byrne_M_Soars_NA_Ho_MA_Wong_E_McElroy_D_Selvakumaraswamy_P_Dworjanyn_SA_Davis_AR,NA,Patiriella_regularis,Echinodermata,2010,330,22,3,Byrne_M_Soars_NA_Ho_MA_Wong_E_McElroy_D_Selvakumaraswamy_P_Dworjanyn_SA_Davis_AR__2010__NA,ZOO_STUDY_0055,ZOO_ES_000256,ZOO_STUDY_0055__Patiriella_regularis__Echinodermata__CO2330.00__T22.00__NC3,ZOO_COMMON_00082,-0.033238420406974875,0.010253919034421882
Alter et al. 2024,"Byrne M, Soars NA, Ho MA, Wong E, McElroy D, Selvakumaraswamy P, Dworjanyn SA, Davis AR",2010,NA,NA,Zooplankton,Meroplankton,Echinodermata,Heliocidaris tuberculata,TpH,3,3,327,20,839,24,Fertilization success,positive,%,Reproduction,95.9,5.092229374,94.22,8.157959304,-0.018,0.0034,NA,NA,Yes,NA,NA,NA,,512,4,Byrne_M_Soars_NA_Ho_MA_Wong_E_McElroy_D_Selvakumaraswamy_P_Dworjanyn_SA_Davis_AR,NA,Heliocidaris_tuberculata,Echinodermata,2010,327,20,3,Byrne_M_Soars_NA_Ho_MA_Wong_E_McElroy_D_Selvakumaraswamy_P_Dworjanyn_SA_Davis_AR__2010__NA,ZOO_STUDY_0055,ZOO_ES_000257,ZOO_STUDY_0055__Heliocidaris_tuberculata__Echinodermata__CO2327.00__T20.00__NC3,ZOO_COMMON_00081,-0.017673508617497554,0.0034387863880579175
Alter et al. 2024,"Byrne M, Soars NA, Ho MA, Wong E, McElroy D, Selvakumaraswamy P, Dworjanyn SA, Davis AR",2010,NA,NA,Zooplankton,Meroplankton,Echinodermata,Heliocidaris erythrogramma,TpH,3,3,330,22,1795,24,Fertilization success,positive,%,Reproduction,90.33,8.157959304,88.79,10.18445875,-0.017,0.0071,NA,NA,Yes,NA,NA,NA,,1465,2,Byrne_M_Soars_NA_Ho_MA_Wong_E_McElroy_D_Selvakumaraswamy_P_Dworjanyn_SA_Davis_AR,NA,Heliocidaris_erythrogramma,Echinodermata,2010,330,22,3,Byrne_M_Soars_NA_Ho_MA_Wong_E_McElroy_D_Selvakumaraswamy_P_Dworjanyn_SA_Davis_AR__2010__NA,ZOO_STUDY_0055,ZOO_ES_000258,ZOO_STUDY_0055__Heliocidaris_erythrogramma__Echinodermata__CO2330.00__T22.00__NC3,ZOO_COMMON_00080,-0.017195600117516596,0.007104378311872036
Alter et al. 2024,"Byrne M, Soars NA, Ho MA, Wong E, McElroy D, Selvakumaraswamy P, Dworjanyn SA, Davis AR",2010,NA,NA,Zooplankton,Meroplankton,Echinodermata,Centrostephanus rodgersii,TpH,3,3,324,18,1795,24,Fertilization success,positive,%,Reproduction,96.12,5.213472931,94.55,6.270023923,-0.016,0.0024,NA,NA,Yes,NA,NA,NA,,1471,6,Byrne_M_Soars_NA_Ho_MA_Wong_E_McElroy_D_Selvakumaraswamy_P_Dworjanyn_SA_Davis_AR,NA,Centrostephanus_rodgersii,Echinodermata,2010,324,18,3,Byrne_M_Soars_NA_Ho_MA_Wong_E_McElroy_D_Selvakumaraswamy_P_Dworjanyn_SA_Davis_AR__2010__NA,ZOO_STUDY_0055,ZOO_ES_000259,ZOO_STUDY_0055__Centrostephanus_rodgersii__Echinodermata__CO2324.00__T18.00__NC3,ZOO_COMMON_00078,-0.016468615763801684,0.0024464959933788335
Alter et al. 2024,"Byrne M, Soars NA, Ho MA, Wong E, McElroy D, Selvakumaraswamy P, Dworjanyn SA, Davis AR",2010,NA,NA,Zooplankton,Meroplankton,Echinodermata,Heliocidaris erythrogramma,TpH,3,3,330,22,1087,24,Fertilization success,positive,%,Reproduction,90.33,8.157959304,89.28,9.162548772,-0.012,0.0062,NA,NA,Yes,NA,NA,NA,,757,2,Byrne_M_Soars_NA_Ho_MA_Wong_E_McElroy_D_Selvakumaraswamy_P_Dworjanyn_SA_Davis_AR,NA,Heliocidaris_erythrogramma,Echinodermata,2010,330,22,3,Byrne_M_Soars_NA_Ho_MA_Wong_E_McElroy_D_Selvakumaraswamy_P_Dworjanyn_SA_Davis_AR__2010__NA,ZOO_STUDY_0055,ZOO_ES_000260,ZOO_STUDY_0055__Heliocidaris_erythrogramma__Echinodermata__CO2330.00__T22.00__NC3,ZOO_COMMON_00080,-0.01169213252875129,0.006229578202869
Alter et al. 2024,"Byrne M, Soars NA, Ho MA, Wong E, McElroy D, Selvakumaraswamy P, Dworjanyn SA, Davis AR",2010,NA,NA,Zooplankton,Meroplankton,Echinodermata,Centrostephanus rodgersii,TpH,3,3,324,18,1069,22,Fertilization success,positive,%,Reproduction,96.12,5.213472931,95.04,6.252703415,-0.011,0.0024,NA,NA,Yes,NA,NA,NA,,745,4,Byrne_M_Soars_NA_Ho_MA_Wong_E_McElroy_D_Selvakumaraswamy_P_Dworjanyn_SA_Davis_AR,NA,Centrostephanus_rodgersii,Echinodermata,2010,324,18,3,Byrne_M_Soars_NA_Ho_MA_Wong_E_McElroy_D_Selvakumaraswamy_P_Dworjanyn_SA_Davis_AR__2010__NA,ZOO_STUDY_0055,ZOO_ES_000261,ZOO_STUDY_0055__Centrostephanus_rodgersii__Echinodermata__CO2324.00__T18.00__NC3,ZOO_COMMON_00078,-0.011299555253933394,0.0024234154259811054
Alter et al. 2024,"Byrne M, Soars NA, Ho MA, Wong E, McElroy D, Selvakumaraswamy P, Dworjanyn SA, Davis AR",2010,NA,NA,Zooplankton,Meroplankton,Echinodermata,Centrostephanus rodgersii,TpH,3,3,324,18,1087,24,Fertilization success,positive,%,Reproduction,96.12,5.213472931,95.05,6.270023923,-0.011,0.0024,NA,NA,Yes,NA,NA,NA,,763,6,Byrne_M_Soars_NA_Ho_MA_Wong_E_McElroy_D_Selvakumaraswamy_P_Dworjanyn_SA_Davis_AR,NA,Centrostephanus_rodgersii,Echinodermata,2010,324,18,3,Byrne_M_Soars_NA_Ho_MA_Wong_E_McElroy_D_Selvakumaraswamy_P_Dworjanyn_SA_Davis_AR__2010__NA,ZOO_STUDY_0055,ZOO_ES_000262,ZOO_STUDY_0055__Centrostephanus_rodgersii__Echinodermata__CO2324.00__T18.00__NC3,ZOO_COMMON_00078,-0.011194341933830041,0.0024311145118040937
Alter et al. 2024,"Byrne M, Soars NA, Ho MA, Wong E, McElroy D, Selvakumaraswamy P, Dworjanyn SA, Davis AR",2010,NA,NA,Zooplankton,Meroplankton,Echinodermata,Centrostephanus rodgersii,TpH,3,3,324,18,1762,22,Fertilization success,positive,%,Reproduction,96.12,5.213472931,95.13,6.270023923,-0.01,0.0024,NA,NA,Yes,NA,NA,NA,,1438,4,Byrne_M_Soars_NA_Ho_MA_Wong_E_McElroy_D_Selvakumaraswamy_P_Dworjanyn_SA_Davis_AR,NA,Centrostephanus_rodgersii,Echinodermata,2010,324,18,3,Byrne_M_Soars_NA_Ho_MA_Wong_E_McElroy_D_Selvakumaraswamy_P_Dworjanyn_SA_Davis_AR__2010__NA,ZOO_STUDY_0055,ZOO_ES_000263,ZOO_STUDY_0055__Centrostephanus_rodgersii__Echinodermata__CO2324.00__T18.00__NC3,ZOO_COMMON_00078,-0.010353033649902596,0.0024286759557939296
Alter et al. 2024,"Byrne M, Soars NA, Ho MA, Wong E, McElroy D, Selvakumaraswamy P, Dworjanyn SA, Davis AR",2010,NA,NA,Zooplankton,Meroplankton,Echinodermata,Patiriella regularis,TpH,3,3,330,22,1828,26,Fertilization success,positive,%,Reproduction,89.93,8.556330989,89.61,8.539010481,-0.004,0.006,NA,NA,Yes,NA,NA,NA,,1498,4,Byrne_M_Soars_NA_Ho_MA_Wong_E_McElroy_D_Selvakumaraswamy_P_Dworjanyn_SA_Davis_AR,NA,Patiriella_regularis,Echinodermata,2010,330,22,3,Byrne_M_Soars_NA_Ho_MA_Wong_E_McElroy_D_Selvakumaraswamy_P_Dworjanyn_SA_Davis_AR__2010__NA,ZOO_STUDY_0055,ZOO_ES_000264,ZOO_STUDY_0055__Patiriella_regularis__Echinodermata__CO2330.00__T22.00__NC3,ZOO_COMMON_00082,-0.003564669030296,0.006044262355811904
Alter et al. 2024,"Byrne M, Soars NA, Ho MA, Wong E, McElroy D, Selvakumaraswamy P, Dworjanyn SA, Davis AR",2010,NA,NA,Zooplankton,Meroplankton,Echinodermata,Heliocidaris tuberculata,TpH,3,3,327,20,1087,24,Fertilization success,positive,%,Reproduction,95.9,5.092229374,96.07,5.092229374,0.002,0.0019,NA,NA,Yes,NA,NA,NA,,760,4,Byrne_M_Soars_NA_Ho_MA_Wong_E_McElroy_D_Selvakumaraswamy_P_Dworjanyn_SA_Davis_AR,NA,Heliocidaris_tuberculata,Echinodermata,2010,327,20,3,Byrne_M_Soars_NA_Ho_MA_Wong_E_McElroy_D_Selvakumaraswamy_P_Dworjanyn_SA_Davis_AR__2010__NA,ZOO_STUDY_0055,ZOO_ES_000265,ZOO_STUDY_0055__Heliocidaris_tuberculata__Echinodermata__CO2327.00__T20.00__NC3,ZOO_COMMON_00081,0.0017711105322545705,0.0018763719832610602
Alter et al. 2024,"Byrne M, Soars NA, Ho MA, Wong E, McElroy D, Selvakumaraswamy P, Dworjanyn SA, Davis AR",2010,NA,NA,Zooplankton,Meroplankton,Mollusca,Haliotis coccoradiata,TpH,3,3,327,20,1104,26,Fertilization success,positive,%,Reproduction,97.55,3.204293994,97.77,3.169652978,0.002,7e-4,NA,NA,Yes,NA,NA,NA,,777,6,Byrne_M_Soars_NA_Ho_MA_Wong_E_McElroy_D_Selvakumaraswamy_P_Dworjanyn_SA_Davis_AR,NA,Haliotis_coccoradiata,Mollusca,2010,327,20,3,Byrne_M_Soars_NA_Ho_MA_Wong_E_McElroy_D_Selvakumaraswamy_P_Dworjanyn_SA_Davis_AR__2010__NA,ZOO_STUDY_0055,ZOO_ES_000266,ZOO_STUDY_0055__Haliotis_coccoradiata__Mollusca__CO2327.00__T20.00__NC3,ZOO_COMMON_00079,0.002252714448459553,7.099983115770086e-4
Alter et al. 2024,"Byrne M, Soars NA, Ho MA, Wong E, McElroy D, Selvakumaraswamy P, Dworjanyn SA, Davis AR",2010,NA,NA,Zooplankton,Meroplankton,Mollusca,Haliotis coccoradiata,TpH,3,3,327,20,1828,26,Fertilization success,positive,%,Reproduction,97.55,3.204293994,97.85,3.221614502,0.003,7e-4,NA,NA,Yes,NA,NA,NA,,1501,6,Byrne_M_Soars_NA_Ho_MA_Wong_E_McElroy_D_Selvakumaraswamy_P_Dworjanyn_SA_Davis_AR,NA,Haliotis_coccoradiata,Mollusca,2010,327,20,3,Byrne_M_Soars_NA_Ho_MA_Wong_E_McElroy_D_Selvakumaraswamy_P_Dworjanyn_SA_Davis_AR__2010__NA,ZOO_STUDY_0055,ZOO_ES_000267,ZOO_STUDY_0055__Haliotis_coccoradiata__Mollusca__CO2327.00__T20.00__NC3,ZOO_COMMON_00079,0.0030706267729650114,7.209874971253283e-4
Alter et al. 2024,"Byrne M, Soars NA, Ho MA, Wong E, McElroy D, Selvakumaraswamy P, Dworjanyn SA, Davis AR",2010,NA,NA,Zooplankton,Meroplankton,Mollusca,Haliotis coccoradiata,TpH,3,3,327,20,1069,22,Fertilization success,positive,%,Reproduction,97.55,3.204293994,98.98,1.073871501,0.015,4e-4,NA,NA,Yes,NA,NA,NA,,742,2,Byrne_M_Soars_NA_Ho_MA_Wong_E_McElroy_D_Selvakumaraswamy_P_Dworjanyn_SA_Davis_AR,NA,Haliotis_coccoradiata,Mollusca,2010,327,20,3,Byrne_M_Soars_NA_Ho_MA_Wong_E_McElroy_D_Selvakumaraswamy_P_Dworjanyn_SA_Davis_AR__2010__NA,ZOO_STUDY_0055,ZOO_ES_000268,ZOO_STUDY_0055__Haliotis_coccoradiata__Mollusca__CO2327.00__T20.00__NC3,ZOO_COMMON_00079,0.014552742454619941,3.9889366378838053e-4
Alter et al. 2024,"Byrne M, Soars NA, Ho MA, Wong E, McElroy D, Selvakumaraswamy P, Dworjanyn SA, Davis AR",2010,NA,NA,Zooplankton,Meroplankton,Mollusca,Haliotis coccoradiata,TpH,3,3,327,20,1762,22,Fertilization success,positive,%,Reproduction,97.55,3.204293994,99.07,2.130422493,0.015,5e-4,NA,NA,Yes,NA,NA,NA,,1435,2,Byrne_M_Soars_NA_Ho_MA_Wong_E_McElroy_D_Selvakumaraswamy_P_Dworjanyn_SA_Davis_AR,NA,Haliotis_coccoradiata,Mollusca,2010,327,20,3,Byrne_M_Soars_NA_Ho_MA_Wong_E_McElroy_D_Selvakumaraswamy_P_Dworjanyn_SA_Davis_AR__2010__NA,ZOO_STUDY_0055,ZOO_ES_000269,ZOO_STUDY_0055__Haliotis_coccoradiata__Mollusca__CO2327.00__T20.00__NC3,ZOO_COMMON_00079,0.01546160391581853,5.138010662542232e-4
Alter et al. 2024,"Byrne M, Soars NA, Ho MA, Wong E, McElroy D, Selvakumaraswamy P, Dworjanyn SA, Davis AR",2010,NA,NA,Zooplankton,Meroplankton,Mollusca,Haliotis coccoradiata,TpH,3,3,327,20,827,22,Fertilization success,positive,%,Reproduction,97.55,3.204293994,99.51,1.021909976,0.02,4e-4,NA,NA,Yes,NA,NA,NA,,500,2,Byrne_M_Soars_NA_Ho_MA_Wong_E_McElroy_D_Selvakumaraswamy_P_Dworjanyn_SA_Davis_AR,NA,Haliotis_coccoradiata,Mollusca,2010,327,20,3,Byrne_M_Soars_NA_Ho_MA_Wong_E_McElroy_D_Selvakumaraswamy_P_Dworjanyn_SA_Davis_AR__2010__NA,ZOO_STUDY_0055,ZOO_ES_000270,ZOO_STUDY_0055__Haliotis_coccoradiata__Mollusca__CO2327.00__T20.00__NC3,ZOO_COMMON_00079,0.019893074557950644,3.948109864102178e-4
Alter et al. 2024,"Byrne M, Soars NA, Ho MA, Wong E, McElroy D, Selvakumaraswamy P, Dworjanyn SA, Davis AR",2010,NA,NA,Zooplankton,Meroplankton,Mollusca,Haliotis coccoradiata,TpH,3,3,327,20,851,26,Fertilization success,positive,%,Reproduction,97.55,3.204293994,99.53,0.98726896,0.02,4e-4,NA,NA,Yes,NA,NA,NA,,524,6,Byrne_M_Soars_NA_Ho_MA_Wong_E_McElroy_D_Selvakumaraswamy_P_Dworjanyn_SA_Davis_AR,NA,Haliotis_coccoradiata,Mollusca,2010,327,20,3,Byrne_M_Soars_NA_Ho_MA_Wong_E_McElroy_D_Selvakumaraswamy_P_Dworjanyn_SA_Davis_AR__2010__NA,ZOO_STUDY_0055,ZOO_ES_000271,ZOO_STUDY_0055__Haliotis_coccoradiata__Mollusca__CO2327.00__T20.00__NC3,ZOO_COMMON_00079,0.020094039188851998,3.924548972595545e-4
Alter et al. 2024,"Byrne M, Soars NA, Ho MA, Wong E, McElroy D, Selvakumaraswamy P, Dworjanyn SA, Davis AR",2010,NA,NA,Zooplankton,Meroplankton,Echinodermata,Tripneustes gratilla,TpH,3,3,327,20,1104,26,Fertilization success,positive,%,Reproduction,87.97,12.52272734,89.95,11.48349685,0.022,0.0122,NA,NA,Yes,NA,NA,NA,,777,6,Byrne_M_Soars_NA_Ho_MA_Wong_E_McElroy_D_Selvakumaraswamy_P_Dworjanyn_SA_Davis_AR,NA,Tripneustes_gratilla,Echinodermata,2010,327,20,3,Byrne_M_Soars_NA_Ho_MA_Wong_E_McElroy_D_Selvakumaraswamy_P_Dworjanyn_SA_Davis_AR__2010__NA,ZOO_STUDY_0055,ZOO_ES_000272,ZOO_STUDY_0055__Tripneustes_gratilla__Echinodermata__CO2327.00__T20.00__NC3,ZOO_COMMON_00083,0.022258113131959096,0.012187533482325496
Alter et al. 2024,"Byrne M, Soars NA, Ho MA, Wong E, McElroy D, Selvakumaraswamy P, Dworjanyn SA, Davis AR",2010,NA,NA,Zooplankton,Meroplankton,Echinodermata,Patiriella regularis,TpH,3,3,330,22,1104,26,Fertilization success,positive,%,Reproduction,89.93,8.556330989,93.8,5.352036995,0.042,0.0041,NA,NA,Yes,NA,NA,NA,,774,4,Byrne_M_Soars_NA_Ho_MA_Wong_E_McElroy_D_Selvakumaraswamy_P_Dworjanyn_SA_Davis_AR,NA,Patiriella_regularis,Echinodermata,2010,330,22,3,Byrne_M_Soars_NA_Ho_MA_Wong_E_McElroy_D_Selvakumaraswamy_P_Dworjanyn_SA_Davis_AR__2010__NA,ZOO_STUDY_0055,ZOO_ES_000273,ZOO_STUDY_0055__Patiriella_regularis__Echinodermata__CO2330.00__T22.00__NC3,ZOO_COMMON_00082,0.04213326608575485,0.004102685899433471
Alter et al. 2024,"Byrne M, Soars NA, Ho MA, Wong E, McElroy D, Selvakumaraswamy P, Dworjanyn SA, Davis AR",2010,NA,NA,Zooplankton,Meroplankton,Echinodermata,Tripneustes gratilla,TpH,3,3,327,20,1087,24,Fertilization success,positive,%,Reproduction,87.97,12.52272734,92.35,10.42694586,0.049,0.011,NA,NA,Yes,NA,NA,NA,,760,4,Byrne_M_Soars_NA_Ho_MA_Wong_E_McElroy_D_Selvakumaraswamy_P_Dworjanyn_SA_Davis_AR,NA,Tripneustes_gratilla,Echinodermata,2010,327,20,3,Byrne_M_Soars_NA_Ho_MA_Wong_E_McElroy_D_Selvakumaraswamy_P_Dworjanyn_SA_Davis_AR__2010__NA,ZOO_STUDY_0055,ZOO_ES_000274,ZOO_STUDY_0055__Tripneustes_gratilla__Echinodermata__CO2327.00__T20.00__NC3,ZOO_COMMON_00083,0.04858985938066571,0.011004038436364943
Alter et al. 2024,"Byrne M, Soars NA, Ho MA, Wong E, McElroy D, Selvakumaraswamy P, Dworjanyn SA, Davis AR",2010,NA,NA,Zooplankton,Meroplankton,Echinodermata,Tripneustes gratilla,TpH,3,3,327,20,839,24,Fertilization success,positive,%,Reproduction,87.97,12.52272734,92.88,10.42694586,0.054,0.011,NA,NA,Yes,NA,NA,NA,,512,4,Byrne_M_Soars_NA_Ho_MA_Wong_E_McElroy_D_Selvakumaraswamy_P_Dworjanyn_SA_Davis_AR,NA,Tripneustes_gratilla,Echinodermata,2010,327,20,3,Byrne_M_Soars_NA_Ho_MA_Wong_E_McElroy_D_Selvakumaraswamy_P_Dworjanyn_SA_Davis_AR__2010__NA,ZOO_STUDY_0055,ZOO_ES_000275,ZOO_STUDY_0055__Tripneustes_gratilla__Echinodermata__CO2327.00__T20.00__NC3,ZOO_COMMON_00083,0.05431249012505293,0.010955681145117031
Alter et al. 2024,"Byrne M, Soars NA, Ho MA, Wong E, McElroy D, Selvakumaraswamy P, Dworjanyn SA, Davis AR",2010,NA,NA,Zooplankton,Meroplankton,Echinodermata,Tripneustes gratilla,TpH,3,3,327,20,851,26,Fertilization success,positive,%,Reproduction,87.97,12.52272734,92.89,9.387715377,0.054,0.0102,NA,NA,Yes,NA,NA,NA,,524,6,Byrne_M_Soars_NA_Ho_MA_Wong_E_McElroy_D_Selvakumaraswamy_P_Dworjanyn_SA_Davis_AR,NA,Tripneustes_gratilla,Echinodermata,2010,327,20,3,Byrne_M_Soars_NA_Ho_MA_Wong_E_McElroy_D_Selvakumaraswamy_P_Dworjanyn_SA_Davis_AR__2010__NA,ZOO_STUDY_0055,ZOO_ES_000276,ZOO_STUDY_0055__Tripneustes_gratilla__Echinodermata__CO2327.00__T20.00__NC3,ZOO_COMMON_00083,0.054420150134846274,0.010159278222190133
Alter et al. 2024,"Byrne M, Soars NA, Ho MA, Wong E, McElroy D, Selvakumaraswamy P, Dworjanyn SA, Davis AR",2010,NA,NA,Zooplankton,Meroplankton,Echinodermata,Tripneustes gratilla,TpH,3,3,327,20,1828,26,Fertilization success,positive,%,Reproduction,87.97,12.52272734,93.04,9.387715377,0.056,0.0101,NA,NA,Yes,NA,NA,NA,,1501,6,Byrne_M_Soars_NA_Ho_MA_Wong_E_McElroy_D_Selvakumaraswamy_P_Dworjanyn_SA_Davis_AR,NA,Tripneustes_gratilla,Echinodermata,2010,327,20,3,Byrne_M_Soars_NA_Ho_MA_Wong_E_McElroy_D_Selvakumaraswamy_P_Dworjanyn_SA_Davis_AR__2010__NA,ZOO_STUDY_0055,ZOO_ES_000277,ZOO_STUDY_0055__Tripneustes_gratilla__Echinodermata__CO2327.00__T20.00__NC3,ZOO_COMMON_00083,0.05603366094582591,0.010148309350097584
Alter et al. 2024,"Byrne M, Soars NA, Ho MA, Wong E, McElroy D, Selvakumaraswamy P, Dworjanyn SA, Davis AR",2010,NA,NA,Zooplankton,Meroplankton,Echinodermata,Tripneustes gratilla,TpH,3,3,327,20,1795,24,Fertilization success,positive,%,Reproduction,87.97,12.52272734,93.62,9.405035885,0.062,0.0101,NA,NA,Yes,NA,NA,NA,,1468,4,Byrne_M_Soars_NA_Ho_MA_Wong_E_McElroy_D_Selvakumaraswamy_P_Dworjanyn_SA_Davis_AR,NA,Tripneustes_gratilla,Echinodermata,2010,327,20,3,Byrne_M_Soars_NA_Ho_MA_Wong_E_McElroy_D_Selvakumaraswamy_P_Dworjanyn_SA_Davis_AR__2010__NA,ZOO_STUDY_0055,ZOO_ES_000278,ZOO_STUDY_0055__Tripneustes_gratilla__Echinodermata__CO2327.00__T20.00__NC3,ZOO_COMMON_00083,0.062248188607341326,0.01011877048907018
Alter et al. 2024,"Chua CM, Leggat W, Moya A, Baird AH",2013,NA,NA,Zooplankton,Meroplankton,Cnidaria,Acropora millepora,TpH,9,9,439,25.97,695,29,Fertilization,positive,%,Reproduction,91.15,3.3,87.04,3.21,-0.046,3e-4,NA,NA,Yes,NA,NA,NA,,256,3.030000000000001,Chua_CM_Leggat_W_Moya_A_Baird_AH,NA,Acropora_millepora,Cnidaria,2013,439,25.97,9,Chua_CM_Leggat_W_Moya_A_Baird_AH__2013__NA,ZOO_STUDY_0087,ZOO_ES_000296,ZOO_STUDY_0087__Acropora_millepora__Cnidaria__CO2439.00__T25.97__NC9,ZOO_COMMON_00138,-0.04613871801703953,2.967598307136527e-4
Alter et al. 2024,"Chua CM, Leggat W, Moya A, Baird AH",2013,NA,NA,Zooplankton,Meroplankton,Cnidaria,Acropora tenuis,TpH,3,3,421,25.7,663,28.9,Fertilization,positive,%,Reproduction,90.12,4.278165495,90.12,7.482459489,0,0.003,NA,NA,Yes,NA,NA,NA,,242,3.1999999999999993,Chua_CM_Leggat_W_Moya_A_Baird_AH,NA,Acropora_tenuis,Cnidaria,2013,421,25.7,3,Chua_CM_Leggat_W_Moya_A_Baird_AH__2013__NA,ZOO_STUDY_0087,ZOO_ES_000297,ZOO_STUDY_0087__Acropora_tenuis__Cnidaria__CO2421.00__T25.70__NC3,ZOO_COMMON_00142,0,0.0030490612805230254
Alter et al. 2024,"Dahlke FT, Leo E, Mark FC, Portner HO, Bickmeyer U, Frickenhaus S, Storch D",2017,NA,NA,Zooplankton,Meroplankton,Fish larvae,Gadus morhua,TpH,5,5,415,6.2,1091,9.1,hatching success,positive,%,Reproduction,62.3311,6.421092804,33.6,16.34565692,-0.6179,0.0495,NA,NA,Yes,NA,NA,NA,,676,2.8999999999999995,Dahlke_FT_Leo_E_Mark_FC_Portner_HO_Bickmeyer_U_Frickenhaus_S_Storch_D,NA,Gadus_morhua,Fish_larvae,2017,415,6.2,5,Dahlke_FT_Leo_E_Mark_FC_Portner_HO_Bickmeyer_U_Frickenhaus_S_Storch_D__2017__NA,ZOO_STUDY_0108,ZOO_ES_000321,ZOO_STUDY_0108__Gadus_morhua__Fish_larvae__CO2415.00__T6.20__NC5,ZOO_COMMON_00188,-0.6179344316984435,0.04945460052509266
Alter et al. 2024,"Dahlke FT, Leo E, Mark FC, Portner HO, Bickmeyer U, Frickenhaus S, Storch D",2017,NA,NA,Zooplankton,Meroplankton,Fish larvae,Gadus morhua,TpH,5,5,415,6.2,1097,12.1,hatching success,positive,%,Reproduction,62.3311,6.421092804,12.14,9.234960747,-1.636,0.1179,NA,NA,Yes,NA,NA,NA,,682,5.8999999999999995,Dahlke_FT_Leo_E_Mark_FC_Portner_HO_Bickmeyer_U_Frickenhaus_S_Storch_D,NA,Gadus_morhua,Fish_larvae,2017,415,6.2,5,Dahlke_FT_Leo_E_Mark_FC_Portner_HO_Bickmeyer_U_Frickenhaus_S_Storch_D__2017__NA,ZOO_STUDY_0108,ZOO_ES_000322,ZOO_STUDY_0108__Gadus_morhua__Fish_larvae__CO2415.00__T6.20__NC5,ZOO_COMMON_00188,-1.6359547130362497,0.11785692481080398
Alter et al. 2024,"Ericson JA, Ho MA, Miskelly A, King CK, Virtue P, Tilbrook B, Byrne M",2012,NA,NA,Zooplankton,Meroplankton,Echinodermata,Sterechinus neumayeri,TpH,10,10,450,-0.5,1370,1.8,Fertilization,positive,%,Reproduction,96.99,2.972541001,86.65,7.715957491,-0.113,9e-4,NA,NA,Yes,NA,NA,NA,,920,2.3,Ericson_JA_Ho_MA_Miskelly_A_King_CK_Virtue_P_Tilbrook_B_Byrne_M,NA,Sterechinus_neumayeri,Echinodermata,2012,450,-0.5,10,Ericson_JA_Ho_MA_Miskelly_A_King_CK_Virtue_P_Tilbrook_B_Byrne_M__2012__NA,ZOO_STUDY_0142,ZOO_ES_000366,ZOO_STUDY_0142__Sterechinus_neumayeri__Echinodermata__CO2450.00__T-0.50__NC10,ZOO_COMMON_00244,-0.11273086424383623,8.868734544456493e-4
Alter et al. 2024,"Ericson JA, Ho MA, Miskelly A, King CK, Virtue P, Tilbrook B, Byrne M",2012,NA,NA,Zooplankton,Meroplankton,Echinodermata,Sterechinus neumayeri,TpH,10,10,450,-0.5,1370,3.4,Fertilization,positive,%,Reproduction,96.99,2.972541001,86.65,7.715957491,-0.113,9e-4,NA,NA,Yes,NA,NA,NA,,920,3.9,Ericson_JA_Ho_MA_Miskelly_A_King_CK_Virtue_P_Tilbrook_B_Byrne_M,NA,Sterechinus_neumayeri,Echinodermata,2012,450,-0.5,10,Ericson_JA_Ho_MA_Miskelly_A_King_CK_Virtue_P_Tilbrook_B_Byrne_M__2012__NA,ZOO_STUDY_0142,ZOO_ES_000367,ZOO_STUDY_0142__Sterechinus_neumayeri__Echinodermata__CO2450.00__T-0.50__NC10,ZOO_COMMON_00244,-0.11273086424383623,8.868734544456493e-4
Alter et al. 2024,"Ericson JA, Ho MA, Miskelly A, King CK, Virtue P, Tilbrook B, Byrne M",2012,NA,NA,Zooplankton,Meroplankton,Echinodermata,Sterechinus neumayeri,TpH,10,10,450,-0.5,850,3,Fertilization,positive,%,Reproduction,96.99,2.972541001,95.11,4.74341649,-0.02,3e-4,NA,NA,Yes,NA,NA,NA,,400,3.5,Ericson_JA_Ho_MA_Miskelly_A_King_CK_Virtue_P_Tilbrook_B_Byrne_M,NA,Sterechinus_neumayeri,Echinodermata,2012,450,-0.5,10,Ericson_JA_Ho_MA_Miskelly_A_King_CK_Virtue_P_Tilbrook_B_Byrne_M__2012__NA,ZOO_STUDY_0142,ZOO_ES_000369,ZOO_STUDY_0142__Sterechinus_neumayeri__Echinodermata__CO2450.00__T-0.50__NC10,ZOO_COMMON_00244,-0.01957376391115721,3.4266058878537923e-4
Alter et al. 2024,"Ericson JA, Ho MA, Miskelly A, King CK, Virtue P, Tilbrook B, Byrne M",2012,NA,NA,Zooplankton,Meroplankton,Echinodermata,Sterechinus neumayeri,TpH,10,10,450,-0.5,850,1.6,Fertilization,positive,%,Reproduction,96.99,2.972541001,97.56,1.201665511,0.006,1e-4,NA,NA,Yes,NA,NA,NA,,400,2.1,Ericson_JA_Ho_MA_Miskelly_A_King_CK_Virtue_P_Tilbrook_B_Byrne_M,NA,Sterechinus_neumayeri,Echinodermata,2012,450,-0.5,10,Ericson_JA_Ho_MA_Miskelly_A_King_CK_Virtue_P_Tilbrook_B_Byrne_M__2012__NA,ZOO_STUDY_0142,ZOO_ES_000371,ZOO_STUDY_0142__Sterechinus_neumayeri__Echinodermata__CO2450.00__T-0.50__NC10,ZOO_COMMON_00244,0.0058596929422681295,1.0910078044321341e-4
Alter et al. 2024,"Garcia E, Hernandez JC, Clemente S",2018,NA,NA,Zooplankton,Meroplankton,Echinodermata,Arbacia lixula,TpH,3,3,541,23,2865,25.1,Fertilization,positive,%,Reproduction,97.65,3.758550252,86.85,3.290896534,-0.117,0.001,NA,NA,Yes,NA,NA,NA,,2324,2.1000000000000014,Garcia_E_Hernandez_JC_Clemente_S,NA,Arbacia_lixula,Echinodermata,2018,541,23,3,Garcia_E_Hernandez_JC_Clemente_S__2018__NA,ZOO_STUDY_0167,ZOO_ES_000439,ZOO_STUDY_0167__Arbacia_lixula__Echinodermata__CO2541.00__T23.00__NC3,ZOO_COMMON_00290,-0.11720716463557408,9.724214982088278e-4
Alter et al. 2024,"Garcia E, Hernandez JC, Clemente S",2018,NA,NA,Zooplankton,Meroplankton,Echinodermata,Arbacia lixula,TpH,3,3,541,23,1599,25.2,Fertilization,positive,%,Reproduction,97.65,3.758550252,88.26,1.870614872,-0.101,6e-4,NA,NA,Yes,NA,NA,NA,,1058,2.1999999999999993,Garcia_E_Hernandez_JC_Clemente_S,NA,Arbacia_lixula,Echinodermata,2018,541,23,3,Garcia_E_Hernandez_JC_Clemente_S__2018__NA,ZOO_STUDY_0167,ZOO_ES_000440,ZOO_STUDY_0167__Arbacia_lixula__Echinodermata__CO2541.00__T23.00__NC3,ZOO_COMMON_00290,-0.1011026534812868,6.435608977223196e-4
Alter et al. 2024,"Garcia E, Hernandez JC, Clemente S",2018,NA,NA,Zooplankton,Meroplankton,Echinodermata,Diadema africanum,TpH,3,3,574,23,2722,25.1,Fertilization,positive,%,Reproduction,15.97,1.247076581,0.42,0.415692194,-3.646,0.3354,NA,NA,Yes,NA,NA,NA,,2148,2.1000000000000014,Garcia_E_Hernandez_JC_Clemente_S,NA,Diadema_africanum,Echinodermata,2018,574,23,3,Garcia_E_Hernandez_JC_Clemente_S__2018__NA,ZOO_STUDY_0167,ZOO_ES_000441,ZOO_STUDY_0167__Diadema_africanum__Echinodermata__CO2574.00__T23.00__NC3,ZOO_COMMON_00291,-3.638212529931644,0.32856322769260776
Alter et al. 2024,"Garcia E, Hernandez JC, Clemente S",2018,NA,NA,Zooplankton,Meroplankton,Echinodermata,Diadema africanum,TpH,3,3,574,23,1486,25.2,Fertilization,positive,%,Reproduction,15.97,1.247076581,4.44,0.831384388,-1.279,0.0138,NA,NA,Yes,NA,NA,NA,,912,2.1999999999999993,Garcia_E_Hernandez_JC_Clemente_S,NA,Diadema_africanum,Echinodermata,2018,574,23,3,Garcia_E_Hernandez_JC_Clemente_S__2018__NA,ZOO_STUDY_0167,ZOO_ES_000442,ZOO_STUDY_0167__Diadema_africanum__Echinodermata__CO2574.00__T23.00__NC3,ZOO_COMMON_00291,-1.2800575857827876,0.013719978208506301
Alter et al. 2024,"Garcia E, Hernandez JC, Clemente S",2018,NA,NA,Zooplankton,Meroplankton,Echinodermata,Paracentrotus lividus,TpH,3,3,899,19.2,1266,22.9,Fertilization,positive,%,Reproduction,100,0,95.96,1.506884203,-0.041,1e-4,NA,NA,Yes,NA,NA,NA,,367,3.6999999999999993,Garcia_E_Hernandez_JC_Clemente_S,NA,Paracentrotus_lividus,Echinodermata,2018,899,19.2,3,Garcia_E_Hernandez_JC_Clemente_S__2018__NA,ZOO_STUDY_0167,ZOO_ES_000443,ZOO_STUDY_0167__Paracentrotus_lividus__Echinodermata__CO2899.00__T19.20__NC3,ZOO_COMMON_00292,-0.04123874801659765,8.219738984974003e-5
Alter et al. 2024,"Garcia E, Hernandez JC, Clemente S",2018,NA,NA,Zooplankton,Meroplankton,Echinodermata,Paracentrotus lividus,TpH,3,3,899,19.2,2489,23,Fertilization,positive,%,Reproduction,100,0,95.96,1.506884203,-0.041,1e-4,NA,NA,Yes,NA,NA,NA,,1590,3.8000000000000007,Garcia_E_Hernandez_JC_Clemente_S,NA,Paracentrotus_lividus,Echinodermata,2018,899,19.2,3,Garcia_E_Hernandez_JC_Clemente_S__2018__NA,ZOO_STUDY_0167,ZOO_ES_000444,ZOO_STUDY_0167__Paracentrotus_lividus__Echinodermata__CO2899.00__T19.20__NC3,ZOO_COMMON_00292,-0.04123874801659765,8.219738984974003e-5
Alter et al. 2024,"Garcia E, Hernandez JC, Clemente S",2018,NA,NA,Zooplankton,Meroplankton,Echinodermata,Paracentrotus lividus,TpH,3,3,899,19.2,2801,21.2,Fertilization,positive,%,Reproduction,100,0,96.46,0.502294734,-0.036,1e-4,NA,NA,Yes,NA,NA,NA,,1902,2,Garcia_E_Hernandez_JC_Clemente_S,NA,Paracentrotus_lividus,Echinodermata,2018,899,19.2,3,Garcia_E_Hernandez_JC_Clemente_S__2018__NA,ZOO_STUDY_0167,ZOO_ES_000446,ZOO_STUDY_0167__Paracentrotus_lividus__Echinodermata__CO2899.00__T19.20__NC3,ZOO_COMMON_00292,-0.036041771347265654,9.038606514562244e-6
Alter et al. 2024,"Garcia E, Hernandez JC, Clemente S",2018,NA,NA,Zooplankton,Meroplankton,Echinodermata,Paracentrotus lividus,TpH,3,3,899,19.2,1293,21.3,Fertilization,positive,%,Reproduction,100,0,97.98,1.004589468,-0.02,1e-4,NA,NA,Yes,NA,NA,NA,,394,2.1000000000000014,Garcia_E_Hernandez_JC_Clemente_S,NA,Paracentrotus_lividus,Echinodermata,2018,899,19.2,3,Garcia_E_Hernandez_JC_Clemente_S__2018__NA,ZOO_STUDY_0167,ZOO_ES_000448,ZOO_STUDY_0167__Paracentrotus_lividus__Echinodermata__CO2899.00__T19.20__NC3,ZOO_COMMON_00292,-0.02040680977766262,3.5041373167962316e-5
Alter et al. 2024,"Garcia E, Hernandez JC, Clemente S",2018,NA,NA,Zooplankton,Meroplankton,Echinodermata,Sphaerechinus granularis,TpH,3,3,489,19.3,2829,25.1,Fertilization,positive,%,Reproduction,98.48,7.101408311,1.52,6.599113577,-4.169,6.261,NA,NA,Yes,NA,NA,NA,,2340,5.800000000000001,Garcia_E_Hernandez_JC_Clemente_S,NA,Sphaerechinus_granularis,Echinodermata,2018,489,19.3,3,Garcia_E_Hernandez_JC_Clemente_S__2018__NA,ZOO_STUDY_0167,ZOO_ES_000449,ZOO_STUDY_0167__Sphaerechinus_granularis__Echinodermata__CO2489.00__T19.30__NC3,ZOO_COMMON_00293,-4.171143147018013,6.284671311305243
Alter et al. 2024,"Garcia E, Hernandez JC, Clemente S",2018,NA,NA,Zooplankton,Meroplankton,Echinodermata,Sphaerechinus granularis,TpH,3,3,489,19.3,1400,25.2,Fertilization,positive,%,Reproduction,98.48,7.101408311,23.35,7.621023553,-1.439,0.0372,NA,NA,Yes,NA,NA,NA,,911,5.899999999999999,Garcia_E_Hernandez_JC_Clemente_S,NA,Sphaerechinus_granularis,Echinodermata,2018,489,19.3,3,Garcia_E_Hernandez_JC_Clemente_S__2018__NA,ZOO_STUDY_0167,ZOO_ES_000450,ZOO_STUDY_0167__Sphaerechinus_granularis__Echinodermata__CO2489.00__T19.30__NC3,ZOO_COMMON_00293,-1.4392564977612916,0.03724173081744557
Alter et al. 2024,"Garcia E, Hernandez JC, Clemente S",2018,NA,NA,Zooplankton,Meroplankton,Echinodermata,Sphaerechinus granularis,TpH,3,3,489,19.3,2539,23,Fertilization,positive,%,Reproduction,98.48,7.101408311,70.56,6.599113577,-0.333,0.0047,NA,NA,Yes,NA,NA,NA,,2050,3.6999999999999993,Garcia_E_Hernandez_JC_Clemente_S,NA,Sphaerechinus_granularis,Echinodermata,2018,489,19.3,3,Garcia_E_Hernandez_JC_Clemente_S__2018__NA,ZOO_STUDY_0167,ZOO_ES_000451,ZOO_STUDY_0167__Sphaerechinus_granularis__Echinodermata__CO2489.00__T19.30__NC3,ZOO_COMMON_00293,-0.3333900701776622,0.004648924269861002
Alter et al. 2024,"Garcia E, Hernandez JC, Clemente S",2018,NA,NA,Zooplankton,Meroplankton,Echinodermata,Sphaerechinus granularis,TpH,3,3,489,19.3,1316,23,Fertilization,positive,%,Reproduction,98.48,7.101408311,72.59,7.621023553,-0.305,0.0054,NA,NA,Yes,NA,NA,NA,,827,3.6999999999999993,Garcia_E_Hernandez_JC_Clemente_S,NA,Sphaerechinus_granularis,Echinodermata,2018,489,19.3,3,Garcia_E_Hernandez_JC_Clemente_S__2018__NA,ZOO_STUDY_0167,ZOO_ES_000452,ZOO_STUDY_0167__Sphaerechinus_granularis__Echinodermata__CO2489.00__T19.30__NC3,ZOO_COMMON_00293,-0.30502631057944884,0.00540739826786869
Alter et al. 2024,"Garcia E, Hernandez JC, Clemente S",2018,NA,NA,Zooplankton,Meroplankton,Echinodermata,Sphaerechinus granularis,TpH,3,3,489,19.3,2813,21.2,Fertilization,positive,%,Reproduction,98.48,7.101408311,76.14,7.621023553,-0.257,0.0051,NA,NA,Yes,NA,NA,NA,,2324,1.8999999999999986,Garcia_E_Hernandez_JC_Clemente_S,NA,Sphaerechinus_granularis,Echinodermata,2018,489,19.3,3,Garcia_E_Hernandez_JC_Clemente_S__2018__NA,ZOO_STUDY_0167,ZOO_ES_000453,ZOO_STUDY_0167__Sphaerechinus_granularis__Echinodermata__CO2489.00__T19.30__NC3,ZOO_COMMON_00293,-0.25727973092184675,0.005072777457855322
Alter et al. 2024,"Garcia E, Hernandez JC, Clemente S",2018,NA,NA,Zooplankton,Meroplankton,Echinodermata,Sphaerechinus granularis,TpH,3,3,489,19.3,1433,21.2,Fertilization,positive,%,Reproduction,98.48,7.101408311,95.94,7.621023553,-0.026,0.0038,NA,NA,Yes,NA,NA,NA,,944,1.8999999999999986,Garcia_E_Hernandez_JC_Clemente_S,NA,Sphaerechinus_granularis,Echinodermata,2018,489,19.3,3,Garcia_E_Hernandez_JC_Clemente_S__2018__NA,ZOO_STUDY_0167,ZOO_ES_000454,ZOO_STUDY_0167__Sphaerechinus_granularis__Echinodermata__CO2489.00__T19.30__NC3,ZOO_COMMON_00293,-0.02613048580228023,0.0038366143812239464
Alter et al. 2024,"Gianguzza P, Visconti G, Gianguzza F, Vizzini S, Sara G, Dupont S",2014,NA,NA,Zooplankton,Meroplankton,Echinodermata,Arbacia lixula,TpH,6,6,498,20.4,895,26,Fertilization success,positive,%,Reproduction,85.86,13.47219359,55.75,50.01858055,-0.432,0.1383,NA,NA,Yes,NA,NA,NA,,397,5.600000000000001,Gianguzza_P_Visconti_G_Gianguzza_F_Vizzini_S_Sara_G_Dupont_S,NA,Arbacia_lixula,Echinodermata,2014,498,20.4,6,Gianguzza_P_Visconti_G_Gianguzza_F_Vizzini_S_Sara_G_Dupont_S__2014__NA,ZOO_STUDY_0178,ZOO_ES_000464,ZOO_STUDY_0178__Arbacia_lixula__Echinodermata__CO2498.00__T20.40__NC6,ZOO_COMMON_00309,-0.43184065245618636,0.13826299070969775
Alter et al. 2024,"Gianguzza P, Visconti G, Gianguzza F, Vizzini S, Sara G, Dupont S",2014,NA,NA,Zooplankton,Meroplankton,Echinodermata,Arbacia lixula,TpH,6,6,498,20.4,1166,24.5,Fertilization success,positive,%,Reproduction,85.86,13.47219359,70.94,17.31789248,-0.191,0.014,NA,NA,Yes,NA,NA,NA,,668,4.100000000000001,Gianguzza_P_Visconti_G_Gianguzza_F_Vizzini_S_Sara_G_Dupont_S,NA,Arbacia_lixula,Echinodermata,2014,498,20.4,6,Gianguzza_P_Visconti_G_Gianguzza_F_Vizzini_S_Sara_G_Dupont_S__2014__NA,ZOO_STUDY_0178,ZOO_ES_000465,ZOO_STUDY_0178__Arbacia_lixula__Echinodermata__CO2498.00__T20.40__NC6,ZOO_COMMON_00309,-0.19088361345093874,0.014035849344039019
Alter et al. 2024,"Karelitz SE, Uthicke S, Foo SA, Barker MF, Byrne M, Pecorino D, Lamare MD",2017,NA,NA,Zooplankton,Meroplankton,Echinodermata,Sterechinus neumayeri,TpH,4,4,454,-1.1,946,5.7,Fertilized eggs,positive,%,Reproduction,90.48,3.18,47.62,11.12,-0.642,0.0139,NA,NA,Yes,NA,NA,NA,,492,6.800000000000001,Karelitz_SE_Uthicke_S_Foo_SA_Barker_MF_Byrne_M_Pecorino_D_Lamare_MD,NA,Sterechinus_neumayeri,Echinodermata,2017,454,-1.1,4,Karelitz_SE_Uthicke_S_Foo_SA_Barker_MF_Byrne_M_Pecorino_D_Lamare_MD__2017__NA,ZOO_STUDY_0260,ZOO_ES_000542,ZOO_STUDY_0260__Sterechinus_neumayeri__Echinodermata__CO2454.00__T-1.10__NC4,ZOO_COMMON_00450,-0.6418759907491484,0.013941160671723397
Alter et al. 2024,"Karelitz SE, Uthicke S, Foo SA, Barker MF, Byrne M, Pecorino D, Lamare MD",2017,NA,NA,Zooplankton,Meroplankton,Echinodermata,Fellaster zelandiae,TpH,4,4,441,17.5,912,27,Fertilized eggs,positive,%,Reproduction,82.84,10.44,65.67,7.46,-0.232,0.0072,NA,NA,Yes,NA,NA,NA,,471,9.5,Karelitz_SE_Uthicke_S_Foo_SA_Barker_MF_Byrne_M_Pecorino_D_Lamare_MD,NA,Fellaster_zelandiae,Echinodermata,2017,441,17.5,4,Karelitz_SE_Uthicke_S_Foo_SA_Barker_MF_Byrne_M_Pecorino_D_Lamare_MD__2017__NA,ZOO_STUDY_0260,ZOO_ES_000543,ZOO_STUDY_0260__Fellaster_zelandiae__Echinodermata__CO2441.00__T17.50__NC4,ZOO_COMMON_00447,-0.23226883632450215,0.007196785983148641
Alter et al. 2024,"Karelitz SE, Uthicke S, Foo SA, Barker MF, Byrne M, Pecorino D, Lamare MD",2017,NA,NA,Zooplankton,Meroplankton,Echinodermata,Arachnoides placenta,TpH,4,4,565,25.9,963,34.8,Fertilized eggs,positive,%,Reproduction,91.11,4.44,72.59,11.86,-0.227,0.0073,NA,NA,Yes,NA,NA,NA,,398,8.899999999999999,Karelitz_SE_Uthicke_S_Foo_SA_Barker_MF_Byrne_M_Pecorino_D_Lamare_MD,NA,Arachnoides_placenta,Echinodermata,2017,565,25.9,4,Karelitz_SE_Uthicke_S_Foo_SA_Barker_MF_Byrne_M_Pecorino_D_Lamare_MD__2017__NA,ZOO_STUDY_0260,ZOO_ES_000544,ZOO_STUDY_0260__Arachnoides_placenta__Echinodermata__CO2565.00__T25.90__NC4,ZOO_COMMON_00446,-0.22724039642901772,0.00726724202188838
Alter et al. 2024,"Karelitz SE, Uthicke S, Foo SA, Barker MF, Byrne M, Pecorino D, Lamare MD",2017,NA,NA,Zooplankton,Meroplankton,Echinodermata,Sterechinus neumayeri,TpH,4,4,454,-1.1,946,3.3,Fertilized eggs,positive,%,Reproduction,90.48,3.18,84.92,6.34,-0.063,0.0017,NA,NA,Yes,NA,NA,NA,,492,4.4,Karelitz_SE_Uthicke_S_Foo_SA_Barker_MF_Byrne_M_Pecorino_D_Lamare_MD,NA,Sterechinus_neumayeri,Echinodermata,2017,454,-1.1,4,Karelitz_SE_Uthicke_S_Foo_SA_Barker_MF_Byrne_M_Pecorino_D_Lamare_MD__2017__NA,ZOO_STUDY_0260,ZOO_ES_000545,ZOO_STUDY_0260__Sterechinus_neumayeri__Echinodermata__CO2454.00__T-1.10__NC4,ZOO_COMMON_00450,-0.06341919497280973,0.0017022813559555026
Alter et al. 2024,"Karelitz SE, Uthicke S, Foo SA, Barker MF, Byrne M, Pecorino D, Lamare MD",2017,NA,NA,Zooplankton,Meroplankton,Echinodermata,Odontaster validus,TpH,4,4,413,-0.5,823,7,Fertilized eggs,positive,%,Reproduction,74.81,2.96,76.3,2.96,0.02,8e-4,NA,NA,Yes,NA,NA,NA,,410,7.5,Karelitz_SE_Uthicke_S_Foo_SA_Barker_MF_Byrne_M_Pecorino_D_Lamare_MD,NA,Odontaster_validus,Echinodermata,2017,413,-0.5,4,Karelitz_SE_Uthicke_S_Foo_SA_Barker_MF_Byrne_M_Pecorino_D_Lamare_MD__2017__NA,ZOO_STUDY_0260,ZOO_ES_000546,ZOO_STUDY_0260__Odontaster_validus__Echinodermata__CO2413.00__T-0.50__NC4,ZOO_COMMON_00448,0.019721372406097643,7.676330838341703e-4
Alter et al. 2024,"Leo E, Dahlke FT, Storch D, Pörtner HO, Mark FC",2018,NA,NA,Zooplankton,Meroplankton,Fish larvae,Clupea harengus,TpH,6,6,415,6.2,1050,14.1,Hatching success,positive,% fertilized eggs,Reproduction,75.4159,7.244365914,49.5379,1.358242062,-0.4203,0.0017,NA,NA,Yes,NA,NA,NA,,635,7.8999999999999995,Leo_E_Dahlke_FT_Storch_D_P_rtner_HO_Mark_FC,NA,Clupea_harengus,Fish_larvae,2018,415,6.2,6,Leo_E_Dahlke_FT_Storch_D_P_rtner_HO_Mark_FC__2018__NA,ZOO_STUDY_0302,ZOO_ES_000581,ZOO_STUDY_0302__Clupea_harengus__Fish_larvae__CO2415.00__T6.20__NC6,ZOO_COMMON_00522,-0.42028009493955387,0.0016631776439734985
Alter et al. 2024,"Leo E, Dahlke FT, Storch D, Pörtner HO, Mark FC",2018,NA,NA,Zooplankton,Meroplankton,Fish larvae,Clupea harengus,TpH,6,6,415,6.2,1050,10,Hatching success,positive,% fertilized eggs,Reproduction,75.4159,7.244365914,74.6765,18.56370296,-0.0099,0.0118,NA,NA,Yes,NA,NA,NA,,635,3.8,Leo_E_Dahlke_FT_Storch_D_P_rtner_HO_Mark_FC,NA,Clupea_harengus,Fish_larvae,2018,415,6.2,6,Leo_E_Dahlke_FT_Storch_D_P_rtner_HO_Mark_FC__2018__NA,ZOO_STUDY_0302,ZOO_ES_000585,ZOO_STUDY_0302__Clupea_harengus__Fish_larvae__CO2415.00__T6.20__NC6,ZOO_COMMON_00522,-0.009852677170109549,0.011837240114441488
Alter et al. 2024,"Miller GM, Kroon FJ, Metcalfe S, Munday PL",2015,NA,NA,Zooplankton,Meroplankton,Fish larvae,Amphiprion melanopus,TpH,4,4,400,28.4,1126,29.8,eggs that survived to hatching,positive,%,Reproduction,46.6981,9.0566,7.9245,3.3962,-1.7737,0.0553,NA,NA,Yes,NA,NA,NA,,726,1.4000000000000021,Miller_GM_Kroon_FJ_Metcalfe_S_Munday_PL,NA,Amphiprion_melanopus,Fish_larvae,2015,400,28.4,4,Miller_GM_Kroon_FJ_Metcalfe_S_Munday_PL__2015__NA,ZOO_STUDY_0353,ZOO_ES_000608,ZOO_STUDY_0353__Amphiprion_melanopus__Fish_larvae__CO2400.00__T28.40__NC4,ZOO_COMMON_00617,-1.7737442523320028,0.05532110066239247
Alter et al. 2024,"Parker, Ross, O'Connor",2010,NA,NA,Zooplankton,Meroplankton,Mollusca,Saccostrea glomerata,TpH,3,3,375,18,1000,22,Fertilization success,positive,%,Reproduction,55.2,3.897114317,49.16,1.957217413,-0.116,0.0022,NA,NA,Yes,NA,NA,NA,,625,4,Parker_Ross_O_Connor,NA,Saccostrea_glomerata,Mollusca,2010,375,18,3,Parker_Ross_O_Connor__2010__NA,ZOO_STUDY_0399,ZOO_ES_000735,ZOO_STUDY_0399__Saccostrea_glomerata__Mollusca__CO2375.00__T18.00__NC3,ZOO_COMMON_00692,-0.11588266858521568,0.0021898123895969937
Alter et al. 2024,"Parker, Ross, O'Connor",2010,NA,NA,Zooplankton,Meroplankton,Mollusca,Saccostrea glomerata,TpH,3,3,375,18,750,22,Fertilization success,positive,%,Reproduction,55.2,3.897114317,52.84,4.884383277,-0.044,0.0045,NA,NA,Yes,NA,NA,NA,,375,4,Parker_Ross_O_Connor,NA,Saccostrea_glomerata,Mollusca,2010,375,18,3,Parker_Ross_O_Connor__2010__NA,ZOO_STUDY_0399,ZOO_ES_000736,ZOO_STUDY_0399__Saccostrea_glomerata__Mollusca__CO2375.00__T18.00__NC3,ZOO_COMMON_00692,-0.04369447362892507,0.004509662368793299
Alter et al. 2024,"Parker, Ross, O'Connor",2010,NA,NA,Zooplankton,Meroplankton,Mollusca,Saccostrea glomerata,TpH,3,3,375,18,600,22,Fertilization success,positive,%,Reproduction,55.2,3.897114317,55.67,6.824280182,0.009,0.0067,NA,NA,Yes,NA,NA,NA,,225,4,Parker_Ross_O_Connor,NA,Saccostrea_glomerata,Mollusca,2010,375,18,3,Parker_Ross_O_Connor__2010__NA,ZOO_STUDY_0399,ZOO_ES_000737,ZOO_STUDY_0399__Saccostrea_glomerata__Mollusca__CO2375.00__T18.00__NC3,ZOO_COMMON_00692,0.008478448912366732,0.006670436600782497
Alter et al. 2024,"Parker, Ross, O'Connor",2010,NA,NA,Zooplankton,Meroplankton,Mollusca,Crassostrea gigas,TpH,3,3,375,18,1000,26,Fertilization success,positive,%,Reproduction,86.8,5.352036995,58.43,4.867062769,-0.396,0.0036,NA,NA,Yes,NA,NA,NA,,625,8,Parker_Ross_O_Connor,NA,Crassostrea_gigas,Mollusca,2010,375,18,3,Parker_Ross_O_Connor__2010__NA,ZOO_STUDY_0399,ZOO_ES_000738,ZOO_STUDY_0399__Crassostrea_gigas__Mollusca__CO2375.00__T18.00__NC3,ZOO_COMMON_00691,-0.3957771650999588,0.003580109228412667
Alter et al. 2024,"Parker, Ross, O'Connor",2010,NA,NA,Zooplankton,Meroplankton,Mollusca,Saccostrea glomerata,TpH,3,3,375,18,1000,26,Fertilization success,positive,%,Reproduction,55.2,3.897114317,60.36,3.412140091,0.089,0.0027,NA,NA,Yes,NA,NA,NA,,625,8,Parker_Ross_O_Connor,NA,Saccostrea_glomerata,Mollusca,2010,375,18,3,Parker_Ross_O_Connor__2010__NA,ZOO_STUDY_0399,ZOO_ES_000739,ZOO_STUDY_0399__Saccostrea_glomerata__Mollusca__CO2375.00__T18.00__NC3,ZOO_COMMON_00692,0.08936368061659854,0.002726655434706989
Alter et al. 2024,"Parker, Ross, O'Connor",2010,NA,NA,Zooplankton,Meroplankton,Mollusca,Crassostrea gigas,TpH,3,3,375,18,1000,22,Fertilization success,positive,%,Reproduction,86.8,5.352036995,61.8,7.776908126,-0.34,0.0066,NA,NA,Yes,NA,NA,NA,,625,4,Parker_Ross_O_Connor,NA,Crassostrea_gigas,Mollusca,2010,375,18,3,Parker_Ross_O_Connor__2010__NA,ZOO_STUDY_0399,ZOO_ES_000740,ZOO_STUDY_0399__Crassostrea_gigas__Mollusca__CO2375.00__T18.00__NC3,ZOO_COMMON_00691,-0.3397032572026594,0.006545857652936064
Alter et al. 2024,"Parker, Ross, O'Connor",2010,NA,NA,Zooplankton,Meroplankton,Mollusca,Crassostrea gigas,TpH,3,3,375,18,750,22,Fertilization success,positive,%,Reproduction,86.8,5.352036995,63.2,5.837011222,-0.317,0.0041,NA,NA,Yes,NA,NA,NA,,375,4,Parker_Ross_O_Connor,NA,Crassostrea_gigas,Mollusca,2010,375,18,3,Parker_Ross_O_Connor__2010__NA,ZOO_STUDY_0399,ZOO_ES_000741,ZOO_STUDY_0399__Crassostrea_gigas__Mollusca__CO2375.00__T18.00__NC3,ZOO_COMMON_00691,-0.31730232051349266,0.004110613758933224
Alter et al. 2024,"Parker, Ross, O'Connor",2010,NA,NA,Zooplankton,Meroplankton,Mollusca,Crassostrea gigas,TpH,3,3,375,18,750,26,Fertilization success,positive,%,Reproduction,86.8,5.352036995,65.17,6.321985448,-0.287,0.0044,NA,NA,Yes,NA,NA,NA,,375,8,Parker_Ross_O_Connor,NA,Crassostrea_gigas,Mollusca,2010,375,18,3,Parker_Ross_O_Connor__2010__NA,ZOO_STUDY_0399,ZOO_ES_000742,ZOO_STUDY_0399__Crassostrea_gigas__Mollusca__CO2375.00__T18.00__NC3,ZOO_COMMON_00691,-0.2866073813220154,0.004404119352606587
Alter et al. 2024,"Parker, Ross, O'Connor",2010,NA,NA,Zooplankton,Meroplankton,Mollusca,Saccostrea glomerata,TpH,3,3,375,18,750,26,Fertilization success,positive,%,Reproduction,55.2,3.897114317,65.73,2.927165865,0.175,0.0023,NA,NA,Yes,NA,NA,NA,,375,8,Parker_Ross_O_Connor,NA,Saccostrea_glomerata,Mollusca,2010,375,18,3,Parker_Ross_O_Connor__2010__NA,ZOO_STUDY_0399,ZOO_ES_000743,ZOO_STUDY_0399__Saccostrea_glomerata__Mollusca__CO2375.00__T18.00__NC3,ZOO_COMMON_00692,0.17459248899243526,0.0023225165025166097
Alter et al. 2024,"Parker, Ross, O'Connor",2010,NA,NA,Zooplankton,Meroplankton,Mollusca,Crassostrea gigas,TpH,3,3,375,18,600,22,Fertilization success,positive,%,Reproduction,86.8,5.352036995,71.91,1.939896904,-0.188,0.0015,NA,NA,Yes,NA,NA,NA,,225,4,Parker_Ross_O_Connor,NA,Crassostrea_gigas,Mollusca,2010,375,18,3,Parker_Ross_O_Connor__2010__NA,ZOO_STUDY_0399,ZOO_ES_000744,ZOO_STUDY_0399__Crassostrea_gigas__Mollusca__CO2375.00__T18.00__NC3,ZOO_COMMON_00691,-0.18819128455190184,0.0015098757614928704
Alter et al. 2024,"Parker, Ross, O'Connor",2010,NA,NA,Zooplankton,Meroplankton,Mollusca,Saccostrea glomerata,TpH,3,3,375,18,600,26,Fertilization success,positive,%,Reproduction,55.2,3.897114317,74.19,3.897114317,0.296,0.0026,NA,NA,Yes,NA,NA,NA,,225,8,Parker_Ross_O_Connor,NA,Saccostrea_glomerata,Mollusca,2010,375,18,3,Parker_Ross_O_Connor__2010__NA,ZOO_STUDY_0399,ZOO_ES_000745,ZOO_STUDY_0399__Saccostrea_glomerata__Mollusca__CO2375.00__T18.00__NC3,ZOO_COMMON_00692,0.2956664169183849,0.002581208012661723
Alter et al. 2024,"Parker, Ross, O'Connor",2010,NA,NA,Zooplankton,Meroplankton,Mollusca,Crassostrea gigas,TpH,3,3,375,18,600,26,Fertilization success,positive,%,Reproduction,86.8,5.352036995,74.72,1.454922678,-0.15,0.0014,NA,NA,Yes,NA,NA,NA,,225,8,Parker_Ross_O_Connor,NA,Crassostrea_gigas,Mollusca,2010,375,18,3,Parker_Ross_O_Connor__2010__NA,ZOO_STUDY_0399,ZOO_ES_000746,ZOO_STUDY_0399__Crassostrea_gigas__Mollusca__CO2375.00__T18.00__NC3,ZOO_COMMON_00691,-0.14985882774571727,0.0013936762684461567
Alter et al. 2024,"Pecorino D, Barker MF, Dworjanyn SA, Byrne M, Lamare MD",2014,NA,NA,Zooplankton,Meroplankton,Echinodermata,Centrostephanus rodgersii,TpH,200,200,506,21,1867,24,Hatching,positive,%,Reproduction,80.99,69.86214998,67.68,60.95260454,-0.18,0.0078,NA,NA,Yes,NA,NA,NA,,1361,3,Pecorino_D_Barker_MF_Dworjanyn_SA_Byrne_M_Lamare_MD,NA,Centrostephanus_rodgersii,Echinodermata,2014,506,21,200,Pecorino_D_Barker_MF_Dworjanyn_SA_Byrne_M_Lamare_MD__2014__NA,ZOO_STUDY_0411,ZOO_ES_000759,ZOO_STUDY_0411__Centrostephanus_rodgersii__Echinodermata__CO2506.00__T21.00__NC200,ZOO_COMMON_00710,-0.17953497496293047,0.007775813882708165
Alter et al. 2024,"Pecorino D, Barker MF, Dworjanyn SA, Byrne M, Lamare MD",2014,NA,NA,Zooplankton,Meroplankton,Echinodermata,Centrostephanus rodgersii,TpH,200,200,506,21,1131,24,Hatching,positive,%,Reproduction,80.99,69.86214998,74.27,82.44865069,-0.087,0.0099,NA,NA,Yes,NA,NA,NA,,625,3,Pecorino_D_Barker_MF_Dworjanyn_SA_Byrne_M_Lamare_MD,NA,Centrostephanus_rodgersii,Echinodermata,2014,506,21,200,Pecorino_D_Barker_MF_Dworjanyn_SA_Byrne_M_Lamare_MD__2014__NA,ZOO_STUDY_0411,ZOO_ES_000760,ZOO_STUDY_0411__Centrostephanus_rodgersii__Echinodermata__CO2506.00__T21.00__NC200,ZOO_COMMON_00710,-0.08661858857969347,0.009882250338361435
Alter et al. 2024,"Pecorino D, Barker MF, Dworjanyn SA, Byrne M, Lamare MD",2014,NA,NA,Zooplankton,Meroplankton,Echinodermata,Centrostephanus rodgersii,TpH,200,200,468,14,1702,17,Hatching,positive,%,Reproduction,36.25,75.23616152,63.75,78.91311678,0.565,0.0292,NA,NA,Yes,NA,NA,NA,,1234,3,Pecorino_D_Barker_MF_Dworjanyn_SA_Byrne_M_Lamare_MD,NA,Centrostephanus_rodgersii,Echinodermata,2014,468,14,200,Pecorino_D_Barker_MF_Dworjanyn_SA_Byrne_M_Lamare_MD__2014__NA,ZOO_STUDY_0411,ZOO_ES_000761,ZOO_STUDY_0411__Centrostephanus_rodgersii__Echinodermata__CO2468.00__T14.00__NC200,ZOO_COMMON_00708,0.5645298027378517,0.02919949067152694
Alter et al. 2024,"Pecorino D, Barker MF, Dworjanyn SA, Byrne M, Lamare MD",2014,NA,NA,Zooplankton,Meroplankton,Echinodermata,Centrostephanus rodgersii,TpH,200,200,468,14,1038,17,Hatching,positive,%,Reproduction,36.25,75.23616152,72.24,80.61017306,0.69,0.0278,NA,NA,Yes,NA,NA,NA,,570,3,Pecorino_D_Barker_MF_Dworjanyn_SA_Byrne_M_Lamare_MD,NA,Centrostephanus_rodgersii,Echinodermata,2014,468,14,200,Pecorino_D_Barker_MF_Dworjanyn_SA_Byrne_M_Lamare_MD__2014__NA,ZOO_STUDY_0411,ZOO_ES_000762,ZOO_STUDY_0411__Centrostephanus_rodgersii__Echinodermata__CO2468.00__T14.00__NC200,ZOO_COMMON_00708,0.6895545278080462,0.027763879439560112
Alter et al. 2024,"Pecorino D, Barker MF, Dworjanyn SA, Byrne M, Lamare MD",2014,NA,NA,Zooplankton,Meroplankton,Echinodermata,Centrostephanus rodgersii,TpH,200,200,506,21,1867,24,Fertilization,positive,%,Reproduction,81.94,42.85067094,68.69,76.79179644,-0.176,0.0076,NA,NA,Yes,NA,NA,NA,,1361,3,Pecorino_D_Barker_MF_Dworjanyn_SA_Byrne_M_Lamare_MD,NA,Centrostephanus_rodgersii,Echinodermata,2014,506,21,200,Pecorino_D_Barker_MF_Dworjanyn_SA_Byrne_M_Lamare_MD__2014__NA,ZOO_STUDY_0411,ZOO_ES_000779,ZOO_STUDY_0411__Centrostephanus_rodgersii__Echinodermata__CO2506.00__T21.00__NC200,ZOO_COMMON_00710,-0.17638364389293476,0.007616423196673669
Alter et al. 2024,"Pecorino D, Barker MF, Dworjanyn SA, Byrne M, Lamare MD",2014,NA,NA,Zooplankton,Meroplankton,Echinodermata,Centrostephanus rodgersii,TpH,200,200,468,14,1702,17,Fertilization,positive,%,Reproduction,97.98,42.85067094,85.86,82.16580797,-0.132,0.0055,NA,NA,Yes,NA,NA,NA,,1234,3,Pecorino_D_Barker_MF_Dworjanyn_SA_Byrne_M_Lamare_MD,NA,Centrostephanus_rodgersii,Echinodermata,2014,468,14,200,Pecorino_D_Barker_MF_Dworjanyn_SA_Byrne_M_Lamare_MD__2014__NA,ZOO_STUDY_0411,ZOO_ES_000781,ZOO_STUDY_0411__Centrostephanus_rodgersii__Echinodermata__CO2468.00__T14.00__NC200,ZOO_COMMON_00708,-0.13204531341401432,0.005535334190003453
Alter et al. 2024,"Pecorino D, Barker MF, Dworjanyn SA, Byrne M, Lamare MD",2014,NA,NA,Zooplankton,Meroplankton,Echinodermata,Centrostephanus rodgersii,TpH,200,200,506,21,1131,24,Fertilization,positive,%,Reproduction,81.94,42.85067094,80.81,57.13422792,-0.014,0.0039,NA,NA,Yes,NA,NA,NA,,625,3,Pecorino_D_Barker_MF_Dworjanyn_SA_Byrne_M_Lamare_MD,NA,Centrostephanus_rodgersii,Echinodermata,2014,506,21,200,Pecorino_D_Barker_MF_Dworjanyn_SA_Byrne_M_Lamare_MD__2014__NA,ZOO_STUDY_0411,ZOO_ES_000783,ZOO_STUDY_0411__Centrostephanus_rodgersii__Echinodermata__CO2506.00__T21.00__NC200,ZOO_COMMON_00710,-0.013886551873368699,0.0038667742571975553
Alter et al. 2024,"Pecorino D, Barker MF, Dworjanyn SA, Byrne M, Lamare MD",2014,NA,NA,Zooplankton,Meroplankton,Echinodermata,Centrostephanus rodgersii,TpH,200,200,468,14,1038,17,Fertilization,positive,%,Reproduction,97.98,42.85067094,96.72,73.25626253,-0.013,0.0038,NA,NA,Yes,NA,NA,NA,,570,3,Pecorino_D_Barker_MF_Dworjanyn_SA_Byrne_M_Lamare_MD,NA,Centrostephanus_rodgersii,Echinodermata,2014,468,14,200,Pecorino_D_Barker_MF_Dworjanyn_SA_Byrne_M_Lamare_MD__2014__NA,ZOO_STUDY_0411,ZOO_ES_000784,ZOO_STUDY_0411__Centrostephanus_rodgersii__Echinodermata__CO2468.00__T14.00__NC200,ZOO_COMMON_00708,-0.012943169903891577,0.0038246513990980316
Alter et al. 2024,"Pimentel MS, Faleiro F, Dionísio G, Repolho T, Pousão P, Machado J, Rosa R",2014,NA,NA,Zooplankton,Meroplankton,Fish larvae,Solea senegalensis,TpH,30,30,400,18.2,1654,22.1,hatching succes,positive,%,Reproduction,86.5169,0.099685505,69.6629,0.168698548,-0.2167,1e-4,NA,NA,Yes,NA,NA,NA,,1254,3.900000000000002,Pimentel_MS_Faleiro_F_Dion_sio_G_Repolho_T_Pous_o_P_Machado_J_Rosa_R,NA,Solea_senegalensis,Fish_larvae,2014,400,18.2,30,Pimentel_MS_Faleiro_F_Dion_sio_G_Repolho_T_Pous_o_P_Machado_J_Rosa_R__2014__NA,ZOO_STUDY_0419,ZOO_ES_000795,ZOO_STUDY_0419__Solea_senegalensis__Fish_larvae__CO2400.00__T18.20__NC30,ZOO_COMMON_00721,-0.21667187572764302,2.3973101360710124e-7
Alter et al. 2024,"Pitts KA, Campbell JE, Figueiredo J, Fogarty ND",2020,NA,NA,Zooplankton,Meroplankton,Cnidaria,Orbicella faveolata,TpH,3,3,419,28.3,647,29.9,Fertilization,positive,%,Reproduction,88.07,2.823242816,88.61,2.823242816,0.006,7e-4,NA,NA,Yes,NA,NA,NA,,228,1.5999999999999979,Pitts_KA_Campbell_JE_Figueiredo_J_Fogarty_ND,NA,Orbicella_faveolata,Cnidaria,2020,419,28.3,3,Pitts_KA_Campbell_JE_Figueiredo_J_Fogarty_ND__2020__NA,ZOO_STUDY_0422,ZOO_ES_000841,ZOO_STUDY_0422__Orbicella_faveolata__Cnidaria__CO2419.00__T28.30__NC3,ZOO_COMMON_00729,0.006112765241843085,6.809301831889797e-4
Alter et al. 2024,"Schutter M, Nozawa Y, Kurihara H",2015,NA,NA,Zooplankton,Meroplankton,Cnidaria,Acropora hyacinthus,TpH,5,5,404,27,863,31,Fertilization,positive,%,Reproduction,41.89,5.634891303,7.66,2.929249051,-1.699,0.0329,NA,NA,Yes,NA,NA,NA,,459,4,Schutter_M_Nozawa_Y_Kurihara_H,NA,Acropora_hyacinthus,Cnidaria,2015,404,27,5,Schutter_M_Nozawa_Y_Kurihara_H__2015__NA,ZOO_STUDY_0460,ZOO_ES_000931,ZOO_STUDY_0460__Acropora_hyacinthus__Cnidaria__CO2404.00__T27.00__NC5,ZOO_COMMON_00796,-1.6990351512064434,0.032866182479924885
Alter et al. 2024,"Schutter M, Nozawa Y, Kurihara H",2015,NA,NA,Zooplankton,Meroplankton,Cnidaria,Platygyra contorta,TpH,5,5,550,27,1001,31,Fertilization,positive,%,Reproduction,97.3,1.118033989,84.01,3.600069444,-0.147,4e-4,NA,NA,Yes,NA,NA,NA,,451,4,Schutter_M_Nozawa_Y_Kurihara_H,NA,Platygyra_contorta,Cnidaria,2015,550,27,5,Schutter_M_Nozawa_Y_Kurihara_H__2015__NA,ZOO_STUDY_0460,ZOO_ES_000933,ZOO_STUDY_0460__Platygyra_contorta__Cnidaria__CO2550.00__T27.00__NC5,ZOO_COMMON_00798,-0.14686314981520357,3.9368037180671913e-4
Alter et al. 2024,"Schutter M, Nozawa Y, Kurihara H",2015,NA,NA,Zooplankton,Meroplankton,Cnidaria,Acropora hyacinthus,TpH,5,5,478,27,939,31,Fertilization,positive,%,Reproduction,98.65,0.894427191,95.05,2.258428657,-0.037,1e-4,NA,NA,Yes,NA,NA,NA,,461,4,Schutter_M_Nozawa_Y_Kurihara_H,NA,Acropora_hyacinthus,Cnidaria,2015,478,27,5,Schutter_M_Nozawa_Y_Kurihara_H__2015__NA,ZOO_STUDY_0460,ZOO_ES_000935,ZOO_STUDY_0460__Acropora_hyacinthus__Cnidaria__CO2478.00__T27.00__NC5,ZOO_COMMON_00797,-0.03717516353418621,1.2935249347379303e-4
Alter et al. 2024,"Van Colen C, Jansson A, Saunier A, Lacoue-Labathe T, Vincx M",2018,NA,NA,Zooplankton,Meroplankton,Mollusca,Limecola balthica,TpH,5,5,681,15,1905,18,Hatching,positive,%,Reproduction,38.97,3.465905365,12.76,5.791416062,-1.116,0.0427,NA,NA,Yes,NA,NA,NA,,1224,3,Van_Colen_C_Jansson_A_Saunier_A_Lacoue_Labathe_T_Vincx_M,NA,Limecola_balthica,Mollusca,2018,681,15,5,Van_Colen_C_Jansson_A_Saunier_A_Lacoue_Labathe_T_Vincx_M__2018__NA,ZOO_STUDY_0515,ZOO_ES_000981,ZOO_STUDY_0515__Limecola_balthica__Mollusca__CO2681.00__T15.00__NC5,ZOO_COMMON_00893,-1.116476841433974,0.04278207720836761
Alter et al. 2024,"Van Colen C, Jansson A, Saunier A, Lacoue-Labathe T, Vincx M",2018,NA,NA,Zooplankton,Meroplankton,Mollusca,Limecola balthica,TpH,5,5,681,15,1630,18,Hatching,positive,%,Reproduction,38.97,3.465905365,20.52,5.791416062,-0.641,0.0175,NA,NA,Yes,NA,NA,NA,,949,3,Van_Colen_C_Jansson_A_Saunier_A_Lacoue_Labathe_T_Vincx_M,NA,Limecola_balthica,Mollusca,2018,681,15,5,Van_Colen_C_Jansson_A_Saunier_A_Lacoue_Labathe_T_Vincx_M__2018__NA,ZOO_STUDY_0515,ZOO_ES_000982,ZOO_STUDY_0515__Limecola_balthica__Mollusca__CO2681.00__T15.00__NC5,ZOO_COMMON_00893,-0.6413920990480491,0.01751305102439995
Alter et al. 2024,"Van Colen C, Jansson A, Saunier A, Lacoue-Labathe T, Vincx M",2018,NA,NA,Zooplankton,Meroplankton,Mollusca,Limecola balthica,TpH,5,5,681,15,1367,18,Hatching,positive,%,Reproduction,38.97,3.465905365,22.59,5.791416062,-0.545,0.0147,NA,NA,Yes,NA,NA,NA,,686,3,Van_Colen_C_Jansson_A_Saunier_A_Lacoue_Labathe_T_Vincx_M,NA,Limecola_balthica,Mollusca,2018,681,15,5,Van_Colen_C_Jansson_A_Saunier_A_Lacoue_Labathe_T_Vincx_M__2018__NA,ZOO_STUDY_0515,ZOO_ES_000983,ZOO_STUDY_0515__Limecola_balthica__Mollusca__CO2681.00__T15.00__NC5,ZOO_COMMON_00893,-0.5452847888707059,0.014727181825104938
Alter et al. 2024,"Van Colen C, Jansson A, Saunier A, Lacoue-Labathe T, Vincx M",2018,NA,NA,Zooplankton,Meroplankton,Mollusca,Limecola balthica,TpH,5,5,366,15,932,18,Hatching,positive,%,Reproduction,70.34,6.93181073,45.52,6.551679174,-0.435,0.0061,NA,NA,Yes,NA,NA,NA,,566,3,Van_Colen_C_Jansson_A_Saunier_A_Lacoue_Labathe_T_Vincx_M,NA,Limecola_balthica,Mollusca,2018,366,15,5,Van_Colen_C_Jansson_A_Saunier_A_Lacoue_Labathe_T_Vincx_M__2018__NA,ZOO_STUDY_0515,ZOO_ES_000984,ZOO_STUDY_0515__Limecola_balthica__Mollusca__CO2366.00__T15.00__NC5,ZOO_COMMON_00892,-0.43518883722776097,0.006085461242316929
Alter et al. 2024,"Van Colen C, Jansson A, Saunier A, Lacoue-Labathe T, Vincx M",2018,NA,NA,Zooplankton,Meroplankton,Mollusca,Limecola balthica,TpH,5,5,366,15,1523,18,Hatching,positive,%,Reproduction,70.34,6.93181073,46.38,5.388923826,-0.417,0.0047,NA,NA,Yes,NA,NA,NA,,1157,3,Van_Colen_C_Jansson_A_Saunier_A_Lacoue_Labathe_T_Vincx_M,NA,Limecola_balthica,Mollusca,2018,366,15,5,Van_Colen_C_Jansson_A_Saunier_A_Lacoue_Labathe_T_Vincx_M__2018__NA,ZOO_STUDY_0515,ZOO_ES_000985,ZOO_STUDY_0515__Limecola_balthica__Mollusca__CO2366.00__T15.00__NC5,ZOO_COMMON_00892,-0.41647229521845086,0.004642365419318468
Alter et al. 2024,"Van Colen C, Jansson A, Saunier A, Lacoue-Labathe T, Vincx M",2018,NA,NA,Zooplankton,Meroplankton,Mollusca,Limecola balthica,TpH,5,5,366,15,722,18,Hatching,positive,%,Reproduction,70.34,6.93181073,52.41,2.303150017,-0.294,0.0023,NA,NA,Yes,NA,NA,NA,,356,3,Van_Colen_C_Jansson_A_Saunier_A_Lacoue_Labathe_T_Vincx_M,NA,Limecola_balthica,Mollusca,2018,366,15,5,Van_Colen_C_Jansson_A_Saunier_A_Lacoue_Labathe_T_Vincx_M__2018__NA,ZOO_STUDY_0515,ZOO_ES_000986,ZOO_STUDY_0515__Limecola_balthica__Mollusca__CO2366.00__T15.00__NC5,ZOO_COMMON_00892,-0.2942432142317616,0.0023285406197845098
Alter et al. 2024,"Van Colen C, Jansson A, Saunier A, Lacoue-Labathe T, Vincx M",2018,NA,NA,Zooplankton,Meroplankton,Mollusca,Limecola balthica,TpH,5,5,681,15,1056,18,Hatching,positive,%,Reproduction,38.97,3.465905365,29.48,2.705642253,-0.279,0.0033,NA,NA,Yes,NA,NA,NA,,375,3,Van_Colen_C_Jansson_A_Saunier_A_Lacoue_Labathe_T_Vincx_M,NA,Limecola_balthica,Mollusca,2018,681,15,5,Van_Colen_C_Jansson_A_Saunier_A_Lacoue_Labathe_T_Vincx_M__2018__NA,ZOO_STUDY_0515,ZOO_ES_000987,ZOO_STUDY_0515__Limecola_balthica__Mollusca__CO2681.00__T15.00__NC5,ZOO_COMMON_00893,-0.2790800520294819,0.0032666594608082556
Alter et al. 2024,"Van Colen C, Jansson A, Saunier A, Lacoue-Labathe T, Vincx M",2018,NA,NA,Zooplankton,Meroplankton,Mollusca,Limecola balthica,TpH,5,5,848,15,2478,18,Hatching,positive,%,Reproduction,22.07,6.93181073,18.97,6.551679174,-0.152,0.0437,NA,NA,Yes,NA,NA,NA,,1630,3,Van_Colen_C_Jansson_A_Saunier_A_Lacoue_Labathe_T_Vincx_M,NA,Limecola_balthica,Mollusca,2018,848,15,5,Van_Colen_C_Jansson_A_Saunier_A_Lacoue_Labathe_T_Vincx_M__2018__NA,ZOO_STUDY_0515,ZOO_ES_000988,ZOO_STUDY_0515__Limecola_balthica__Mollusca__CO2848.00__T15.00__NC5,ZOO_COMMON_00894,-0.15136043632172225,0.04358578222982247
Alter et al. 2024,"Van Colen C, Jansson A, Saunier A, Lacoue-Labathe T, Vincx M",2018,NA,NA,Zooplankton,Meroplankton,Mollusca,Limecola balthica,TpH,5,5,366,15,548,18,Hatching,positive,%,Reproduction,70.34,6.93181073,63.1,9.637452983,-0.109,0.0066,NA,NA,Yes,NA,NA,NA,,182,3,Van_Colen_C_Jansson_A_Saunier_A_Lacoue_Labathe_T_Vincx_M,NA,Limecola_balthica,Mollusca,2018,366,15,5,Van_Colen_C_Jansson_A_Saunier_A_Lacoue_Labathe_T_Vincx_M__2018__NA,ZOO_STUDY_0515,ZOO_ES_000989,ZOO_STUDY_0515__Limecola_balthica__Mollusca__CO2366.00__T15.00__NC5,ZOO_COMMON_00892,-0.10861985749866895,0.006607785026842395
Alter et al. 2024,"Van Colen C, Jansson A, Saunier A, Lacoue-Labathe T, Vincx M",2018,NA,NA,Zooplankton,Meroplankton,Mollusca,Limecola balthica,TpH,5,5,848,15,2180,18,Hatching,positive,%,Reproduction,22.07,6.93181073,20.17,7.334302966,-0.09,0.0461,NA,NA,Yes,NA,NA,NA,,1332,3,Van_Colen_C_Jansson_A_Saunier_A_Lacoue_Labathe_T_Vincx_M,NA,Limecola_balthica,Mollusca,2018,848,15,5,Van_Colen_C_Jansson_A_Saunier_A_Lacoue_Labathe_T_Vincx_M__2018__NA,ZOO_STUDY_0515,ZOO_ES_000990,ZOO_STUDY_0515__Limecola_balthica__Mollusca__CO2848.00__T15.00__NC5,ZOO_COMMON_00894,-0.09002286830252455,0.04617415236135665
Alter et al. 2024,"Van Colen C, Jansson A, Saunier A, Lacoue-Labathe T, Vincx M",2018,NA,NA,Zooplankton,Meroplankton,Mollusca,Limecola balthica,TpH,5,5,848,15,1304,18,Hatching,positive,%,Reproduction,22.07,6.93181073,22.59,3.846036921,0.023,0.0256,NA,NA,Yes,NA,NA,NA,,456,3,Van_Colen_C_Jansson_A_Saunier_A_Lacoue_Labathe_T_Vincx_M,NA,Limecola_balthica,Mollusca,2018,848,15,5,Van_Colen_C_Jansson_A_Saunier_A_Lacoue_Labathe_T_Vincx_M__2018__NA,ZOO_STUDY_0515,ZOO_ES_000991,ZOO_STUDY_0515__Limecola_balthica__Mollusca__CO2848.00__T15.00__NC5,ZOO_COMMON_00894,0.02328811021126676,0.02552690210233064
Alter et al. 2024,"Van Colen C, Jansson A, Saunier A, Lacoue-Labathe T, Vincx M",2018,NA,NA,Zooplankton,Meroplankton,Mollusca,Limecola balthica,TpH,5,5,848,15,1667,18,Hatching,positive,%,Reproduction,22.07,6.93181073,23.45,10.42007678,0.061,0.0592,NA,NA,Yes,NA,NA,NA,,819,3,Van_Colen_C_Jansson_A_Saunier_A_Lacoue_Labathe_T_Vincx_M,NA,Limecola_balthica,Mollusca,2018,848,15,5,Van_Colen_C_Jansson_A_Saunier_A_Lacoue_Labathe_T_Vincx_M__2018__NA,ZOO_STUDY_0515,ZOO_ES_000992,ZOO_STUDY_0515__Limecola_balthica__Mollusca__CO2848.00__T15.00__NC5,ZOO_COMMON_00894,0.060651274623643385,0.05921952964156152
Hoppit et al. 2022,"Mayor et al., 2012",2012,NA,NA,Zooplankton,Holoplankton,Calanoid copepod,Calanus helgolandicus,TpH,4,5,380,10,1000,12,Reproduction,positive,NA,Reproduction,0.66,0.18,0.63,0.08,-0.0465,0.0218,"Data from figure 2, batch 2",NA,Yes,NA,NA,NA,,620,2,Mayor_et_al_2012,NA,Calanus_helgolandicus,Calanoid_copepod,2012,380,10,4,Mayor_et_al_2012__2012__NA,ZOO_STUDY_0342,ZOO_ES_001447,ZOO_STUDY_0342__Calanus_helgolandicus__Calanoid_copepod__CO2380.00__T10.00__NC4,ZOO_COMMON_00596,-0.04652001563489293,0.021820035023498226
Hoppit et al. 2022,"Mayor et al., 2012",2012,NA,NA,Zooplankton,Holoplankton,Calanoid copepod,Calanus helgolandicus,TpH,5,5,380,10,1000,12,Reproduction,positive,NA,Reproduction,0.51,0.08,0.38,0.08,-0.294239473,0.0138,"Data from figure 2, batch 1",NA,Yes,NA,NA,NA,,620,2,Mayor_et_al_2012,NA,Calanus_helgolandicus,Calanoid_copepod,2012,380,10,5,Mayor_et_al_2012__2012__NA,ZOO_STUDY_0342,ZOO_ES_001448,ZOO_STUDY_0342__Calanus_helgolandicus__Calanoid_copepod__CO2380.00__T10.00__NC5,ZOO_COMMON_00597,-0.29423947299793995,0.013785450087916325
Hu et al. 2024,Nguyen H D et al,2012,"Noncalcifying larvae in a changing ocean: warming, notacidiÃ¯Â¬Âcation/hypercapnia, is the dominant stressor ondevelopment of the sea star Meridiastra calcar",https://onlinelibrary.wiley.com/doi/epdf/10.1111/j.1365-2486.2012.02714.x,Zooplankton,Meroplankton,Echinoderm,Meridiastra calcar,TpH,10,10,375,20,1000,24,Mean % hatched,positive,NA,Reproduction,89.932,30.639,7.4883,24.6183,-0.193812176,0.0901,Fig 3,"for ei and vei, I used yi and vi from the source database, but there are also the main_effect and variance columns (which probably are the pooled or estimated version of lnrr); hence, the values I pasted here reflect more of the raw values I think",Yes,NA,NA,NA,,625,4,Nguyen_H_D_et_al,Noncalcifying_larvae_in_a_changing_ocean_warming_notacidi_cation_hypercapnia_is_the_dominant_stressor_ondevelopment_of_the_sea_star_Meridiastra_calcar,Meridiastra_calcar,Echinoderm,2012,375,20,10,Nguyen_H_D_et_al__2012__Noncalcifying_larvae_in_a_changing_ocean_warming_notacidi_cation_hypercapnia_is_the_dominant_stressor_ondevelopment_of_the_sea_star_Meridiastra_calcar,ZOO_STUDY_0369,ZOO_ES_001522,ZOO_STUDY_0369__Meridiastra_calcar__Echinoderm__CO2375.00__T20.00__NC10,ZOO_COMMON_00641,-2.4857120267234456,1.092417752903673
Hu et al. 2024,Parker L M et al,2009,The effect of ocean acidification and temperature on the fertilization and embryonic development of the Sydney rock oyster Saccostrea glomerata (Gould 1850),https://www.researchgate.net/publication/229667873_The_effect_of_ocean_acidification_and_temperature_on_the_fertilization_and_embryonic_development_of_the_Sydney_rock_oyster_Saccostrea_glomerata_Gould_1850,Zooplankton,Meroplankton,Mollusca,Saccostrea glomerata,TpH,4,4,375,26,1000,30,% Fertilization of gamets,positive,NA,Reproduction,88.829,50.843,2.684,1.588,-8.11e-4,0.00179,Fig 1,"for ei and vei, I used yi and vi from the source database, but there are also the main_effect and variance columns (which probably are the pooled or estimated version of lnrr); hence, the values I pasted here reflect more of the raw values I think",Yes,NA,NA,NA,,625,4,Parker_L_M_et_al,The_effect_of_ocean_acidification_and_temperature_on_the_fertilization_and_embryonic_development_of_the_Sydney_rock_oyster_Saccostrea_glomerata_Gould_1850_,Saccostrea_glomerata,Mollusca,2009,375,26,4,Parker_L_M_et_al__2009__The_effect_of_ocean_acidification_and_temperature_on_the_fertilization_and_embryonic_development_of_the_Sydney_rock_oyster_Saccostrea_glomerata_Gould_1850_,ZOO_STUDY_0398,ZOO_ES_001532,ZOO_STUDY_0398__Saccostrea_glomerata__Mollusca__CO2375.00__T26.00__NC4,ZOO_COMMON_00685,-3.4994049541507426,0.1694153650128475
Leung et al. 2022,"Albright and Mason et al., 2013. Plos One",NA,NA,NA,Zooplankton,Meroplankton,Coral larvae,Acropora tenuis,TpH,6,6,434,27,912,30,Fertilization success,positive,NA,Reproduction,97.7,0.9797958971132712,94.9,1.224744871391589,-0.029077853432854843,0.0101,NA,NA,Yes,NA,NA,NA,,478,3,Albright_and_Mason_et_al_2013_Plos_One,NA,Acropora_tenuis,Coral_larvae,NA,434,27,6,Albright_and_Mason_et_al_2013_Plos_One__NA__NA,ZOO_STUDY_0010,ZOO_ES_002258,ZOO_STUDY_0010__Acropora_tenuis__Coral_larvae__CO2434.00__T27.00__NC6,ZOO_COMMON_00014,-0.029077853432854843,4.452143448385748e-5
Leung et al. 2022,"Albright and Mason et al., 2013. Plos One",NA,NA,NA,Zooplankton,Meroplankton,Coral larvae,Acropora tenuis,TpH,6,6,434,27,912,30,Fertilization success,positive,NA,Reproduction,98.3,1.224744871391589,59.7,14.696938456699067,-0.4986920067545643,4.45e-5,NA,NA,Yes,NA,NA,NA,,478,3,Albright_and_Mason_et_al_2013_Plos_One,NA,Acropora_tenuis,Coral_larvae,NA,434,27,6,Albright_and_Mason_et_al_2013_Plos_One__NA__NA,ZOO_STUDY_0010,ZOO_ES_002260,ZOO_STUDY_0010__Acropora_tenuis__Coral_larvae__CO2434.00__T27.00__NC6,ZOO_COMMON_00014,-0.4986920067545643,0.01012662720839601
Leung et al. 2022,Byrne et al. 2009. Proc R Soc B,NA,NA,NA,Zooplankton,Meroplankton,Urchin larvae,Heliocidaris erythrogramma,TpH,5,5,372.4,20,624.7,24,Fertilization,ambiguous,NA,Reproduction,95,0.5,93,3.3541019662496847,-0.02127739844728485,0.0386,NA,NA,Yes,NA,NA,NA,,252.30000000000007,4,Byrne_et_al_2009_Proc_R_Soc_B,NA,Heliocidaris_erythrogramma,Urchin_larvae,NA,372.4,20,5,Byrne_et_al_2009_Proc_R_Soc_B__NA__NA,ZOO_STUDY_0058,ZOO_ES_002319,ZOO_STUDY_0058__Heliocidaris_erythrogramma__Urchin_larvae__CO2372.40__T20.00__NC5,ZOO_COMMON_00087,-0.02127739844728485,2.656858477866719e-4
Leung et al. 2022,Byrne et al. 2009. Proc R Soc B,NA,NA,NA,Zooplankton,Meroplankton,Urchin larvae,Heliocidaris erythrogramma,TpH,5,5,372.4,20,813.9,24,Fertilization,ambiguous,NA,Reproduction,95,0.5,93,4.47213595499958,-0.02127739844728485,0.10953125,NA,NA,Yes,NA,NA,NA,,441.5,4,Byrne_et_al_2009_Proc_R_Soc_B,NA,Heliocidaris_erythrogramma,Urchin_larvae,NA,372.4,20,5,Byrne_et_al_2009_Proc_R_Soc_B__NA__NA,ZOO_STUDY_0058,ZOO_ES_002320,ZOO_STUDY_0058__Heliocidaris_erythrogramma__Urchin_larvae__CO2372.40__T20.00__NC5,ZOO_COMMON_00087,-0.02127739844728485,4.680213779057609e-4
Leung et al. 2022,"García et al., 2018. Mar Environ Res",NA,NA,NA,Zooplankton,Meroplankton,Urchin larvae,Paracentrotus lividus,TpH,3,3,899.1,19,1293.2,21,Fertilized eggs,positive,NA,Reproduction,99,0,99.5,0.1,0.005037794029957081,9.15e-4,NA,NA,Yes,NA,NA,NA,,394.1,2,Garc_a_et_al_2018_Mar_Environ_Res,NA,Paracentrotus_lividus,Urchin_larvae,NA,899.1,19,3,Garc_a_et_al_2018_Mar_Environ_Res__NA__NA,ZOO_STUDY_0165,ZOO_ES_002645,ZOO_STUDY_0165__Paracentrotus_lividus__Urchin_larvae__CO2899.10__T19.00__NC3,ZOO_COMMON_00283,0.005037794029957081,3.366918343812867e-7
Leung et al. 2022,"García et al., 2018. Mar Environ Res",NA,NA,NA,Zooplankton,Meroplankton,Urchin larvae,Sphaerechinus granularis,TpH,3,3,489,19,1432.9,21,Fertilized eggs,positive,NA,Reproduction,99,4,96,5,-0.03077165866675366,0,NA,NA,Yes,NA,NA,NA,,943.9000000000001,2,Garc_a_et_al_2018_Mar_Environ_Res,NA,Sphaerechinus_granularis,Urchin_larvae,NA,489,19,3,Garc_a_et_al_2018_Mar_Environ_Res__NA__NA,ZOO_STUDY_0165,ZOO_ES_002656,ZOO_STUDY_0165__Sphaerechinus_granularis__Urchin_larvae__CO2489.00__T19.00__NC3,ZOO_COMMON_00285,-0.03077165866675366,0.0014483866973608135
Leung et al. 2022,"García et al., 2018. Mar Environ Res",NA,NA,NA,Zooplankton,Meroplankton,Urchin larvae,Arbacia lixula,TpH,3,3,394.4,19,1484.3,23,Fertilized eggs,positive,NA,Reproduction,94,4,91,2,-0.032435275753153844,4.143282313,NA,NA,Yes,NA,NA,NA,,1089.9,4,Garc_a_et_al_2018_Mar_Environ_Res,NA,Arbacia_lixula,Urchin_larvae,NA,394.4,19,3,Garc_a_et_al_2018_Mar_Environ_Res__NA__NA,ZOO_STUDY_0165,ZOO_ES_002657,ZOO_STUDY_0165__Arbacia_lixula__Urchin_larvae__CO2394.40__T19.00__NC3,ZOO_COMMON_00279,-0.032435275753153844,7.646025186655674e-4
Leung et al. 2022,"García et al., 2018. Mar Environ Res",NA,NA,NA,Zooplankton,Meroplankton,Urchin larvae,Arbacia lixula,TpH,3,3,394.4,19,2903.3,21,Fertilized eggs,positive,NA,Reproduction,94,4,90,3,-0.04348511193973878,0.0234,NA,NA,Yes,NA,NA,NA,,2508.9,2,Garc_a_et_al_2018_Mar_Environ_Res,NA,Arbacia_lixula,Urchin_larvae,NA,394.4,19,3,Garc_a_et_al_2018_Mar_Environ_Res__NA__NA,ZOO_STUDY_0165,ZOO_ES_002658,ZOO_STUDY_0165__Arbacia_lixula__Urchin_larvae__CO2394.40__T19.00__NC3,ZOO_COMMON_00279,-0.04348511193973878,9.739617390137987e-4
Leung et al. 2022,"García et al., 2018. Mar Environ Res",NA,NA,NA,Zooplankton,Meroplankton,Urchin larvae,Arbacia lixula,TpH,3,3,394.4,19,1599.6,25,Fertilized eggs,positive,NA,Reproduction,94,4,90,2,-0.04348511193973878,8.89e-4,NA,NA,Yes,NA,NA,NA,,1205.1999999999998,6,Garc_a_et_al_2018_Mar_Environ_Res,NA,Arbacia_lixula,Urchin_larvae,NA,394.4,19,3,Garc_a_et_al_2018_Mar_Environ_Res__NA__NA,ZOO_STUDY_0165,ZOO_ES_002659,ZOO_STUDY_0165__Arbacia_lixula__Urchin_larvae__CO2394.40__T19.00__NC3,ZOO_COMMON_00279,-0.04348511193973878,7.682004221413708e-4
Leung et al. 2022,"García et al., 2018. Mar Environ Res",NA,NA,NA,Zooplankton,Meroplankton,Urchin larvae,Arbacia lixula,TpH,3,3,394.4,19,2865.4,25,Fertilized eggs,positive,NA,Reproduction,94,4,89,3,-0.05465841253786408,0.00278,NA,NA,Yes,NA,NA,NA,,2471,6,Garc_a_et_al_2018_Mar_Environ_Res,NA,Arbacia_lixula,Urchin_larvae,NA,394.4,19,3,Garc_a_et_al_2018_Mar_Environ_Res__NA__NA,ZOO_STUDY_0165,ZOO_ES_002660,ZOO_STUDY_0165__Arbacia_lixula__Urchin_larvae__CO2394.40__T19.00__NC3,ZOO_COMMON_00279,-0.05465841253786408,9.82331426716904e-4
Leung et al. 2022,"García et al., 2018. Mar Environ Res",NA,NA,NA,Zooplankton,Meroplankton,Urchin larvae,Arbacia lixula,TpH,3,3,394.4,19,2918.6,23,Fertilized eggs,positive,NA,Reproduction,94,4,87.5,2.5,-0.07165598890643517,4.143282313,NA,NA,Yes,NA,NA,NA,,2524.2,4,Garc_a_et_al_2018_Mar_Environ_Res,NA,Arbacia_lixula,Urchin_larvae,NA,394.4,19,3,Garc_a_et_al_2018_Mar_Environ_Res__NA__NA,ZOO_STUDY_0165,ZOO_ES_002662,ZOO_STUDY_0165__Arbacia_lixula__Urchin_larvae__CO2394.40__T19.00__NC3,ZOO_COMMON_00279,-0.07165598890643517,8.757002121808433e-4
Leung et al. 2022,"García et al., 2018. Mar Environ Res",NA,NA,NA,Zooplankton,Meroplankton,Urchin larvae,Arbacia lixula,TpH,3,3,394.4,19,1503.6,21,Fertilized eggs,positive,NA,Reproduction,94,4,83,1.5,-0.12445417447340598,8.13e-4,NA,NA,Yes,NA,NA,NA,,1109.1999999999998,2,Garc_a_et_al_2018_Mar_Environ_Res,NA,Arbacia_lixula,Urchin_larvae,NA,394.4,19,3,Garc_a_et_al_2018_Mar_Environ_Res__NA__NA,ZOO_STUDY_0165,ZOO_ES_002665,ZOO_STUDY_0165__Arbacia_lixula__Urchin_larvae__CO2394.40__T19.00__NC3,ZOO_COMMON_00279,-0.12445417447340598,7.12460580430335e-4
Leung et al. 2022,"García et al., 2018. Mar Environ Res",NA,NA,NA,Zooplankton,Meroplankton,Urchin larvae,Sphaerechinus granularis,TpH,3,3,489,19,2813.3,21,Fertilized eggs,positive,NA,Reproduction,99,4,78,5,-0.23841102344499823,0,NA,NA,Yes,NA,NA,NA,,2324.3,2,Garc_a_et_al_2018_Mar_Environ_Res,NA,Sphaerechinus_granularis,Urchin_larvae,NA,489,19,3,Garc_a_et_al_2018_Mar_Environ_Res__NA__NA,ZOO_STUDY_0165,ZOO_ES_002666,ZOO_STUDY_0165__Sphaerechinus_granularis__Urchin_larvae__CO2489.00__T19.00__NC3,ZOO_COMMON_00285,-0.23841102344499823,0.001913875068498223
Leung et al. 2022,"García et al., 2018. Mar Environ Res",NA,NA,NA,Zooplankton,Meroplankton,Urchin larvae,Sphaerechinus granularis,TpH,3,3,489,19,1316.3,23,Fertilized eggs,positive,NA,Reproduction,99,4,74,6,-0.2910547569304201,5.15e-5,NA,NA,Yes,NA,NA,NA,,827.3,4,Garc_a_et_al_2018_Mar_Environ_Res,NA,Sphaerechinus_granularis,Urchin_larvae,NA,489,19,3,Garc_a_et_al_2018_Mar_Environ_Res__NA__NA,ZOO_STUDY_0165,ZOO_ES_002667,ZOO_STUDY_0165__Sphaerechinus_granularis__Urchin_larvae__CO2489.00__T19.00__NC3,ZOO_COMMON_00285,-0.2910547569304201,0.0027355427300827244
Leung et al. 2022,"García et al., 2018. Mar Environ Res",NA,NA,NA,Zooplankton,Meroplankton,Urchin larvae,Sphaerechinus granularis,TpH,3,3,489,19,2539.3,23,Fertilized eggs,positive,NA,Reproduction,99,4,72,5,-0.3184537311185346,0.00141,NA,NA,Yes,NA,NA,NA,,2050.3,4,Garc_a_et_al_2018_Mar_Environ_Res,NA,Sphaerechinus_granularis,Urchin_larvae,NA,489,19,3,Garc_a_et_al_2018_Mar_Environ_Res__NA__NA,ZOO_STUDY_0165,ZOO_ES_002668,ZOO_STUDY_0165__Sphaerechinus_granularis__Urchin_larvae__CO2489.00__T19.00__NC3,ZOO_COMMON_00285,-0.3184537311185346,0.00215167244838962
Leung et al. 2022,"García et al., 2018. Mar Environ Res",NA,NA,NA,Zooplankton,Meroplankton,Urchin larvae,Diadema africanum,TpH,3,3,456.4,19,1486.9,25,Fertilized eggs,positive,NA,Reproduction,15,1,5,0.5,-1.0986122886681098,0.00136,NA,NA,Yes,NA,NA,NA,,1030.5,6,Garc_a_et_al_2018_Mar_Environ_Res,NA,Diadema_africanum,Urchin_larvae,NA,456.4,19,3,Garc_a_et_al_2018_Mar_Environ_Res__NA__NA,ZOO_STUDY_0165,ZOO_ES_002670,ZOO_STUDY_0165__Diadema_africanum__Urchin_larvae__CO2456.40__T19.00__NC3,ZOO_COMMON_00281,-1.0986122886681098,0.004814814814814815
Leung et al. 2022,"García et al., 2018. Mar Environ Res",NA,NA,NA,Zooplankton,Meroplankton,Urchin larvae,Sphaerechinus granularis,TpH,3,3,489,19,1399.5,25,Fertilized eggs,positive,NA,Reproduction,99,4,25,5.5,-1.376244025266389,0.00109,NA,NA,Yes,NA,NA,NA,,910.5,6,Garc_a_et_al_2018_Mar_Environ_Res,NA,Sphaerechinus_granularis,Urchin_larvae,NA,489,19,3,Garc_a_et_al_2018_Mar_Environ_Res__NA__NA,ZOO_STUDY_0165,ZOO_ES_002671,ZOO_STUDY_0165__Sphaerechinus_granularis__Urchin_larvae__CO2489.00__T19.00__NC3,ZOO_COMMON_00285,-1.376244025266389,0.01667749549365711
Leung et al. 2022,"García et al., 2018. Mar Environ Res",NA,NA,NA,Zooplankton,Meroplankton,Urchin larvae,Diadema africanum,TpH,3,3,456.4,19,1203.6,23,Fertilized eggs,positive,NA,Reproduction,15,1,2.5,0.7,-1.791759469228055,5.35e-4,NA,NA,Yes,NA,NA,NA,,747.1999999999999,4,Garc_a_et_al_2018_Mar_Environ_Res,NA,Diadema_africanum,Urchin_larvae,NA,456.4,19,3,Garc_a_et_al_2018_Mar_Environ_Res__NA__NA,ZOO_STUDY_0165,ZOO_ES_002674,ZOO_STUDY_0165__Diadema_africanum__Urchin_larvae__CO2456.40__T19.00__NC3,ZOO_COMMON_00281,-1.791759469228055,0.027614814814814814
Leung et al. 2022,"García et al., 2018. Mar Environ Res",NA,NA,NA,Zooplankton,Meroplankton,Urchin larvae,Diadema africanum,TpH,3,3,456.4,19,1322.5,21,Fertilized eggs,positive,NA,Reproduction,15,1,2,0.5,-2.0149030205422647,7.68e-4,NA,NA,Yes,NA,NA,NA,,866.1,2,Garc_a_et_al_2018_Mar_Environ_Res,NA,Diadema_africanum,Urchin_larvae,NA,456.4,19,3,Garc_a_et_al_2018_Mar_Environ_Res__NA__NA,ZOO_STUDY_0165,ZOO_ES_002675,ZOO_STUDY_0165__Diadema_africanum__Urchin_larvae__CO2456.40__T19.00__NC3,ZOO_COMMON_00281,-2.0149030205422647,0.022314814814814815
Leung et al. 2022,"García et al., 2018. Mar Environ Res",NA,NA,NA,Zooplankton,Meroplankton,Urchin larvae,Diadema africanum,TpH,3,3,456.4,19,2416,23,Fertilized eggs,positive,NA,Reproduction,15,1,1,0.5,-2.70805020110221,8.76e-4,NA,NA,Yes,NA,NA,NA,,1959.6,4,Garc_a_et_al_2018_Mar_Environ_Res,NA,Diadema_africanum,Urchin_larvae,NA,456.4,19,3,Garc_a_et_al_2018_Mar_Environ_Res__NA__NA,ZOO_STUDY_0165,ZOO_ES_002677,ZOO_STUDY_0165__Diadema_africanum__Urchin_larvae__CO2456.40__T19.00__NC3,ZOO_COMMON_00281,-2.70805020110221,0.08481481481481482
Leung et al. 2022,"García et al., 2018. Mar Environ Res",NA,NA,NA,Zooplankton,Meroplankton,Urchin larvae,Diadema africanum,TpH,3,3,456.4,19,2722.7,25,Fertilized eggs,positive,NA,Reproduction,15,1,0.8,0.25,-2.9311937524164198,7.12e-4,NA,NA,Yes,NA,NA,NA,,2266.2999999999997,6,Garc_a_et_al_2018_Mar_Environ_Res,NA,Diadema_africanum,Urchin_larvae,NA,456.4,19,3,Garc_a_et_al_2018_Mar_Environ_Res__NA__NA,ZOO_STUDY_0165,ZOO_ES_002678,ZOO_STUDY_0165__Diadema_africanum__Urchin_larvae__CO2456.40__T19.00__NC3,ZOO_COMMON_00281,-2.9311937524164198,0.03403356481481481
Leung et al. 2022,"García et al., 2018. Mar Environ Res",NA,NA,NA,Zooplankton,Meroplankton,Urchin larvae,Diadema africanum,TpH,3,3,456.4,19,2311.6,21,Fertilized eggs,positive,NA,Reproduction,15,1,0.5,0.5,-3.4011973816621555,9.74e-4,NA,NA,Yes,NA,NA,NA,,1855.1999999999998,2,Garc_a_et_al_2018_Mar_Environ_Res,NA,Diadema_africanum,Urchin_larvae,NA,456.4,19,3,Garc_a_et_al_2018_Mar_Environ_Res__NA__NA,ZOO_STUDY_0165,ZOO_ES_002679,ZOO_STUDY_0165__Diadema_africanum__Urchin_larvae__CO2456.40__T19.00__NC3,ZOO_COMMON_00281,-3.4011973816621555,0.3348148148148148
Leung et al. 2022,"García et al., 2018. Mar Environ Res",NA,NA,NA,Zooplankton,Meroplankton,Urchin larvae,Sphaerechinus granularis,TpH,3,3,489,19,2829.1,25,Fertilized eggs,positive,NA,Reproduction,99,4,1,5,-4.59511985013459,0.00145,NA,NA,Yes,NA,NA,NA,,2340.1,6,Garc_a_et_al_2018_Mar_Environ_Res,NA,Sphaerechinus_granularis,Urchin_larvae,NA,489,19,3,Garc_a_et_al_2018_Mar_Environ_Res__NA__NA,ZOO_STUDY_0165,ZOO_ES_002680,ZOO_STUDY_0165__Sphaerechinus_granularis__Urchin_larvae__CO2489.00__T19.00__NC3,ZOO_COMMON_00285,-4.59511985013459,8.333877495493658
Leung et al. 2022,"Ho et al., 2013. Mar Environ Res",NA,NA,NA,Zooplankton,Meroplankton,Urchin larvae,Sterechinus neumayeri,TpH,6,6,436,1,751,5,Fertilization success,positive,NA,Reproduction,85,3.7751796348455833,88,5.9743652263004305,0.03468555798789011,0.00591,NA,NA,Yes,NA,NA,NA,,315,4,Ho_et_al_2013_Mar_Environ_Res,NA,Sterechinus_neumayeri,Urchin_larvae,NA,436,1,6,Ho_et_al_2013_Mar_Environ_Res__NA__NA,ZOO_STUDY_0225,ZOO_ES_002819,ZOO_STUDY_0225__Sterechinus_neumayeri__Urchin_larvae__CO2436.00__T1.00__NC6,ZOO_COMMON_00398,0.03468555798789011,0.0010969524077421048
Leung et al. 2022,"Ho et al., 2013. Mar Environ Res",NA,NA,NA,Zooplankton,Meroplankton,Urchin larvae,Sterechinus neumayeri,TpH,6,6,436,1,1225,5,Fertilization success,positive,NA,Reproduction,85,3.7751796348455833,86,3.7339782664379255,0.011696039763191236,0.00193,NA,NA,Yes,NA,NA,NA,,789,4,Ho_et_al_2013_Mar_Environ_Res,NA,Sterechinus_neumayeri,Urchin_larvae,NA,436,1,6,Ho_et_al_2013_Mar_Environ_Res__NA__NA,ZOO_STUDY_0225,ZOO_ES_002820,ZOO_STUDY_0225__Sterechinus_neumayeri__Urchin_larvae__CO2436.00__T1.00__NC6,ZOO_COMMON_00398,0.011696039763191236,6.429576414737318e-4
Leung et al. 2022,"Iguchi et al., 2014. Zygote",NA,NA,NA,Zooplankton,Meroplankton,Coral larvae,Acropora digitifera,TpH,12,12,438,27.2,1111,31.6,Fertilization success,positive,NA,Reproduction,93,11.559849661194106,86,17.339774491790738,-0.07825219689974826,0.00468,NA,NA,Yes,NA,NA,NA,,673,4.400000000000002,Iguchi_et_al_2014_Zygote,NA,Acropora_digitifera,Coral_larvae,NA,438,27.2,12,Iguchi_et_al_2014_Zygote__NA__NA,ZOO_STUDY_0240,ZOO_ES_002870,ZOO_STUDY_0240__Acropora_digitifera__Coral_larvae__CO2438.00__T27.20__NC12,ZOO_COMMON_00418,-0.07825219689974826,0.004675259242054958
Leung et al. 2022,Lacoue-Labarthe et al. 2009. Biogeosciences,NA,NA,NA,Zooplankton,Meroplankton,Cephalopod larvae,Sepia officinalis,TpH,10,10,404,16,781,19,Egg weight,ambiguous,NA,Reproduction,1.07,1.55,1.85,0.32999999999999985,0.5475269906164187,0.227204766,NA,NA,Yes,NA,NA,NA,,377,3,Lacoue_Labarthe_et_al_2009_Biogeosciences,NA,Sepia_officinalis,Cephalopod_larvae,NA,404,16,10,Lacoue_Labarthe_et_al_2009_Biogeosciences__NA__NA,ZOO_STUDY_0288,ZOO_ES_002933,ZOO_STUDY_0288__Sepia_officinalis__Cephalopod_larvae__CO2404.00__T16.00__NC10,ZOO_COMMON_00497,0.5475269906164187,0.2130255390549291
Leung et al. 2022,Lacoue-Labarthe et al. 2009. Biogeosciences,NA,NA,NA,Zooplankton,Meroplankton,Cephalopod larvae,Sepia officinalis,TpH,10,10,404,16,1399,19,Egg weight,ambiguous,NA,Reproduction,1.07,1.55,1.8,0.75,0.5201280164283042,0.212906154,NA,NA,Yes,NA,NA,NA,,995,3,Lacoue_Labarthe_et_al_2009_Biogeosciences,NA,Sepia_officinalis,Cephalopod_larvae,NA,404,16,10,Lacoue_Labarthe_et_al_2009_Biogeosciences__NA__NA,ZOO_STUDY_0288,ZOO_ES_002934,ZOO_STUDY_0288__Sepia_officinalis__Cephalopod_larvae__CO2404.00__T16.00__NC10,ZOO_COMMON_00497,0.5201280164283042,0.22720476557875022
Leung et al. 2022,"Lenz et al., 2019. Mar Pollut Bull",NA,NA,NA,Zooplankton,Meroplankton,Urchin larvae,Lytechinus variegatus,TpH,3,3,518.9,28,1182.7,31,Fertilization success,positive,NA,Reproduction,97.8,1.248218,97,4.411845,-0.008213598537388744,1.09e-4,NA,NA,Yes,NA,NA,NA,,663.8000000000001,3,Lenz_et_al_2019_Mar_Pollut_Bull,NA,Lytechinus_variegatus,Urchin_larvae,NA,518.9,28,3,Lenz_et_al_2019_Mar_Pollut_Bull__NA__NA,ZOO_STUDY_0301,ZOO_ES_002961,ZOO_STUDY_0301__Lytechinus_variegatus__Urchin_larvae__CO2518.90__T28.00__NC3,ZOO_COMMON_00519,-0.008213598537388744,7.438636479450649e-4
Leung et al. 2022,"Ordoñez et al., 2017. Plos One",NA,NA,NA,Zooplankton,Meroplankton,Coralline algae,Porolithon cf. onkodes,TpH,6,6,424,26,617,28,Spore germination success,positive,NA,Reproduction,90,4.898979485566356,79,7.348469228349534,-0.13036181786324358,0.0112,NA,Control: pH 7.81 to 8.01; medium: pH 7.82–7.91; high: pH 7.67–7.70,Yes,NA,NA,NA,,193,2,Ordo_ez_et_al_2017_Plos_One,NA,Porolithon_cf_onkodes,Coralline_algae,NA,424,26,6,Ordo_ez_et_al_2017_Plos_One__NA__NA,ZOO_STUDY_0385,ZOO_ES_003199,ZOO_STUDY_0385__Porolithon_cf_onkodes__Coralline_algae__CO2424.00__T26.00__NC6,ZOO_COMMON_00666,-0.13036181786324358,0.0019359037507838445
Leung et al. 2022,"Ordoñez et al., 2017. Plos One",NA,NA,NA,Zooplankton,Meroplankton,Coralline algae,Porolithon cf. onkodes,TpH,6,6,424,26,1129.97,28,Spore germination success,positive,NA,Reproduction,90,4.898979485566356,62,12.24744871391589,-0.3726752852851735,0.0219,NA,Control: pH 7.81 to 8.01; medium: pH 7.82–7.91; high: pH 7.67–7.70,Yes,NA,NA,NA,,705.97,2,Ordo_ez_et_al_2017_Plos_One,NA,Porolithon_cf_onkodes,Coralline_algae,NA,424,26,6,Ordo_ez_et_al_2017_Plos_One__NA__NA,ZOO_STUDY_0385,ZOO_ES_003200,ZOO_STUDY_0385__Porolithon_cf_onkodes__Coralline_algae__CO2424.00__T26.00__NC6,ZOO_COMMON_00666,-0.3726752852851735,0.0069974692000359705
Leung et al. 2022,"Pereira et al., 2020. Mar Environ Res",NA,NA,NA,Zooplankton,Meroplankton,Urchin larvae,Echinometra lucunter,TpH,5,5,5.06,26,35.120000000000005,28,Fertilization success,positive,NA,Reproduction,90,2.36,72,6.94,-0.2231435513142097,9.35e-4,NA,NA,Yes,NA,NA,NA,,30.060000000000006,2,Pereira_et_al_2020_Mar_Environ_Res,NA,Echinometra_lucunter,Urchin_larvae,NA,5.06,26,5,Pereira_et_al_2020_Mar_Environ_Res__NA__NA,ZOO_STUDY_0416,ZOO_ES_003242,ZOO_STUDY_0416__Echinometra_lucunter__Urchin_larvae__CO25.06__T26.00__NC5,ZOO_COMMON_00717,-0.2231435513142097,0.0019956845679012345
Leung et al. 2022,"Pereira et al., 2020. Mar Environ Res",NA,NA,NA,Zooplankton,Meroplankton,Urchin larvae,Echinometra lucunter,TpH,5,5,5.06,26,35.120000000000005,28,Fertilization success,positive,NA,Reproduction,90,2.36,63,9.86,-0.35667494393873245,0.00107,NA,NA,Yes,NA,NA,NA,,30.060000000000006,2,Pereira_et_al_2020_Mar_Environ_Res,NA,Echinometra_lucunter,Urchin_larvae,NA,5.06,26,5,Pereira_et_al_2020_Mar_Environ_Res__NA__NA,ZOO_STUDY_0416,ZOO_ES_003244,ZOO_STUDY_0416__Echinometra_lucunter__Urchin_larvae__CO25.06__T26.00__NC5,ZOO_COMMON_00717,-0.35667494393873245,0.005036467825648777
Leung et al. 2022,"Rosa et al., 2013. Proc R Soc B",NA,NA,NA,Zooplankton,Meroplankton,Cuttlefish larvae,Sepia officinalis,TpH,3,3,400,18,1654,22,Premature hatching,negative,NA,Reproduction,34,7.2930648769575015,100,0,1.07880966137193,0.0179,NA,NA,Yes,NA,NA,NA,,1254,4,Rosa_et_al_2013_Proc_R_Soc_B,NA,Sepia_officinalis,Cuttlefish_larvae,NA,400,18,3,Rosa_et_al_2013_Proc_R_Soc_B__NA__NA,ZOO_STUDY_0442,ZOO_ES_003304,ZOO_STUDY_0442__Sepia_officinalis__Cuttlefish_larvae__CO2400.00__T18.00__NC3,ZOO_COMMON_00764,1.07880966137193,0.01533702286606434
Leung et al. 2022,"Schutter et al., 2015. J Mar Sci Eng",NA,NA,NA,Zooplankton,Meroplankton,Coral larvae,Acropora hyacinthus (Lyudao),TpH,5,5,562,27,992,31,Early developmental success,positive,NA,Reproduction,38,5.5,1.5,0.5,-3.2321210516182215,0.139840137,NA,NA,Yes,NA,NA,NA,,430,4,Schutter_et_al_2015_J_Mar_Sci_Eng,NA,Acropora_hyacinthus_Lyudao_,Coral_larvae,NA,562,27,5,Schutter_et_al_2015_J_Mar_Sci_Eng__NA__NA,ZOO_STUDY_0461,ZOO_ES_003373,ZOO_STUDY_0461__Acropora_hyacinthus_Lyudao___Coral_larvae__CO2562.00__T27.00__NC5,ZOO_COMMON_00802,-3.2321210516182215,0.026411972914743
Leung et al. 2022,"Schutter et al., 2015. J Mar Sci Eng",NA,NA,NA,Zooplankton,Meroplankton,Coral larvae,Acropora hyacinthus (Kochi),TpH,5,5,562,27,992,31,Early developmental success,positive,NA,Reproduction,87,6,1,0.2,-4.465908118654584,0.0394,NA,NA,Yes,NA,NA,NA,,430,4,Schutter_et_al_2015_J_Mar_Sci_Eng,NA,Acropora_hyacinthus_Kochi_,Coral_larvae,NA,562,27,5,Schutter_et_al_2015_J_Mar_Sci_Eng__NA__NA,ZOO_STUDY_0461,ZOO_ES_003374,ZOO_STUDY_0461__Acropora_hyacinthus_Kochi___Coral_larvae__CO2562.00__T27.00__NC5,ZOO_COMMON_00800,-4.465908118654584,0.008951248513674199
Leung et al. 2022,"Schutter et al., 2015. J Mar Sci Eng",NA,NA,NA,Zooplankton,Meroplankton,Coral larvae,Acropora hyacinthus (Kochi),TpH,5,5,562,27,992,31,Fertilization success,positive,NA,Reproduction,99,4.9,96,1.5,-0.03077165866675366,0.00117,NA,NA,Yes,NA,NA,NA,,430,4,Schutter_et_al_2015_J_Mar_Sci_Eng,NA,Acropora_hyacinthus_Kochi_,Coral_larvae,NA,562,27,5,Schutter_et_al_2015_J_Mar_Sci_Eng__NA__NA,ZOO_STUDY_0461,ZOO_ES_003385,ZOO_STUDY_0461__Acropora_hyacinthus_Kochi___Coral_larvae__CO2562.00__T27.00__NC5,ZOO_COMMON_00800,-0.03077165866675366,5.387781301015204e-4
Leung et al. 2022,"Schutter et al., 2015. J Mar Sci Eng",NA,NA,NA,Zooplankton,Meroplankton,Coral larvae,Acropora hyacinthus (Lyudao),TpH,5,5,562,27,992,31,Fertilization success,positive,NA,Reproduction,41,6,8,3,-1.6341305250244718,4.35e-5,NA,NA,Yes,NA,NA,NA,,430,4,Schutter_et_al_2015_J_Mar_Sci_Eng,NA,Acropora_hyacinthus_Lyudao_,Coral_larvae,NA,562,27,5,Schutter_et_al_2015_J_Mar_Sci_Eng__NA__NA,ZOO_STUDY_0461,ZOO_ES_003388,ZOO_STUDY_0461__Acropora_hyacinthus_Lyudao___Coral_larvae__CO2562.00__T27.00__NC5,ZOO_COMMON_00802,-1.6341305250244718,0.032408164782867344
