"Category","Treatment","k treatment","k model","Mean lnRR","95% CI","p-value","% change","% change 95% CI"
"Growth","pH",588,904,"-0.120","-0.147 to -0.093","<0.001","-11.3%","-13.7% to -8.9%"
"Growth","T",158,904,"0.019","-0.027 to 0.066","0.416","2.0%","-2.7% to 6.8%"
"Growth","pH:T",158,904,"-0.040","-0.087 to 0.006","0.087","-4.0%","-8.3% to 0.6%"
"Development","pH",242,613,"-0.332","-0.467 to -0.197","<0.001","-28.3%","-37.3% to -17.9%"
"Development","T",217,613,"-0.478","-0.635 to -0.320","<0.001","-38.0%","-47.0% to -27.4%"
"Development","pH:T",154,613,"-0.426","-0.588 to -0.264","<0.001","-34.7%","-44.5% to -23.2%"
"Physiology","pH",414,743,"-0.121","-0.210 to -0.033","0.007","-11.4%","-18.9% to -3.2%"
"Physiology","T",184,743,"-0.049","-0.163 to 0.065","0.399","-4.8%","-15.0% to 6.7%"
"Physiology","pH:T",145,743,"-0.038","-0.160 to 0.084","0.539","-3.8%","-14.8% to 8.7%"
"Reproduction","pH",458,889,"-0.227","-0.291 to -0.163","<0.001","-20.3%","-25.3% to -15.0%"
"Reproduction","T",275,889,"-0.047","-0.132 to 0.039","0.287","-4.6%","-12.4% to 4.0%"
"Reproduction","pH:T",156,889,"-0.319","-0.419 to -0.220","<0.001","-27.3%","-34.2% to -19.7%"
"Survival","pH",373,606,"-0.209","-0.288 to -0.130","<0.001","-18.8%","-25.0% to -12.2%"
"Survival","T",147,606,"-0.199","-0.315 to -0.083","<0.001","-18.0%","-27.0% to -8.0%"
"Survival","pH:T",86,606,"-0.325","-0.468 to -0.182","<0.001","-27.7%","-37.4% to -16.6%"
"Holoplankton","pH",647,1018,"-0.162","-0.255 to -0.070","<0.001","-15.0%","-22.5% to -6.7%"
"Holoplankton","T",276,1018,"-0.026","-0.148 to 0.096","0.679","-2.5%","-13.8% to 10.1%"
"Holoplankton","pH:T",95,1018,"-0.045","-0.221 to 0.130","0.613","-4.4%","-19.8% to 13.9%"
"Meroplankton","pH",1428,2737,"-0.194","-0.235 to -0.154","<0.001","-17.7%","-20.9% to -14.3%"
"Meroplankton","T",705,2737,"-0.179","-0.235 to -0.123","<0.001","-16.4%","-21.0% to -11.6%"
"Meroplankton","pH:T",604,2737,"-0.253","-0.311 to -0.196","<0.001","-22.4%","-26.7% to -17.8%"
"Overall","pH",2075,3755,"-0.180","-0.217 to -0.142","<0.001","-16.4%","-19.5% to -13.2%"
"Overall","T",981,3755,"-0.146","-0.197 to -0.094","<0.001","-13.5%","-17.9% to -9.0%"
"Overall","pH:T",699,3755,"-0.228","-0.285 to -0.172","<0.001","-20.4%","-24.8% to -15.8%"
