"analysis_id","model","mean","se","ci_low","ci_high","zval","pval","k","n_studies","n_common_id","sigma2","QE","QE_df","QEp","logLik","AIC","BIC","Category","Response_category","Calcifier","Treatment","Treatment_label"
"response_Growth_Calcifier_pH","(~ 1 | Study_ID/ES_ID)",-0.103115039574664,0.0110345451871799,-0.124742350727316,-0.0814877284220115,-9.34474759272039,9.2108903523487e-21,363,163,215,0.0105255136547169,3039133.98691732,362,0,82.7322480373078,-159.464496074616,-147.789563439138,"Growth","Growth","Calcifier","pH","pH"
"response_Growth_Calcifier_T","(~ 1 | Study_ID/ES_ID)",-0.00461847797766441,0.0271222480497427,-0.0577771073349217,0.0485401513795929,-0.170283745255705,0.864786993975085,109,46,53,0.0230129250408055,132699.153515598,108,0,-14.1068249639237,34.2136499278475,42.2600436092201,"Growth","Growth","Calcifier","T","T"
"response_Growth_Calcifier_TpH","(~ 1 | Study_ID/ES_ID)",-0.310415313065473,0.110911288773926,-0.527797444541288,-0.0930331815896571,-2.79877113048613,0.00512974827784012,93,32,38,0.331496825707517,2512802.9188635,92,0,-38.4967752113557,82.9935504227115,90.5589161538586,"Growth","Growth","Calcifier","TpH","T + pH"
"response_Growth_Non-calcifier_pH","(~ 1 | Study_ID/ES_ID)",-0.0588349626952601,0.0377104980016179,-0.132746180617501,0.0150762552269806,-1.56017464136209,0.118718616509236,120,60,67,0.00421692643394957,2649010.02314178,119,0,-63.5049240449756,133.009848089951,141.347218569286,"Growth","Growth","Non-calcifier","pH","pH"
"response_Growth_Non-calcifier_T","(~ 1 | Study_ID/ES_ID)",0.122174117867424,0.0540896033414555,0.0161604433801136,0.228187792354734,2.25873569632534,0.0238998305985846,44,27,29,0.0227395625657813,72863097.8346801,43,0,-12.971101710302,31.942203420604,37.2258037676847,"Growth","Growth","Non-calcifier","T","T"
"response_Growth_Non-calcifier_TpH","(~ 1 | Study_ID/ES_ID)",0.0882038128190628,0.061934830352134,-0.0331862240597181,0.209593849697844,1.42413908809591,0.154406213248378,49,27,30,0.0269049979757579,240231709.88583,48,0,-22.4164884396926,50.8329768793853,56.4465799121089,"Growth","Growth","Non-calcifier","TpH","T + pH"
"response_Development_Calcifier_pH","(~ 1 | Study_ID/ES_ID)",0.154286997345945,0.0763510227410214,0.00464174259074454,0.303932252101146,2.02075875092438,0.0433047447517256,165,72,89,0.212726580007354,129120347.50237,164,0,-186.902600500981,379.805201001963,389.104800285435,"Development","Development","Calcifier","pH","pH"
"response_Development_Calcifier_T","(~ 1 | Study_ID/ES_ID)",-0.266335071529012,0.0987875273405858,-0.459955067238326,-0.0727150758196977,-2.69603945658827,0.0070169354421994,175,48,63,0.11852669570542,509747483.612409,174,0,-257.269446657857,520.538893315714,530.016059213358,"Development","Development","Calcifier","T","T"
"response_Development_Calcifier_TpH","(~ 1 | Study_ID/ES_ID)",-0.285570067113576,0.18365866275066,-0.645534431553659,0.0743942973265061,-1.55489571162387,0.119970908877126,98,30,37,0.793784746392804,859083.025555086,97,0,-124.471483129938,254.942966259876,262.667099195386,"Development","Development","Calcifier","TpH","T + pH"
"response_Development_Non-calcifier_pH","(~ 1 | Study_ID/ES_ID)",-0.0699526824864459,0.0505482469616244,-0.169025426012866,0.0291200610399742,-1.38387949515941,0.166395356303755,40,26,34,3.44562555924746e-11,66400973.7125991,39,0,-17.5092907008588,41.0185814017176,46.0092663401065,"Development","Development","Non-calcifier","pH","pH"
"response_Development_Non-calcifier_T","(~ 1 | Study_ID/ES_ID)",-0.108444091655367,0.137868927508043,-0.378662224158295,0.16177404084756,-0.786573839482728,0.431531378379841,37,22,28,5.57213287761058e-10,250772299.796852,36,0,-46.8940254556386,99.7880509112772,104.538607726646,"Development","Development","Non-calcifier","T","T"
"response_Development_Non-calcifier_TpH","(~ 1 | Study_ID/ES_ID)",0.0490086807393215,0.180146990850787,-0.304072933251488,0.402090294730131,0.27204828960987,0.785584889299226,40,23,31,1.93862281883675e-09,1182751912.50814,39,0,-60.7577455107986,127.515491021597,132.506175959986,"Development","Development","Non-calcifier","TpH","T + pH"
"response_Physiology_Calcifier_pH","(~ 1 | Study_ID/ES_ID)",-0.131444854954083,0.0508592185508477,-0.231127091595596,-0.0317626183125705,-2.58448436093583,0.00975247272860598,184,66,119,0.100705760344583,15752435.2241136,183,0,-109.255620938034,224.511241876068,234.139700334593,"Physiology","Physiology","Calcifier","pH","pH"
"response_Physiology_Calcifier_T","(~ 1 | Study_ID/ES_ID)",-0.368678445106361,0.199044025336077,-0.75879756610295,0.0214406758902281,-1.85224572545628,0.0639905454572234,66,23,27,0.683425757159075,109545943.27226,65,0,-80.1380551792341,166.276110358468,172.799272168155,"Physiology","Physiology","Calcifier","T","T"
"response_Physiology_Calcifier_TpH","(~ 1 | Study_ID/ES_ID)",-0.260925176002732,0.203648647821422,-0.660069191233001,0.138218839227538,-1.28125169891398,0.200105272411887,70,21,25,0.487792417492816,530687862.517462,69,0,-103.120542028608,212.241084057217,218.943403571009,"Physiology","Physiology","Calcifier","TpH","T + pH"
"response_Physiology_Non-calcifier_pH","(~ 1 | Study_ID/ES_ID)",0.040819989359546,0.0544444849029071,-0.0658892402069867,0.147529218926079,0.749754349450487,0.453402667533382,189,72,98,0.0865408137046161,289753.594869828,188,0,-147.041493922812,300.082987845624,309.792313734114,"Physiology","Physiology","Non-calcifier","pH","pH"
"response_Physiology_Non-calcifier_T","(~ 1 | Study_ID/ES_ID)",0.20491550415671,0.0460754526362452,0.114609276418288,0.295221731895132,4.44738993178145,8.69199714000717e-06,108,50,62,0.0298777466353706,1852617.45598008,107,0,-73.6716446861639,153.343289372328,161.361775875713,"Physiology","Physiology","Non-calcifier","T","T"
"response_Physiology_Non-calcifier_TpH","(~ 1 | Study_ID/ES_ID)",0.0761057877069534,0.0470681512578231,-0.0161460935772636,0.16835766899117,1.61692749073725,0.10589393351032,64,32,40,0.0308906850092479,36895.9573415941,63,0,-16.4335875591433,38.8671751182866,45.2965792974612,"Physiology","Physiology","Non-calcifier","TpH","T + pH"
"response_Reproduction_Calcifier_pH","(~ 1 | Study_ID/ES_ID)",-0.16986136614616,0.0263920968693046,-0.221588925486489,-0.118133806805831,-6.4360693652848,1.22607019509263e-10,201,81,114,0.0307840963269784,1050919.92197569,200,0,-71.4357163344406,148.871432668881,158.766384768525,"Reproduction","Reproduction","Calcifier","pH","pH"
"response_Reproduction_Calcifier_T","(~ 1 | Study_ID/ES_ID)",-0.0982490266021595,0.0286005541008383,-0.154305082577692,-0.042192970626627,-3.43521409605416,0.000592085856687884,125,28,50,9.40305834322383e-11,23575442.8280654,124,0,-62.2621920709302,130.52438414186,138.985228838676,"Reproduction","Reproduction","Calcifier","T","T"
"response_Reproduction_Calcifier_TpH","(~ 1 | Study_ID/ES_ID)",-0.358047582176442,0.142741019706983,-0.637814839918651,-0.0782803244342332,-2.50837203567298,0.0121288890352797,107,18,34,0.305711510436976,34679072.4713247,106,0,-61.1371120800436,128.274224160087,136.264541442423,"Reproduction","Reproduction","Calcifier","TpH","T + pH"
"response_Reproduction_Non-calcifier_pH","(~ 1 | Study_ID/ES_ID)",-0.156400259819565,0.0244094079485782,-0.204241820282724,-0.108558699356406,-6.4073762112151,1.4804519876266e-10,174,61,79,0.0113350555802963,20193.8523299195,173,0,-27.9560608207678,61.9121216415356,71.371996425029,"Reproduction","Reproduction","Non-calcifier","pH","pH"
"response_Reproduction_Non-calcifier_T","(~ 1 | Study_ID/ES_ID)",0.136999638019719,0.0962196667275098,-0.0515874433706467,0.325586719410085,1.4238215811711,0.154498126782026,124,41,60,0.232823236736744,179774673.977468,123,0,-116.662613126166,239.325226252332,247.76177931845,"Reproduction","Reproduction","Non-calcifier","T","T"
"response_Reproduction_Non-calcifier_TpH","(~ 1 | Study_ID/ES_ID)",-0.423634800250786,0.226388594891003,-0.867348292747781,0.0200786922462091,-1.87127271342776,0.061307290639177,31,16,21,0.352953537734757,5291.33263914489,30,0,-43.7044315357901,93.4088630715801,97.6124552165666,"Reproduction","Reproduction","Non-calcifier","TpH","T + pH"
"response_Survival_Calcifier_pH","(~ 1 | Study_ID/ES_ID)",-0.155191662786173,0.0396745713763673,-0.232952393785917,-0.0774309317864295,-3.9116153597217,9.16808456494395e-05,153,62,74,0.02790173414674,106047978.156044,152,0,-78.4560755309827,162.912151061965,171.983792624504,"Survival","Survival","Calcifier","pH","pH"
"response_Survival_Calcifier_T","(~ 1 | Study_ID/ES_ID)",0.0628412471840016,0.121616042736196,-0.175521816521226,0.30120431088923,0.516718401373362,0.605352748692805,83,23,29,0.178253638368354,2621.11742588269,82,0,-79.6133285581708,165.226657116342,172.446814858134,"Survival","Survival","Calcifier","T","T"
"response_Survival_Calcifier_TpH","(~ 1 | Study_ID/ES_ID)",-0.362036779650217,0.220711134972814,-0.794622655183891,0.0705490958834566,-1.6403195049258,0.100938752187031,38,14,19,0.168693750899828,3270.97492657332,37,0,-61.460860042415,128.92172008483,133.754473822763,"Survival","Survival","Calcifier","TpH","T + pH"
"response_Survival_Non-calcifier_pH","(~ 1 | Study_ID/ES_ID)",-0.274424145523198,0.0592909560581245,-0.390632284006068,-0.158216007040327,-4.62843178400045,3.68445188039287e-06,143,48,71,0.0229311325415186,49186329.6323201,142,0,-130.305947870464,266.611895740928,275.479376913732,"Survival","Survival","Non-calcifier","pH","pH"
"response_Survival_Non-calcifier_T","(~ 1 | Study_ID/ES_ID)",-0.0859026073760862,0.10904297082191,-0.299622902954282,0.127817688202109,-0.78778674800032,0.43082145382443,52,29,34,0.293126947727438,52218.3664823337,51,0,-22.0888193800857,50.1776387601713,55.9731156583443,"Survival","Survival","Non-calcifier","T","T"
"response_Survival_Non-calcifier_TpH","(~ 1 | Study_ID/ES_ID)",-0.0396877633380675,0.199590897743263,-0.430878734556879,0.351503207880744,-0.198845557521959,0.842383557753986,21,14,15,0.495694651149109,557.915806978072,20,2.06251080292243e-105,-10.0782884137843,26.1565768275686,29.1437736482305,"Survival","Survival","Non-calcifier","TpH","T + pH"
