"analysis_scope","analysis_id","Category","Response_category","Calcifier","term","estimate","se","ci_low","ci_high","zval","pval","k","n_studies","n_common_id","n_full_factorial_common_id","n_pH","n_T","n_TpH","model_status","model_message"
"full_factorial_only","Growth_Calcifier","Growth","Growth","Calcifier","pH_stressor",-0.106234082827365,0.0426954185230529,-0.189915565437413,-0.0225526002173165,-2.48818459924464,0.0128397068085513,152,16,20,20,43,39,70,"fitted",NA
"full_factorial_only","Growth_Calcifier","Growth","Growth","Calcifier","T_stressor",0.0456574699129558,0.0438496085598775,-0.0402861836005833,0.131601123426495,1.04122867711828,0.297769429335454,152,16,20,20,43,39,70,"fitted",NA
"full_factorial_only","Growth_Calcifier","Growth","Growth","Calcifier","pH_T_interaction",0.0213865332850994,0.0529593909031972,-0.0824119655283454,0.125185032098544,0.403828913444098,0.686338533198887,152,16,20,20,43,39,70,"fitted",NA
"full_factorial_only","Growth_Non_calcifier","Growth","Growth","Non-calcifier","pH_stressor",-0.0372205719788251,0.0615021514184527,-0.157762573730721,0.0833214297730712,-0.605191381445848,0.545051841702649,95,21,22,22,28,34,33,"fitted",NA
"full_factorial_only","Growth_Non_calcifier","Growth","Growth","Non-calcifier","T_stressor",0.113816338257,0.0590593500836191,-0.00193786085723623,0.229570537371236,1.92715189205186,0.0539607033440642,95,21,22,22,28,34,33,"fitted",NA
"full_factorial_only","Growth_Non_calcifier","Growth","Growth","Non-calcifier","pH_T_interaction",0.00367086232774351,0.0846759319633543,-0.162290914677795,0.169632639333282,0.0433518975537484,0.965421021813261,95,21,22,22,28,34,33,"fitted",NA
"full_factorial_only","Development_Calcifier","Development","Development","Calcifier","pH_stressor",-0.0225786181761255,0.121441135191965,-0.260598869394037,0.215441633041786,-0.185922324757874,0.85250567480525,188,21,27,27,59,47,82,"fitted",NA
"full_factorial_only","Development_Calcifier","Development","Development","Calcifier","T_stressor",-0.304160182810556,0.126262908840357,-0.551630936720921,-0.056689428900192,-2.40894325660695,0.0159987852234637,188,21,27,27,59,47,82,"fitted",NA
"full_factorial_only","Development_Calcifier","Development","Development","Calcifier","pH_T_interaction",0.187226454227746,0.159866623776214,-0.126106370703649,0.50055927915914,1.17114160420271,0.241541863166418,188,21,27,27,59,47,82,"fitted",NA
"full_factorial_only","Development_Non_calcifier","Development","Development","Non-calcifier","pH_stressor",-0.0462999277480552,0.140374169553012,-0.321428244431677,0.228828388935567,-0.329832246883358,0.741526720108549,86,17,22,22,27,30,29,"fitted",NA
"full_factorial_only","Development_Non_calcifier","Development","Development","Non-calcifier","T_stressor",-0.169594875421113,0.135275725233769,-0.434730424861836,0.0955406740196098,-1.25369777266422,0.209951877827358,86,17,22,22,27,30,29,"fitted",NA
"full_factorial_only","Development_Non_calcifier","Development","Development","Non-calcifier","pH_T_interaction",0.217221768497081,0.229188782212508,-0.231979990300028,0.66642352729419,0.947785342720962,0.343238743784628,86,17,22,22,27,30,29,"fitted",NA
"full_factorial_only","Physiology_Calcifier","Physiology","Physiology","Calcifier","pH_stressor",-0.395404459429073,0.301405711969984,-0.986148799624893,0.195339880766748,-1.3118678370251,0.189564731221242,60,7,9,9,13,21,26,"fitted",NA
"full_factorial_only","Physiology_Calcifier","Physiology","Physiology","Calcifier","T_stressor",-0.241758345617227,0.295402756646031,-0.820737109577298,0.337220418342845,-0.818402469774225,0.413127411943208,60,7,9,9,13,21,26,"fitted",NA
"full_factorial_only","Physiology_Calcifier","Physiology","Physiology","Calcifier","pH_T_interaction",0.391647456194132,0.324895608328231,-0.245136234864433,1.0284311472527,1.20545629474457,0.22802720045883,60,7,9,9,13,21,26,"fitted",NA
"full_factorial_only","Physiology_Non_calcifier","Physiology","Physiology","Non-calcifier","pH_stressor",-0.0423721983715727,0.0395135383943983,-0.119817310526334,0.0350729137831886,-1.07234634237615,0.283564499003129,130,24,31,31,40,45,45,"fitted",NA
"full_factorial_only","Physiology_Non_calcifier","Physiology","Physiology","Non-calcifier","T_stressor",0.196686942427781,0.0386358338362425,0.120962099596072,0.27241178525949,5.09079067016998,3.56573504034101e-07,130,24,31,31,40,45,45,"fitted",NA
"full_factorial_only","Physiology_Non_calcifier","Physiology","Physiology","Non-calcifier","pH_T_interaction",-0.0389652600199693,0.0531981044425402,-0.143231628773148,0.0653011087332097,-0.732455797594368,0.463890412739689,130,24,31,31,40,45,45,"fitted",NA
"full_factorial_only","Reproduction_Calcifier","Reproduction","Reproduction","Calcifier","pH_stressor",-0.217744077975145,0.0600727955113761,-0.335484593628082,-0.100003562322208,-3.62467030411312,0.000289330312702302,191,12,25,25,56,45,90,"fitted",NA
"full_factorial_only","Reproduction_Calcifier","Reproduction","Reproduction","Calcifier","T_stressor",-0.0971626874415566,0.061450392372178,-0.21760324332688,0.0232778684437671,-1.58115650186715,0.113842258333202,191,12,25,25,56,45,90,"fitted",NA
"full_factorial_only","Reproduction_Calcifier","Reproduction","Reproduction","Calcifier","pH_T_interaction",0.137641132203459,0.0707595508108663,-0.00104503894807056,0.276327303354989,1.94519510972252,0.0517515002000016,191,12,25,25,56,45,90,"fitted",NA
"full_factorial_only","Reproduction_Non_calcifier","Reproduction","Reproduction","Non-calcifier","pH_stressor",-0.0599005508998962,0.096318611578944,-0.248681560635529,0.128880458835737,-0.621900066019961,0.534007581715141,62,12,16,16,18,22,22,"fitted",NA
"full_factorial_only","Reproduction_Non_calcifier","Reproduction","Reproduction","Non-calcifier","T_stressor",-0.228252202451,0.0926314924067798,-0.409806591402484,-0.0466978134995159,-2.46408857852207,0.0137362160173677,62,12,16,16,18,22,22,"fitted",NA
"full_factorial_only","Reproduction_Non_calcifier","Reproduction","Reproduction","Non-calcifier","pH_T_interaction",-0.0199017027626417,0.125072214965451,-0.265038739561577,0.225235334036293,-0.159121694359849,0.873572996351453,62,12,16,16,18,22,22,"fitted",NA
"full_factorial_only","Survival_Calcifier","Survival","Survival","Calcifier","pH_stressor",0.186580449567246,0.147913464691765,-0.103324614057151,0.476485513191642,1.26141626089321,0.207158912744981,37,7,7,7,11,10,16,"fitted",NA
"full_factorial_only","Survival_Calcifier","Survival","Survival","Calcifier","T_stressor",0.0528040572951973,0.153642401928179,-0.248329516982261,0.353937631572656,0.343681539942865,0.731085795443703,37,7,7,7,11,10,16,"fitted",NA
"full_factorial_only","Survival_Calcifier","Survival","Survival","Calcifier","pH_T_interaction",-0.0905038755526792,0.180645926641678,-0.444563385724233,0.263555634618874,-0.501001474183246,0.616370085421253,37,7,7,7,11,10,16,"fitted",NA
"full_factorial_only","Survival_Non_calcifier","Survival","Survival","Non-calcifier","pH_stressor",0.087645889964531,0.163945823840732,-0.233682020179052,0.408973800108114,0.534602760297671,0.592924574501815,55,13,14,14,17,18,20,"fitted",NA
"full_factorial_only","Survival_Non_calcifier","Survival","Survival","Non-calcifier","T_stressor",0.0438155499881176,0.162531693971025,-0.274740716541378,0.362371816517613,0.269581574630783,0.787482177010965,55,13,14,14,17,18,20,"fitted",NA
"full_factorial_only","Survival_Non_calcifier","Survival","Survival","Non-calcifier","pH_T_interaction",0.0249853972677494,0.193645748335106,-0.354553295228365,0.404524089763864,0.129026314714186,0.897336826733493,55,13,14,14,17,18,20,"fitted",NA
"full_factorial_only","Overall_Calcifier","Overall",NA,"Calcifier","pH_stressor",-0.136427019537542,0.0584114169491826,-0.250911293043892,-0.0219427460311917,-2.33562249750305,0.019510924996652,633,34,61,61,183,164,286,"fitted",NA
"full_factorial_only","Overall_Calcifier","Overall",NA,"Calcifier","T_stressor",-0.1391746998721,0.0593925175081257,-0.255581895139191,-0.0227675046050086,-2.34330359633364,0.0191138227235572,633,34,61,61,183,164,286,"fitted",NA
"full_factorial_only","Overall_Calcifier","Overall",NA,"Calcifier","pH_T_interaction",0.148583153358578,0.0730670521247566,0.00537436273754471,0.291791943979612,2.03351783105857,0.0420002339606238,633,34,61,61,183,164,286,"fitted",NA
"full_factorial_only","Overall_Non_calcifier","Overall",NA,"Non-calcifier","pH_stressor",-0.0523841571990373,0.0404024119787733,-0.131571429565983,0.0268031151679079,-1.29656014662093,0.194782572487789,432,42,75,75,132,149,151,"fitted",NA
"full_factorial_only","Overall_Non_calcifier","Overall",NA,"Non-calcifier","T_stressor",-0.00269529776413131,0.0392331904301441,-0.0795909380058153,0.0742003424775526,-0.0686994285853548,0.945228873053825,432,42,75,75,132,149,151,"fitted",NA
"full_factorial_only","Overall_Non_calcifier","Overall",NA,"Non-calcifier","pH_T_interaction",0.0252743090590819,0.0580816615072775,-0.0885636556574284,0.139112273775592,0.435151275001234,0.663452627208227,432,42,75,75,132,149,151,"fitted",NA
