"analysis_scope","analysis_id","Category","Response_category","Calcifier","Treatment","Treatment_label","mean","se","ci_low","ci_high","zval","pval","k","n_studies","n_common_id","n_full_factorial_common_id","n_pH","n_T","n_TpH","model_status","model_message"
"all_data","Growth_Calcifier","Growth","Growth","Calcifier","pH","pH",-0.116838044977143,0.0133617613757104,-0.143026616043554,-0.0906494739107326,-8.74420981574605,2.24581780881567e-18,565,184,254,20,363,109,93,"fitted",NA
"all_data","Growth_Calcifier","Growth","Growth","Calcifier","T","T",-0.00238205114154926,0.0225705064375196,-0.0466194308719172,0.0418553285888187,-0.105538222996605,0.915948741763711,565,184,254,20,363,109,93,"fitted",NA
"all_data","Growth_Calcifier","Growth","Growth","Calcifier","TpH","T + pH",-0.0888054361650635,0.0225475086724462,-0.132997741104163,-0.0446131312259644,-3.93859195067465,8.19611836415017e-05,565,184,254,20,363,109,93,"fitted",NA
"all_data","Growth_Non_calcifier","Growth","Growth","Non-calcifier","pH","pH",-0.05937031372968,0.0391562552651608,-0.136115163818852,0.0173745363594921,-1.51624084907079,0.129458462430845,213,65,76,22,120,44,49,"fitted",NA
"all_data","Growth_Non_calcifier","Growth","Growth","Non-calcifier","T","T",0.115042960780215,0.0562496071724431,0.00479575657770026,0.225290164982729,2.045222474666,0.0408329297204078,213,65,76,22,120,44,49,"fitted",NA
"all_data","Growth_Non_calcifier","Growth","Growth","Non-calcifier","TpH","T + pH",0.0861785828772332,0.0552185719674048,-0.0220478294566133,0.19440499521108,1.56068112243294,0.118599007516844,213,65,76,22,120,44,49,"fitted",NA
"all_data","Development_Calcifier","Development","Development","Calcifier","pH","pH",-0.364781169828871,0.0823911932912703,-0.526264941323039,-0.203297398334703,-4.42742913722942,9.53628867750897e-06,438,98,130,27,165,175,98,"fitted",NA
"all_data","Development_Calcifier","Development","Development","Calcifier","T","T",-0.481342058758788,0.0953418458104552,-0.668208642766852,-0.294475474750725,-5.04859177695933,4.45078643753198e-07,438,98,130,27,165,175,98,"fitted",NA
"all_data","Development_Calcifier","Development","Development","Calcifier","TpH","T + pH",-0.430745376745946,0.104232760408477,-0.635037833155754,-0.226452920336138,-4.13253352456464,3.58786415464988e-05,438,98,130,27,165,175,98,"fitted",NA
"all_data","Development_Non_calcifier","Development","Development","Non-calcifier","pH","pH",-0.0711104617880132,0.136025519852231,-0.337715581676724,0.195494658100698,-0.522772946321122,0.601132268248763,117,28,41,22,40,37,40,"fitted",NA
"all_data","Development_Non_calcifier","Development","Development","Non-calcifier","T","T",-0.274930321775775,0.143917128658492,-0.557002710704838,0.00714206715328697,-1.91033773629663,0.056089741995167,117,28,41,22,40,37,40,"fitted",NA
"all_data","Development_Non_calcifier","Development","Development","Non-calcifier","TpH","T + pH",-0.213192473461283,0.140209443940072,-0.487997933876212,0.0616129869536463,-1.52052862824565,0.128378169254189,117,28,41,22,40,37,40,"fitted",NA
"all_data","Physiology_Calcifier","Physiology","Physiology","Calcifier","pH","pH",-0.208831596251979,0.0800383076422754,-0.365703796614376,-0.0519593958895823,-2.60914557545787,0.00907686189680856,320,73,141,9,184,66,70,"fitted",NA
"all_data","Physiology_Calcifier","Physiology","Physiology","Calcifier","T","T",-0.269548996386182,0.112229258726546,-0.48951430150184,-0.0495836912705244,-2.40177115526492,0.0163159118748712,320,73,141,9,184,66,70,"fitted",NA
"all_data","Physiology_Calcifier","Physiology","Physiology","Calcifier","TpH","T + pH",-0.209140750271267,0.112531892913227,-0.42969920749331,0.0114177069507752,-1.85850201980105,0.0630977568256168,320,73,141,9,184,66,70,"fitted",NA
"all_data","Physiology_Non_calcifier","Physiology","Physiology","Non-calcifier","pH","pH",-0.0311428183729391,0.0528135956034613,-0.134655563649786,0.072369926903908,-0.589674268852433,0.555409049248874,361,92,129,31,189,108,64,"fitted",NA
"all_data","Physiology_Non_calcifier","Physiology","Physiology","Non-calcifier","T","T",0.104468073978451,0.0592878233035329,-0.0117339244182485,0.22067007237515,1.76204940841917,0.0780609499655729,361,92,129,31,189,108,64,"fitted",NA
"all_data","Physiology_Non_calcifier","Physiology","Physiology","Non-calcifier","TpH","T + pH",0.0556883649953329,0.066299747044148,-0.0742567513953132,0.185633481385979,0.839948378057172,0.400937330932783,361,92,129,31,189,108,64,"fitted",NA
"all_data","Reproduction_Calcifier","Reproduction","Reproduction","Calcifier","pH","pH",-0.221626678120424,0.0332419946060395,-0.286779790322536,-0.156473565918311,-6.66706919205618,2.60962082701978e-11,433,94,142,25,201,125,107,"fitted",NA
"all_data","Reproduction_Calcifier","Reproduction","Reproduction","Calcifier","T","T",-0.104302680928575,0.0451064407753289,-0.192709680319009,-0.0158956815381415,-2.31236779350641,0.0207574236242259,433,94,142,25,201,125,107,"fitted",NA
"all_data","Reproduction_Calcifier","Reproduction","Reproduction","Calcifier","TpH","T + pH",-0.236031316225235,0.0454718394451566,-0.32515448384853,-0.146908148601941,-5.19071405743134,2.09489130651265e-07,433,94,142,25,201,125,107,"fitted",NA
"all_data","Reproduction_Non_calcifier","Reproduction","Reproduction","Non-calcifier","pH","pH",-0.117307523417273,0.057564230114561,-0.230131341239589,-0.00448370559495748,-2.03785446593856,0.0415644894806382,329,89,123,16,174,124,31,"fitted",NA
"all_data","Reproduction_Non_calcifier","Reproduction","Reproduction","Non-calcifier","T","T",0.0427059389908482,0.0691448075953022,-0.0928153936138956,0.178227271595592,0.617630455215118,0.536818964248461,329,89,123,16,174,124,31,"fitted",NA
"all_data","Reproduction_Non_calcifier","Reproduction","Reproduction","Non-calcifier","TpH","T + pH",-0.490354776525118,0.103589603346056,-0.693386668256177,-0.287322884794059,-4.73362925125814,2.20540411883221e-06,329,89,123,16,174,124,31,"fitted",NA
"all_data","Survival_Calcifier","Survival","Survival","Calcifier","pH","pH",-0.157551035240505,0.0497738861733692,-0.255106059510904,-0.0599960109701048,-3.16533522602059,0.00154904370373269,274,74,97,7,153,83,38,"fitted",NA
"all_data","Survival_Calcifier","Survival","Survival","Calcifier","T","T",-0.247194816519959,0.0763064033982814,-0.396752618970375,-0.0976370140695423,-3.239502918644,0.00119738241048656,274,74,97,7,153,83,38,"fitted",NA
"all_data","Survival_Calcifier","Survival","Survival","Calcifier","TpH","T + pH",-0.383947976331377,0.107257133204137,-0.594168094496501,-0.173727858166253,-3.57969642541748,0.000343993596013047,274,74,97,7,153,83,38,"fitted",NA
"all_data","Survival_Non_calcifier","Survival","Survival","Non-calcifier","pH","pH",-0.240160141658449,0.0684018769456253,-0.374225356946815,-0.106094926370083,-3.51101683729175,0.000446396123634928,216,64,91,14,143,52,21,"fitted",NA
"all_data","Survival_Non_calcifier","Survival","Survival","Non-calcifier","T","T",-0.0798793798552442,0.087485863524671,-0.251348521519986,0.0915897618094974,-0.913054711207351,0.36121376766858,216,64,91,14,143,52,21,"fitted",NA
"all_data","Survival_Non_calcifier","Survival","Survival","Non-calcifier","TpH","T + pH",-0.0467474473055093,0.117901021807782,-0.277829203789233,0.184334309178215,-0.396497388985511,0.69173813365965,216,64,91,14,143,52,21,"fitted",NA
"all_data","Overall_Calcifier","Overall",NA,"Calcifier","pH","pH",-0.204643459098995,0.0261578357264846,-0.255911875036419,-0.15337504316157,-7.82340944559853,5.14115428345444e-15,2030,301,512,61,1066,558,406,"fitted",NA
"all_data","Overall_Calcifier","Overall",NA,"Calcifier","T","T",-0.242403515356089,0.037128147905272,-0.315173348063098,-0.16963368264908,-6.52883402572497,6.62836515859393e-11,2030,301,512,61,1066,558,406,"fitted",NA
"all_data","Overall_Calcifier","Overall",NA,"Calcifier","TpH","T + pH",-0.282344444879706,0.0387881574744825,-0.35836783655636,-0.206321053203052,-7.27914041973898,3.35953858228765e-13,2030,301,512,61,1066,558,406,"fitted",NA
"all_data","Overall_Non_calcifier","Overall",NA,"Non-calcifier","pH","pH",-0.0840838920763398,0.0305725007337797,-0.144004892431872,-0.0241628917208072,-2.75031122931449,0.00595386852536117,1236,226,380,75,666,365,205,"fitted",NA
"all_data","Overall_Non_calcifier","Overall",NA,"Non-calcifier","T","T",-0.000341332253587631,0.036845718500946,-0.0725576134999429,0.0718749489927676,-0.00926382406082997,0.99260864352713,1236,226,380,75,666,365,205,"fitted",NA
"all_data","Overall_Non_calcifier","Overall",NA,"Non-calcifier","TpH","T + pH",-0.103072382446174,0.0438410470150834,-0.188999255640265,-0.017145509252083,-2.35104746496387,0.0187206456445229,1236,226,380,75,666,365,205,"fitted",NA
