"analysis_scope","analysis_id","Category","Response_category","Calcifier","model","model_status","model_message","k","n_studies","n_common_id","n_full_factorial_common_id","n_pH","n_T","n_TpH","rank_X","sigma2","QE","QE_df","QEp","logLik","AIC","BIC"
"all_data","Growth_Calcifier","Growth","Growth","Calcifier","yi ~ 0 + pH_stressor + T_stressor + pH_T_interaction + random(~1 | Study_ID/ES_ID)","fitted",NA,565,184,254,20,363,109,93,3,"0.019355; 0.012627",899222.586882428,562,0,10.1601763103013,-10.3203526206026,11.3371566288658
"all_data","Growth_Non_calcifier","Growth","Growth","Non-calcifier","yi ~ 0 + pH_stressor + T_stressor + pH_T_interaction + random(~1 | Study_ID/ES_ID)","fitted",NA,213,65,76,22,120,44,49,3,"0.020956; 0.093408",4664125.805175,210,0,-92.806034848029,195.612069696058,212.347607349645
"all_data","Development_Calcifier","Development","Development","Calcifier","yi ~ 0 + pH_stressor + T_stressor + pH_T_interaction + random(~1 | Study_ID/ES_ID)","fitted",NA,438,98,130,27,165,175,98,3,"0.246921; 0.459559",468456709.582346,435,0,-551.233781109217,1112.46756221843,1132.84429237388
"all_data","Development_Non_calcifier","Development","Development","Non-calcifier","yi ~ 0 + pH_stressor + T_stressor + pH_T_interaction + random(~1 | Study_ID/ES_ID)","fitted",NA,117,28,41,22,40,37,40,3,"0.149321; 0.423643",844143496.277372,114,0,-136.746421248066,283.492842496131,297.173834738104
"all_data","Physiology_Calcifier","Physiology","Physiology","Calcifier","yi ~ 0 + pH_stressor + T_stressor + pH_T_interaction + random(~1 | Study_ID/ES_ID)","fitted",NA,320,73,141,9,184,66,70,3,"0.285861; 0.203487",340843031.910307,317,0,-307.24369130846,624.48738261692,643.281891486307
"all_data","Physiology_Non_calcifier","Physiology","Physiology","Non-calcifier","yi ~ 0 + pH_stressor + T_stressor + pH_T_interaction + random(~1 | Study_ID/ES_ID)","fitted",NA,361,92,129,31,189,108,64,3,"0.12426; 0.113931",837605.761335059,358,0,-239.758110119795,489.516220239589,508.918885171593
"all_data","Reproduction_Calcifier","Reproduction","Reproduction","Calcifier","yi ~ 0 + pH_stressor + T_stressor + pH_T_interaction + random(~1 | Study_ID/ES_ID)","fitted",NA,433,94,142,25,201,125,107,3,"0.047203; 0.076416",39854785.9094963,430,0,-203.502526683352,417.005053366703,437.323979410142
"all_data","Reproduction_Non_calcifier","Reproduction","Reproduction","Non-calcifier","yi ~ 0 + pH_stressor + T_stressor + pH_T_interaction + random(~1 | Study_ID/ES_ID)","fitted",NA,329,89,123,16,174,124,31,3,"0.082247; 0.215273",108607604.856724,326,0,-279.745001738576,569.490003477153,588.424490383986
"all_data","Survival_Calcifier","Survival","Survival","Calcifier","yi ~ 0 + pH_stressor + T_stressor + pH_T_interaction + random(~1 | Study_ID/ES_ID)","fitted",NA,274,74,97,7,153,83,38,3,"0.062317; 0.140875",1493451.74058671,271,0,-227.287598382523,464.575196765047,482.585790869445
"all_data","Survival_Non_calcifier","Survival","Survival","Non-calcifier","yi ~ 0 + pH_stressor + T_stressor + pH_T_interaction + random(~1 | Study_ID/ES_ID)","fitted",NA,216,64,91,14,143,52,21,3,"0.104567; 0.160431",38242071.2291184,213,0,-177.908618782468,365.817237564936,382.623698393483
"all_data","Overall_Calcifier","Overall",NA,"Calcifier","yi ~ 0 + pH_stressor + T_stressor + pH_T_interaction + random(~1 | Study_ID/ES_ID)","fitted",NA,2030,301,512,61,1066,558,406,3,"0.097331; 0.20977",74520696.5453972,2027,0,-1812.35258247147,3634.70516494295,3662.77672567521
"all_data","Overall_Non_calcifier","Overall",NA,"Non-calcifier","yi ~ 0 + pH_stressor + T_stressor + pH_T_interaction + random(~1 | Study_ID/ES_ID)","fitted",NA,1236,226,380,75,666,365,205,3,"0.077456; 0.187605",10306578.5945742,1233,0,-1005.61774392054,2021.23548784108,2046.8215153569
