"analysis_scope","analysis_id","Category","Response_category","Calcifier","term","estimate","se","ci_low","ci_high","zval","pval","k","n_studies","n_common_id","n_full_factorial_common_id","n_pH","n_T","n_TpH","model_status","model_message","interaction_interpretation"
"all_data","Growth_Calcifier","Growth","Growth","Calcifier","pH_T_interaction",0.0304146599536291,0.0252896400645019,-0.0191521237547758,0.079981443662034,1.20265293915041,0.2291106523725,565,184,254,20,363,109,93,"fitted",NA,"Combined effect is more positive than additive expectation"
"all_data","Growth_Non_calcifier","Growth","Growth","Non-calcifier","pH_T_interaction",0.0305059358266986,0.0769313321706183,-0.120276704510401,0.181288576163798,0.396534610359308,0.691710680552928,213,65,76,22,120,44,49,"fitted",NA,"Combined effect is more positive than additive expectation"
"all_data","Development_Calcifier","Development","Development","Calcifier","pH_T_interaction",0.415377851841713,0.131228162743472,0.158175379107148,0.672580324576279,3.16531027454606,0.00154917655932809,438,98,130,27,165,175,98,"fitted",NA,"Combined effect is more positive than additive expectation"
"all_data","Development_Non_calcifier","Development","Development","Non-calcifier","pH_T_interaction",0.132848310102506,0.209280086668829,-0.277333122449821,0.543029742654832,0.634787151597126,0.525567244129907,117,28,41,22,40,37,40,"fitted",NA,"Combined effect is more positive than additive expectation"
"all_data","Physiology_Calcifier","Physiology","Physiology","Calcifier","pH_T_interaction",0.269239842366894,0.120041959264618,0.033961925574618,0.50451775915917,2.24288110604215,0.024904482455556,320,73,141,9,184,66,70,"fitted",NA,"Combined effect is more positive than additive expectation"
"all_data","Physiology_Non_calcifier","Physiology","Physiology","Non-calcifier","pH_T_interaction",-0.0176368906101786,0.0783648030915181,-0.171229082325127,0.13595530110477,-0.225061378506641,0.821931525700086,361,92,129,31,189,108,64,"fitted",NA,"Combined effect is more negative than additive expectation"
"all_data","Reproduction_Calcifier","Reproduction","Reproduction","Calcifier","pH_T_interaction",0.0898980428237634,0.0532057452907889,-0.0143833017167944,0.194179387364321,1.68963036477429,0.0910986929766065,433,94,142,25,201,125,107,"fitted",NA,"Combined effect is more positive than additive expectation"
"all_data","Reproduction_Non_calcifier","Reproduction","Reproduction","Non-calcifier","pH_T_interaction",-0.415753192098693,0.120212835914113,-0.651366020969778,-0.180140363227608,-3.4584758685481,0.000543240935334246,329,89,123,16,174,124,31,"fitted",NA,"Combined effect is more negative than additive expectation"
"all_data","Survival_Calcifier","Survival","Survival","Calcifier","pH_T_interaction",0.0207978754290861,0.11849608924701,-0.211450191803898,0.25304594266207,0.175515289671138,0.86067475783609,274,74,97,7,153,83,38,"fitted",NA,"Combined effect is more positive than additive expectation"
"all_data","Survival_Non_calcifier","Survival","Survival","Non-calcifier","pH_T_interaction",0.273292074208184,0.13676518615606,0.00523723500338957,0.541346913412978,1.99825761138025,0.0456887384975894,216,64,91,14,143,52,21,"fitted",NA,"Combined effect is more positive than additive expectation"
"all_data","Overall_Calcifier","Overall",NA,"Calcifier","pH_T_interaction",0.164702529575377,0.0445043358817289,0.0774756340913151,0.25192942505944,3.7008198484992,0.000214904011442521,2030,301,512,61,1066,558,406,"fitted",NA,"Combined effect is more positive than additive expectation"
"all_data","Overall_Non_calcifier","Overall",NA,"Non-calcifier","pH_T_interaction",-0.0186471581162464,0.0513198701803791,-0.11923225536106,0.0819379391285677,-0.363351622884184,0.716342235061384,1236,226,380,75,666,365,205,"fitted",NA,"Combined effect is more negative than additive expectation"
"full_factorial_only","Growth_Calcifier","Growth","Growth","Calcifier","pH_T_interaction",0.0213865332850994,0.0529593909031972,-0.0824119655283454,0.125185032098544,0.403828913444098,0.686338533198887,152,16,20,20,43,39,70,"fitted",NA,"Combined effect is more positive than additive expectation"
"full_factorial_only","Growth_Non_calcifier","Growth","Growth","Non-calcifier","pH_T_interaction",0.00367086232774351,0.0846759319633543,-0.162290914677795,0.169632639333282,0.0433518975537484,0.965421021813261,95,21,22,22,28,34,33,"fitted",NA,"Combined effect is more positive than additive expectation"
"full_factorial_only","Development_Calcifier","Development","Development","Calcifier","pH_T_interaction",0.187226454227746,0.159866623776214,-0.126106370703649,0.50055927915914,1.17114160420271,0.241541863166418,188,21,27,27,59,47,82,"fitted",NA,"Combined effect is more positive than additive expectation"
"full_factorial_only","Development_Non_calcifier","Development","Development","Non-calcifier","pH_T_interaction",0.217221768497081,0.229188782212508,-0.231979990300028,0.66642352729419,0.947785342720962,0.343238743784628,86,17,22,22,27,30,29,"fitted",NA,"Combined effect is more positive than additive expectation"
"full_factorial_only","Physiology_Calcifier","Physiology","Physiology","Calcifier","pH_T_interaction",0.391647456194132,0.324895608328231,-0.245136234864433,1.0284311472527,1.20545629474457,0.22802720045883,60,7,9,9,13,21,26,"fitted",NA,"Combined effect is more positive than additive expectation"
"full_factorial_only","Physiology_Non_calcifier","Physiology","Physiology","Non-calcifier","pH_T_interaction",-0.0389652600199693,0.0531981044425402,-0.143231628773148,0.0653011087332097,-0.732455797594368,0.463890412739689,130,24,31,31,40,45,45,"fitted",NA,"Combined effect is more negative than additive expectation"
"full_factorial_only","Reproduction_Calcifier","Reproduction","Reproduction","Calcifier","pH_T_interaction",0.137641132203459,0.0707595508108663,-0.00104503894807056,0.276327303354989,1.94519510972252,0.0517515002000016,191,12,25,25,56,45,90,"fitted",NA,"Combined effect is more positive than additive expectation"
"full_factorial_only","Reproduction_Non_calcifier","Reproduction","Reproduction","Non-calcifier","pH_T_interaction",-0.0199017027626417,0.125072214965451,-0.265038739561577,0.225235334036293,-0.159121694359849,0.873572996351453,62,12,16,16,18,22,22,"fitted",NA,"Combined effect is more negative than additive expectation"
"full_factorial_only","Survival_Calcifier","Survival","Survival","Calcifier","pH_T_interaction",-0.0905038755526792,0.180645926641678,-0.444563385724233,0.263555634618874,-0.501001474183246,0.616370085421253,37,7,7,7,11,10,16,"fitted",NA,"Combined effect is more negative than additive expectation"
"full_factorial_only","Survival_Non_calcifier","Survival","Survival","Non-calcifier","pH_T_interaction",0.0249853972677494,0.193645748335106,-0.354553295228365,0.404524089763864,0.129026314714186,0.897336826733493,55,13,14,14,17,18,20,"fitted",NA,"Combined effect is more positive than additive expectation"
"full_factorial_only","Overall_Calcifier","Overall",NA,"Calcifier","pH_T_interaction",0.148583153358578,0.0730670521247566,0.00537436273754471,0.291791943979612,2.03351783105857,0.0420002339606238,633,34,61,61,183,164,286,"fitted",NA,"Combined effect is more positive than additive expectation"
"full_factorial_only","Overall_Non_calcifier","Overall",NA,"Non-calcifier","pH_T_interaction",0.0252743090590819,0.0580816615072775,-0.0885636556574284,0.139112273775592,0.435151275001234,0.663452627208227,432,42,75,75,132,149,151,"fitted",NA,"Combined effect is more positive than additive expectation"
