Meta_analysis_reference,Author,Year,Title,Link,Biota_Group,Broad_subgroup,Group,Species,Treatment,N_C,N_T,C_value_CO2,C_value_Temp,T_value_CO2,T_value_Temp,Metric,Metric_Type,Unit,Response_category,Biota_C,Biota_C_sd,Biota_T,Biota_T_sd,Reference_ei,Reference_vei,Source_fig,Notes_1,Include,Rechecked?,Control_Treatment_Values,Notes_2,Duplicate,delta_CO2,delta_T,Author_clean,Title_clean,Species_clean,Group_clean,Year_clean,C_value_CO2_num,C_value_Temp_num,N_C_num,study_key,Study_ID,ES_ID,common_key,Common_id,yi,vi,Weight,BubbleSize
Alter et al. 2024,"Anlauf H, D´Croz L, O`Dea A",2011,NA,NA,Zooplankton,Meroplankton,Cnidaria,Porites panamensis,T,5,5,487,28.4,493,29.6,Mortality,positive,% total planulae,Survival,45.9,10.95673309,61.3,29.9633109,-0.335,0.1281,NA,NA,Yes,NA,NA,NA,,6,1.2000000000000028,Anlauf_H_D_Croz_L_O_Dea_A,NA,Porites_panamensis,Cnidaria,2011,487,28.4,5,Anlauf_H_D_Croz_L_O_Dea_A__2011__NA,ZOO_STUDY_0021,ZOO_ES_000042,ZOO_STUDY_0021__Porites_panamensis__Cnidaria__CO2487.00__T28.40__NC5,ZOO_COMMON_00029,0.2893147258756663,0.059181052741629804,4.110632549609177,2
Alter et al. 2024,"Baragi LV, Anil AC",2015,NA,NA,Zooplankton,Meroplankton,Arthropoda,Balanus amphitrite,T,3,3,416,29.8,412,33.9,Mortality,positive,%,Survival,20.17,7.551741521,59.66,9.249151312,-0.683,0.0205,NA,NA,Yes,NA,NA,NA,,-4,4.099999999999998,Baragi_LV_Anil_AC,NA,Balanus_amphitrite,Arthropoda,2015,416,29.8,3,Baragi_LV_Anil_AC__2015__NA,ZOO_STUDY_0029,ZOO_ES_000078,ZOO_STUDY_0029__Balanus_amphitrite__Arthropoda__CO2416.00__T29.80__NC3,ZOO_COMMON_00043,1.0844654271204819,0.05473781750752832,4.274213988571113,2
Alter et al. 2024,"Baria MVB, Kurihara H, Harii S",2015,NA,NA,Zooplankton,Meroplankton,Cnidaria,Fungia fungites,T,3,3,420,28.1,527,34.1,Survival,positive,%,Survival,68.77,19.91858429,61.08,22.17025034,-0.119,0.0719,NA,NA,Yes,NA,NA,NA,,107,6,Baria_MVB_Kurihara_H_Harii_S,NA,Fungia_fungites,Cnidaria,2015,420,28.1,3,Baria_MVB_Kurihara_H_Harii_S__2015__NA,ZOO_STUDY_0030,ZOO_ES_000096,ZOO_STUDY_0030__Fungia_fungites__Cnidaria__CO2420.00__T28.10__NC3,ZOO_COMMON_00044,-0.11858312298131309,0.07187980265241231,3.7298946201740253,2
Alter et al. 2024,"Baria MVB, Kurihara H, Harii S",2015,NA,NA,Zooplankton,Meroplankton,Cnidaria,Fungia fungites,T,3,3,420,28.1,474,31.2,Survival,positive,%,Survival,68.77,19.91858429,66.96,8.608292514,-0.027,0.0334,NA,NA,Yes,NA,NA,NA,,54,3.099999999999998,Baria_MVB_Kurihara_H_Harii_S,NA,Fungia_fungites,Cnidaria,2015,420,28.1,3,Baria_MVB_Kurihara_H_Harii_S__2015__NA,ZOO_STUDY_0030,ZOO_ES_000097,ZOO_STUDY_0030__Fungia_fungites__Cnidaria__CO2420.00__T28.10__NC3,ZOO_COMMON_00044,-0.026672177150524924,0.033473008656138524,5.46578601481617,2
Alter et al. 2024,"Baria MVB, Kurihara H, Harii S",2015,NA,NA,Zooplankton,Meroplankton,Cnidaria,Lithophyllon repanda,T,3,3,419,28.1,473,31,Survival,positive,%,Survival,59.72,6.789639166,63.8,4.070319398,0.066,0.0057,NA,NA,Yes,NA,NA,NA,,54,2.8999999999999986,Baria_MVB_Kurihara_H_Harii_S,NA,Lithophyllon_repanda,Cnidaria,2015,419,28.1,3,Baria_MVB_Kurihara_H_Harii_S__2015__NA,ZOO_STUDY_0030,ZOO_ES_000098,ZOO_STUDY_0030__Lithophyllon_repanda__Cnidaria__CO2419.00__T28.10__NC3,ZOO_COMMON_00045,0.06608621767975449,0.005665296809953597,13.285829234489107,3.5
Alter et al. 2024,"Byrne M, Gonzalez-Bernat M, Doo S, Foo S, Soars N, Lamare M",2013,NA,NA,Zooplankton,Meroplankton,Echinodermata,Patiriella regularis,T,9,9,423,19,432,23,Mortality,positive,%,Survival,35.13,3.75,48.83,8.7,-0.237,0.0036,NA,NA,Yes,NA,NA,NA,,9,4,Byrne_M_Gonzalez_Bernat_M_Doo_S_Foo_S_Soars_N_Lamare_M,NA,Patiriella_regularis,Echinodermata,2013,423,19,9,Byrne_M_Gonzalez_Bernat_M_Doo_S_Foo_S_Soars_N_Lamare_M__2013__NA,ZOO_STUDY_0052,ZOO_ES_000183,ZOO_STUDY_0052__Patiriella_regularis__Echinodermata__CO2423.00__T19.00__NC9,ZOO_COMMON_00075,0.3292894117958331,0.0047932262902375825,14.44395190471914,3.5
Alter et al. 2024,"Byrne M, Gonzalez-Bernat M, Doo S, Foo S, Soars N, Lamare M",2013,NA,NA,Zooplankton,Meroplankton,Echinodermata,Patiriella regularis,T,9,9,423,19,427,21,Mortality,positive,%,Survival,35.13,3.75,41.08,9.54,-0.096,0.0033,NA,NA,Yes,NA,NA,NA,,4,2,Byrne_M_Gonzalez_Bernat_M_Doo_S_Foo_S_Soars_N_Lamare_M,NA,Patiriella_regularis,Echinodermata,2013,423,19,9,Byrne_M_Gonzalez_Bernat_M_Doo_S_Foo_S_Soars_N_Lamare_M__2013__NA,ZOO_STUDY_0052,ZOO_ES_000184,ZOO_STUDY_0052__Patiriella_regularis__Echinodermata__CO2423.00__T19.00__NC9,ZOO_COMMON_00075,0.15646591878262164,0.007258385063218131,11.737618718979,2.75
Alter et al. 2024,"Cole VJ, Parker LM, O'Connor SJ, O'Connor WA, Scanes E, Byrne M, Ross PM",2016,NA,NA,Zooplankton,Meroplankton,Mollusca,Ostrea angasi,T,3,3,388,26,394,30,Mortality,positive,%,Survival,4.19,6.84160069,17.67,22.96699371,-0.152,0.0276,NA,NA,Yes,NA,NA,NA,,6,4,Cole_VJ_Parker_LM_O_Connor_SJ_O_Connor_WA_Scanes_E_Byrne_M_Ross_PM,NA,Ostrea_angasi,Mollusca,2016,388,26,3,Cole_VJ_Parker_LM_O_Connor_SJ_O_Connor_WA_Scanes_E_Byrne_M_Ross_PM__2016__NA,ZOO_STUDY_0094,ZOO_ES_000302,ZOO_STUDY_0094__Ostrea_angasi__Mollusca__CO2388.00__T26.00__NC3,ZOO_COMMON_00162,1.4391675523975587,1.4518592909440287,0.8299228765552693,2.5
Alter et al. 2024,"Dahlke F, Lucassen M, Bickmeyer U, Wohlrab S, Puvanendran V, Mortensen A, Chierici M, Pörtner HO, Storch D",2020,NA,NA,Zooplankton,Meroplankton,Fish larvae,Gadus morhua,T,6,6,380,6.2,468,9.6,Total embryo mortality,positive,%,Survival,13.1,3.184336666,16,2.939387691,-0.0339,4e-4,NA,NA,Yes,NA,NA,NA,,88,3.3999999999999995,Dahlke_F_Lucassen_M_Bickmeyer_U_Wohlrab_S_Puvanendran_V_Mortensen_A_Chierici_M_P_rtner_HO_Storch_D,NA,Gadus_morhua,Fish_larvae,2020,380,6.2,6,Dahlke_F_Lucassen_M_Bickmeyer_U_Wohlrab_S_Puvanendran_V_Mortensen_A_Chierici_M_P_rtner_HO_Storch_D__2020__NA,ZOO_STUDY_0109,ZOO_ES_000317,ZOO_STUDY_0109__Gadus_morhua__Fish_larvae__CO2380.00__T6.20__NC6,ZOO_COMMON_00190,0.1999764920326754,0.01547291096196108,8.039221353748824,2.75
Alter et al. 2024,"Dong, Sun",2018,NA,NA,Zooplankton,Meroplankton,Cnidaria,Aurelia coerulea,T,4,4,375,24,368,27,Mortality,positive,%,Survival,13.61698077,24.839248,31.64555707,13.3,0.843,0.876,NA,NA,Yes,NA,NA,NA,,-7,3,Dong_Sun,NA,Aurelia_coerulea,Cnidaria,2018,375,24,4,Dong_Sun__2018__NA,ZOO_STUDY_0121,ZOO_ES_000340,ZOO_STUDY_0121__Aurelia_coerulea__Cnidaria__CO2375.00__T24.00__NC4,ZOO_COMMON_00207,0.8432801618650824,0.8760284429226726,1.068417262799485,2.5
Alter et al. 2024,"Garcia E, Clemente S, Hernandez JC",2015,NA,NA,Zooplankton,Meroplankton,Echinodermata,Paracentrotus lividus,T,5,5,311,18.8,305,20.5,Density,positive,larvae/ml,Survival,0.67,0.536656315,0.38,0.581377674,-0.559,0.5811,NA,NA,Yes,NA,NA,NA,,-6,1.6999999999999993,Garcia_E_Clemente_S_Hernandez_JC,NA,Paracentrotus_lividus,Echinodermata,2015,311,18.8,5,Garcia_E_Clemente_S_Hernandez_JC__2015__NA,ZOO_STUDY_0166,ZOO_ES_000404,ZOO_STUDY_0166__Paracentrotus_lividus__Echinodermata__CO2311.00__T18.80__NC5,ZOO_COMMON_00288,-0.5671064596645803,0.5964576998737349,1.2948223145770417,2.5
Alter et al. 2024,"Gianguzza P, Visconti G, Gianguzza F, Vizzini S, Sara G, Dupont S",2014,NA,NA,Zooplankton,Meroplankton,Echinodermata,Arbacia lixula,T,6,6,498,20.4,518,24.4,Mortality,positive,%,Survival,11.14,20.64919853,37.65,37.62416245,-0.354,0.0697,NA,NA,Yes,NA,NA,NA,,20,4,Gianguzza_P_Visconti_G_Gianguzza_F_Vizzini_S_Sara_G_Dupont_S,NA,Arbacia_lixula,Echinodermata,2014,498,20.4,6,Gianguzza_P_Visconti_G_Gianguzza_F_Vizzini_S_Sara_G_Dupont_S__2014__NA,ZOO_STUDY_0178,ZOO_ES_000456,ZOO_STUDY_0178__Arbacia_lixula__Echinodermata__CO2498.00__T20.40__NC6,ZOO_COMMON_00309,1.2177907197467646,0.7390820627263803,1.1631980591831959,2.5
Alter et al. 2024,"Gianguzza P, Visconti G, Gianguzza F, Vizzini S, Sara G, Dupont S",2014,NA,NA,Zooplankton,Meroplankton,Echinodermata,Arbacia lixula,T,6,6,498,20.4,509,26.1,Mortality,positive,%,Survival,11.14,20.64919853,31.62,39.85319812,-0.262,0.0656,NA,NA,Yes,NA,NA,NA,,11,5.700000000000003,Gianguzza_P_Visconti_G_Gianguzza_F_Vizzini_S_Sara_G_Dupont_S,NA,Arbacia_lixula,Echinodermata,2014,498,20.4,6,Gianguzza_P_Visconti_G_Gianguzza_F_Vizzini_S_Sara_G_Dupont_S__2014__NA,ZOO_STUDY_0178,ZOO_ES_000457,ZOO_STUDY_0178__Arbacia_lixula__Echinodermata__CO2498.00__T20.40__NC6,ZOO_COMMON_00309,1.043247597282188,0.8374034614856585,1.092779713517995,2.5
Alter et al. 2024,"Gobler CJ, Merlo LR, Morrell BK and Griffith AW",2018,NA,NA,Zooplankton,Meroplankton,Fish larvae,Menidia beryllina,T,4,4,389,19,372,29,Survival,positive,%,Survival,33.9,24,37,8.2,0.0875,0.1376,NA,NA,Yes,NA,NA,NA,,-17,10,Gobler_CJ_Merlo_LR_Morrell_BK_and_Griffith_AW,NA,Menidia_beryllina,Fish_larvae,2018,389,19,4,Gobler_CJ_Merlo_LR_Morrell_BK_and_Griffith_AW__2018__NA,ZOO_STUDY_0185,ZOO_ES_000467,ZOO_STUDY_0185__Menidia_beryllina__Fish_larvae__CO2389.00__T19.00__NC4,ZOO_COMMON_00320,0.08750289825781993,0.13758250513235668,2.695990723618586,2.5
Alter et al. 2024,"Gobler CJ, Merlo LR, Morrell BK and Griffith AW",2018,NA,NA,Zooplankton,Meroplankton,Fish larvae,Menidia beryllina,T,4,4,389,19,372,29,Survival,positive,Percent hatch,Survival,80.2,12,96,3.1,0.1798,0.0059,NA,NA,Yes,NA,NA,NA,,-17,10,Gobler_CJ_Merlo_LR_Morrell_BK_and_Griffith_AW,NA,Menidia_beryllina,Fish_larvae,2018,389,19,4,Gobler_CJ_Merlo_LR_Morrell_BK_and_Griffith_AW__2018__NA,ZOO_STUDY_0185,ZOO_ES_000468,ZOO_STUDY_0185__Menidia_beryllina__Fish_larvae__CO2389.00__T19.00__NC4,ZOO_COMMON_00320,0.17982467659536747,0.005857668052310624,13.065848598917364,2.75
Alter et al. 2024,"Jiang L, Sun YF, Zhang YY, Tian Y, Lei XM, Zhou GW, Yuan T, Yuan XC, Liu S, Huang H",2021,NA,NA,Zooplankton,Meroplankton,Cnidaria,Pocillopora damicornis,T,4,4,516,28.7,553,32.8,Survival,positive,%,Survival,97.53,3.18,94.31,7.42,-0.0336,0.0018,NA,NA,Yes,NA,NA,NA,,37,4.099999999999998,Jiang_L_Sun_YF_Zhang_YY_Tian_Y_Lei_XM_Zhou_GW_Yuan_T_Yuan_XC_Liu_S_Huang_H,NA,Pocillopora_damicornis,Cnidaria,2021,516,28.7,4,Jiang_L_Sun_YF_Zhang_YY_Tian_Y_Lei_XM_Zhou_GW_Yuan_T_Yuan_XC_Liu_S_Huang_H__2021__NA,ZOO_STUDY_0252,ZOO_ES_000508,ZOO_STUDY_0252__Pocillopora_damicornis__Cnidaria__CO2516.00__T28.70__NC4,ZOO_COMMON_00436,-0.03357279442813023,0.0018132832051736796,23.48373551254388,3.5
Alter et al. 2024,"Jiang L, Sun YF, Zhang YY, Tian Y, Lei XM, Zhou GW, Yuan T, Yuan XC, Liu S, Huang H",2021,NA,NA,Zooplankton,Meroplankton,Cnidaria,Pocillopora damicornis,T,4,4,516,28.7,524,31.8,Survival,positive,%,Survival,97.53,3.18,96.41,0,-0.0116,3e-4,NA,NA,Yes,NA,NA,NA,,8,3.1000000000000014,Jiang_L_Sun_YF_Zhang_YY_Tian_Y_Lei_XM_Zhou_GW_Yuan_T_Yuan_XC_Liu_S_Huang_H,NA,Pocillopora_damicornis,Cnidaria,2021,516,28.7,4,Jiang_L_Sun_YF_Zhang_YY_Tian_Y_Lei_XM_Zhou_GW_Yuan_T_Yuan_XC_Liu_S_Huang_H__2021__NA,ZOO_STUDY_0252,ZOO_ES_000512,ZOO_STUDY_0252__Pocillopora_damicornis__Cnidaria__CO2516.00__T28.70__NC4,ZOO_COMMON_00436,-0.011550092307634666,2.65777248010479e-4,61.33962264150942,4.25
Alter et al. 2024,"Jiang L, Sun YF, Zhang YY, Tian Y, Lei XM, Zhou GW, Yuan T, Yuan XC, Liu S, Huang H",2021,NA,NA,Zooplankton,Meroplankton,Cnidaria,Pocillopora damicornis,T,4,4,516,28.7,518,31.2,Survival,positive,%,Survival,97.53,3.18,98.51,1.86,0.01,4e-4,NA,NA,Yes,NA,NA,NA,,2,2.5,Jiang_L_Sun_YF_Zhang_YY_Tian_Y_Lei_XM_Zhou_GW_Yuan_T_Yuan_XC_Liu_S_Huang_H,NA,Pocillopora_damicornis,Cnidaria,2021,516,28.7,4,Jiang_L_Sun_YF_Zhang_YY_Tian_Y_Lei_XM_Zhou_GW_Yuan_T_Yuan_XC_Liu_S_Huang_H__2021__NA,ZOO_STUDY_0252,ZOO_ES_000513,ZOO_STUDY_0252__Pocillopora_damicornis__Cnidaria__CO2516.00__T28.70__NC4,ZOO_COMMON_00436,0.00999804288366409,3.54903421065849e-4,53.081710262755664,4.25
Alter et al. 2024,"Mos B, Dworjanyn SA, Mamo LT, Kelaher BP",2019,NA,NA,Zooplankton,Meroplankton,Echinodermata,Tripneustes gratilla,T,7,7,491,24.4,513,26.8,Survival,positive,%,Survival,20.73,12.22337106,20.46,15.71576279,-0.013,0.134,NA,NA,Yes,NA,NA,NA,,22,2.400000000000002,Mos_B_Dworjanyn_SA_Mamo_LT_Kelaher_BP,NA,Tripneustes_gratilla,Echinodermata,2019,491,24.4,7,Mos_B_Dworjanyn_SA_Mamo_LT_Kelaher_BP__2019__NA,ZOO_STUDY_0357,ZOO_ES_000628,ZOO_STUDY_0357__Tripneustes_gratilla__Echinodermata__CO2491.00__T24.40__NC7,ZOO_COMMON_00623,-0.013110165924207752,0.13395619294490724,2.7322384694552384,2.5
Alter et al. 2024,"Murray CS, Baumann H",2018,NA,NA,Zooplankton,Meroplankton,Fish larvae,Menidia menidia,T,5,10,345,19.7,403,23.9,Survival,positive,%,Survival,96,0.9999696,80,1.280722452,-0.1823,1e-4,NA,NA,Yes,NA,NA,NA,,58,4.199999999999999,Murray_CS_Baumann_H,NA,Menidia_menidia,Fish_larvae,2018,345,19.7,5,Murray_CS_Baumann_H__2018__NA,ZOO_STUDY_0366,ZOO_ES_000642,ZOO_STUDY_0366__Menidia_menidia__Fish_larvae__CO2345.00__T19.70__NC5,ZOO_COMMON_00634,-0.1823215567939546,4.732897569976395e-5,145.35716607266613,4.25
Alter et al. 2024,"Murray CS, Baumann H",2018,NA,NA,Zooplankton,Meroplankton,Fish larvae,Menidia menidia,T,5,10,345,19.7,353,28.2,Survival,positive,%,Survival,96,0.9999696,63,2.785650391,-0.4212,2e-4,NA,NA,Yes,NA,NA,NA,,8,8.5,Murray_CS_Baumann_H,NA,Menidia_menidia,Fish_larvae,2018,345,19.7,5,Murray_CS_Baumann_H__2018__NA,ZOO_STUDY_0366,ZOO_ES_000644,ZOO_STUDY_0366__Menidia_menidia__Fish_larvae__CO2345.00__T19.70__NC5,ZOO_COMMON_00634,-0.42121346507630353,2.1721148546042975e-4,67.85136783887317,4.25
Alter et al. 2024,"Murray CS, Baumann H",2018,NA,NA,Zooplankton,Meroplankton,Fish larvae,Menidia menidia,T,5,10,345,19.7,403,23.9,Survival,positive,%,Survival,82,1.999939199,58,2.561128677,-0.3463,3e-4,NA,NA,Yes,NA,NA,NA,,58,4.199999999999999,Murray_CS_Baumann_H,NA,Menidia_menidia,Fish_larvae,2018,345,19.7,5,Murray_CS_Baumann_H__2018__NA,ZOO_STUDY_0366,ZOO_ES_000648,ZOO_STUDY_0366__Menidia_menidia__Fish_larvae__CO2345.00__T19.70__NC5,ZOO_COMMON_00634,-0.3462762367178338,3.1395708356608343e-4,56.43712174539899,4.25
Alter et al. 2024,"Murray CS, Baumann H",2018,NA,NA,Zooplankton,Meroplankton,Fish larvae,Menidia menidia,T,5,10,345,19.7,353,28.2,Survival,positive,%,Survival,82,1.999939199,22.5,7.13852559,-1.2932,0.0102,NA,NA,Yes,NA,NA,NA,,8,8.5,Murray_CS_Baumann_H,NA,Menidia_menidia,Fish_larvae,2018,345,19.7,5,Murray_CS_Baumann_H__2018__NA,ZOO_STUDY_0366,ZOO_ES_000652,ZOO_STUDY_0366__Menidia_menidia__Fish_larvae__CO2345.00__T19.70__NC5,ZOO_COMMON_00634,-1.2932039380538787,0.010184855511223905,9.908834251953603,2.75
Alter et al. 2024,"Pansch C, Nasrolahi A, Appelhans YS, Wahl M",2012,NA,NA,Zooplankton,Meroplankton,Arthropoda,Amphibalanus improvisus,T,6,6,414,19.6,378,26.9,Survival,positive,%,Survival,54.22,13.76613235,19.88,12.78633646,-1.003,0.0797,NA,NA,Yes,NA,NA,NA,,-36,7.299999999999997,Pansch_C_Nasrolahi_A_Appelhans_YS_Wahl_M,NA,Amphibalanus_improvisus,Arthropoda,2012,414,19.6,6,Pansch_C_Nasrolahi_A_Appelhans_YS_Wahl_M__2012__NA,ZOO_STUDY_0394,ZOO_ES_000699,ZOO_STUDY_0394__Amphibalanus_improvisus__Arthropoda__CO2414.00__T19.60__NC6,ZOO_COMMON_00680,-1.0033356428420916,0.07968956175555607,3.542413716002452,2.5
Alter et al. 2024,"Pardo, Costa",2021,NA,NA,Zooplankton,Meroplankton,Arthropoda,Leptuca thayeri,T,3,3,8271,26.1,10190,29.9,Survival,positive,%,Survival,93.84,7.395856948,75.11848341,25.85951856,-0.223,0.0416,NA,NA,Yes,NA,NA,NA,,1919,3.799999999999997,Pardo_Costa,NA,Leptuca_thayeri,Arthropoda,2021,8271,26.1,3,Pardo_Costa__2021__NA,ZOO_STUDY_0396,ZOO_ES_000707,ZOO_STUDY_0396__Leptuca_thayeri__Arthropoda__CO28271.00__T26.10__NC3,ZOO_COMMON_00683,-0.2225245585467747,0.04157314990524873,4.904486397445141,2
Alter et al. 2024,"Pimentel MS, Faleiro F, Dionísio G, Repolho T, Pousão P, Machado J, Rosa R",2014,NA,NA,Zooplankton,Meroplankton,Fish larvae,Solea senegalensis,T,3,3,400,18.2,425,22,larval survival,positive,%,Survival,45.5993,0.03273576,38.764,0.028059223,-0.1624,1e-4,NA,NA,Yes,NA,NA,NA,,25,3.8000000000000007,Pimentel_MS_Faleiro_F_Dion_sio_G_Repolho_T_Pous_o_P_Machado_J_Rosa_R,NA,Solea_senegalensis,Fish_larvae,2014,400,18.2,3,Pimentel_MS_Faleiro_F_Dion_sio_G_Repolho_T_Pous_o_P_Machado_J_Rosa_R__2014__NA,ZOO_STUDY_0419,ZOO_ES_000797,ZOO_STUDY_0419__Solea_senegalensis__Fish_larvae__CO2400.00__T18.20__NC3,ZOO_COMMON_00720,-0.16240038465301784,3.464454223399449e-7,1698.9577792390185,2.5
Alter et al. 2024,"Pope EC, Ellis RP, Scolamacchia M, Scolding JWS, Keay A, Chingombe P, Shields RJ, Wilcox R, Speirs DC, Wilson RW, Lewis C, Flynn KJ",2014,NA,NA,Zooplankton,Meroplankton,Fish larvae,Dicentrarchus labrax,T,3,3,598.3299999999999,17,586,18.9,daily mortality rate,negative,n*d-1,Survival,0.0656,0.019225764,0.0204,0.004849742,1.1701,0.0469,NA,NA,Yes,NA,NA,NA,,-12.329999999999927,1.8999999999999986,Pope_EC_Ellis_RP_Scolamacchia_M_Scolding_JWS_Keay_A_Chingombe_P_Shields_RJ_Wilcox_R_Speirs_DC_Wilson_RW_Lewis_C_Flynn_KJ,NA,Dicentrarchus_labrax,Fish_larvae,2014,598.3299999999999,17,3,Pope_EC_Ellis_RP_Scolamacchia_M_Scolding_JWS_Keay_A_Chingombe_P_Shields_RJ_Wilcox_R_Speirs_DC_Wilson_RW_Lewis_C_Flynn_KJ__2014__NA,ZOO_STUDY_0423,ZOO_ES_000847,ZOO_STUDY_0423__Dicentrarchus_labrax__Fish_larvae__CO2598.33__T17.00__NC3,ZOO_COMMON_00731,-1.1680407950998726,0.047470022341328216,4.589763225525196,2
Alter et al. 2024,"Putnam HM, Mayfield AB, Fan TY, Chen CS, Gates RD",2013,NA,NA,Zooplankton,Meroplankton,Cnidaria,Pocillopora damicornis ,T,4,4,420,25.3,413,29,Survival,positive,%,Survival,87.18,3.3,73.88,1.56,-0.166,5e-4,NA,NA,Yes,NA,NA,NA,,-7,3.6999999999999993,Putnam_HM_Mayfield_AB_Fan_TY_Chen_CS_Gates_RD,NA,Pocillopora_damicornis,Cnidaria,2013,420,25.3,4,Putnam_HM_Mayfield_AB_Fan_TY_Chen_CS_Gates_RD__2013__NA,ZOO_STUDY_0427,ZOO_ES_000868,ZOO_STUDY_0427__Pocillopora_damicornis__Cnidaria__CO2420.00__T25.30__NC4,ZOO_COMMON_00737,-0.16553279147920746,4.69671282025469e-4,46.14269932453188,4.25
Alter et al. 2024,"Rosa R, Trübenbach K, Pimentel MS, Boavida-Portugal J, Faleiro F, Baptista M, Dionisio G, Calado R, Pörtner HO, Repolho T",2014,NA,NA,Zooplankton,Meroplankton,Mollusca,Loligo vulgaris,T,45,45,433,13.2,440,15.1,Survival,positive,%,Survival,96.29,0.939148551,93.06,0.670820393,-0.034,1e-4,NA,NA,Yes,NA,NA,NA,,7,1.9000000000000004,Rosa_R_Tr_benbach_K_Pimentel_MS_Boavida_Portugal_J_Faleiro_F_Baptista_M_Dionisio_G_Calado_R_P_rtner_HO_Repolho_T,NA,Loligo_vulgaris,Mollusca,2014,433,13.2,45,Rosa_R_Tr_benbach_K_Pimentel_MS_Boavida_Portugal_J_Faleiro_F_Baptista_M_Dionisio_G_Calado_R_P_rtner_HO_Repolho_T__2014__NA,ZOO_STUDY_0441,ZOO_ES_000918,ZOO_STUDY_0441__Loligo_vulgaris__Mollusca__CO2433.00__T13.20__NC45,ZOO_COMMON_00759,-0.034120024835690155,3.2686576670365825e-6,553.1148019032253,4.25
Alter et al. 2024,"Small DP, Calosi P, Boothroyd D, Widdicombe S, Spicer J",2015,NA,NA,Zooplankton,Meroplankton,Arthropoda,Homarus americanus,T,6,6,454,17.2,426,21.3,Survival,positive,%,Survival,7.77,4.066152973,19.51,12.17396402,0.921,0.1105,NA,NA,Yes,NA,NA,NA,,-28,4.100000000000001,Small_DP_Calosi_P_Boothroyd_D_Widdicombe_S_Spicer_J,NA,Homarus_americanus,Arthropoda,2015,454,17.2,6,Small_DP_Calosi_P_Boothroyd_D_Widdicombe_S_Spicer_J__2015__NA,ZOO_STUDY_0472,ZOO_ES_000956,ZOO_STUDY_0472__Homarus_americanus__Arthropoda__CO2454.00__T17.20__NC6,ZOO_COMMON_00818,0.9206569902554639,0.11053605320503779,3.0077935465620698,2.5
Alter et al. 2024,"Watson SA, Bridie J. M. Allan, David E. McQueen, Simon Nicol, Darren M. Parsons, Stephen M. J. Pether, Stephen Pope, Alvin N. Setiawan, Neville Smith, Carly Wilson, Philip L. Munday",2018,NA,NA,Zooplankton,Meroplankton,Fish larvae,Seriola lalandi,T,5,5,462,21.1,538,24.8,Survival at 1 dph,positive,%,Survival,79.4,11.85116028,72.4,5.813776741,-0.0923,0.0057,NA,NA,Yes,NA,NA,NA,,76,3.6999999999999993,Watson_SA_Bridie_J_M_Allan_David_E_McQueen_Simon_Nicol_Darren_M_Parsons_Stephen_M_J_Pether_Stephen_Pope_Alvin_N_Setiawan_Neville_Smith_Carly_Wilson_Philip_L_Munday,NA,Seriola_lalandi,Fish_larvae,2018,462,21.1,5,Watson_SA_Bridie_J_M_Allan_David_E_McQueen_Simon_Nicol_Darren_M_Parsons_Stephen_M_J_Pether_Stephen_Pope_Alvin_N_Setiawan_Neville_Smith_Carly_Wilson_Philip_L_Munday__2018__NA,ZOO_STUDY_0538,ZOO_ES_001062,ZOO_STUDY_0538__Seriola_lalandi__Fish_larvae__CO2462.00__T21.10__NC5,ZOO_COMMON_00941,-0.09229206886141934,0.00574528974090724,13.193014272007684,3.5
Alter et al. 2024,"Watson SA, Bridie J. M. Allan, David E. McQueen, Simon Nicol, Darren M. Parsons, Stephen M. J. Pether, Stephen Pope, Alvin N. Setiawan, Neville Smith, Carly Wilson, Philip L. Munday",2018,NA,NA,Zooplankton,Meroplankton,Fish larvae,Seriola lalandi,T,5,5,462,21.1,538,24.8,Survival from 1 to 25 dph,positive,%,Survival,2.5,1.341640786,1.2,0.447213595,-0.734,0.0854,NA,NA,Yes,NA,NA,NA,,76,3.6999999999999993,Watson_SA_Bridie_J_M_Allan_David_E_McQueen_Simon_Nicol_Darren_M_Parsons_Stephen_M_J_Pether_Stephen_Pope_Alvin_N_Setiawan_Neville_Smith_Carly_Wilson_Philip_L_Munday,NA,Seriola_lalandi,Fish_larvae,2018,462,21.1,5,Watson_SA_Bridie_J_M_Allan_David_E_McQueen_Simon_Nicol_Darren_M_Parsons_Stephen_M_J_Pether_Stephen_Pope_Alvin_N_Setiawan_Neville_Smith_Carly_Wilson_Philip_L_Munday__2018__NA,ZOO_STUDY_0538,ZOO_ES_001066,ZOO_STUDY_0538__Seriola_lalandi__Fish_larvae__CO2462.00__T21.10__NC5,ZOO_COMMON_00941,-0.7339691750802004,0.08537777767274833,3.4223748590771224,2.5
Lang et al. 2023,Suckling et al. 2015,2015,NA,NA,Zooplankton,Meroplankton,Echinoderm,Sterechinus neumayeri,T,8,8,NA,-0.3,NA,1.8,Survival (%),positive,NA,Survival,21.21,3.45,92.17,23.96,1.4692,0.0117533,NA,NA,Yes,NA,NA,NA,,NA,2.1,Suckling_et_al_2015,NA,Sterechinus_neumayeri,Echinoderm,2015,NA,-0.3,8,Suckling_et_al_2015__2015__NA,ZOO_STUDY_0485,ZOO_ES_001173,ZOO_STUDY_0485__Sterechinus_neumayeri__Echinoderm__CO2NA__T-0.30__NC8,ZOO_COMMON_00834,1.4691619294289817,0.011754287130494692,9.223629557000509,2.75
Leung et al. 2022,"García et al., 2018. Mar Environ Res",NA,NA,NA,Zooplankton,Meroplankton,Urchin larvae,Sphaerechinus granularis,T,3,3,489,19,466.8,21,Larval density,ambiguous,NA,Survival,3.5,9.5,15,9.5,1.455287232606842,0.0276,NA,NA,Yes,NA,NA,NA,,-22.19999999999999,2,Garc_a_et_al_2018_Mar_Environ_Res,NA,Sphaerechinus_granularis,Urchin_larvae,NA,489,19,3,Garc_a_et_al_2018_Mar_Environ_Res__NA__NA,ZOO_STUDY_0165,ZOO_ES_001174,ZOO_STUDY_0165__Sphaerechinus_granularis__Urchin_larvae__CO2489.00__T19.00__NC3,ZOO_COMMON_00285,1.455287232606842,2.589486016628874,0.621431430338941,2.5
Hamraj et al. 2021,Chinnery and Williams 2004,2004,NA,https://link.springer.com/article/10.1007/s00227-004-1354-2,Zooplankton,Holoplankton,Calanoid copepod,Acartia discaudata,T,3,3,NA,5,NA,10,Survival,ambiguous,NA,Survival,11.9,4.13,43.3,31.8,1.291614235,0.21993649,NA,not sure which specific metric was looked into,Yes,NA,NA,NA,,NA,5,Chinnery_and_Williams_2004,NA,Acartia_discaudata,Calanoid_copepod,2004,NA,5,3,Chinnery_and_Williams_2004__2004__NA,ZOO_STUDY_0085,ZOO_ES_001175,ZOO_STUDY_0085__Acartia_discaudata__Calanoid_copepod__CO2NA__T5.00__NC3,ZOO_COMMON_00133,1.2916142348909603,0.21993648980732516,2.132314966986627,2.5
Hamraj et al. 2021,Chinnery and Williams 2004,2004,NA,https://link.springer.com/article/10.1007/s00227-004-1354-2,Zooplankton,Holoplankton,Calanoid copepod,Acartia clausi,T,3,3,NA,5,NA,10,Survival,ambiguous,NA,Survival,20,0.01,59.6,13.6,1.091923301,0.0174,NA,not sure which specific metric was looked into,Yes,NA,NA,NA,,NA,5,Chinnery_and_Williams_2004,NA,Acartia_clausi,Calanoid_copepod,2004,NA,5,3,Chinnery_and_Williams_2004__2004__NA,ZOO_STUDY_0085,ZOO_ES_001177,ZOO_STUDY_0085__Acartia_clausi__Calanoid_copepod__CO2NA__T5.00__NC3,ZOO_COMMON_00132,1.091923300517313,0.017356658862964128,7.590439729022633,2.75
Hu et al. 2024,Davis A R et al,2013,Complex Responses of Intertidal Molluscan Embryos to a Warming and Acidifying Ocean in the Presence of UV Radiation,https://journals.plos.org/plosone/article?id=10.1371%2Fjournal.pone.0055939#s5,Zooplankton,Meroplankton,Mollusca,Dolabrifera brazieri,T,6,6,NA,22,NA,26,mortality,negative,NA,Survival,47.342,81.832,43.02,32.14,0.547270514,0.163334223,Fig 1b,"for ei and vei, I used yi and vi from the source database, but there are also the main_effect and variance columns (which probably are the pooled or estimated version of lnrr); hence, the values I pasted here reflect more of the raw values I think",Yes,NA,NA,NA,,NA,4,Davis_A_R_et_al,Complex_Responses_of_Intertidal_Molluscan_Embryos_to_a_Warming_and_Acidifying_Ocean_in_the_Presence_of_UV_Radiation,Dolabrifera_brazieri,Mollusca,2013,NA,22,6,Davis_A_R_et_al__2013__Complex_Responses_of_Intertidal_Molluscan_Embryos_to_a_Warming_and_Acidifying_Ocean_in_the_Presence_of_UV_Radiation,ZOO_STUDY_0111,ZOO_ES_001318,ZOO_STUDY_0111__Dolabrifera_brazieri__Mollusca__CO2NA__T22.00__NC6,ZOO_COMMON_00193,-0.095732726924615,0.5909935090150382,1.3007943578362136,2.5
Hamraj et al. 2021,Chinnery and Williams 2004,2004,NA,https://link.springer.com/article/10.1007/s00227-004-1354-2,Zooplankton,Holoplankton,Calanoid copepod,Acartia bifilosa,T,3,3,NA,5,NA,10,Survival,ambiguous,NA,Survival,42.8,29.5,70.9,5.24,0.504732331,0.160177005,NA,not sure which specific metric was looked into,Yes,NA,NA,NA,,NA,5,Chinnery_and_Williams_2004,NA,Acartia_bifilosa,Calanoid_copepod,2004,NA,5,3,Chinnery_and_Williams_2004__2004__NA,ZOO_STUDY_0085,ZOO_ES_001324,ZOO_STUDY_0085__Acartia_bifilosa__Calanoid_copepod__CO2NA__T5.00__NC3,ZOO_COMMON_00131,0.5047323309503309,0.16017700493815676,2.49861829523018,2.5
Leung et al. 2022,"García et al., 2018. Mar Environ Res",NA,NA,NA,Zooplankton,Meroplankton,Urchin larvae,Diadema africanum,T,3,3,456.4,19,580.6,25,Larval density,ambiguous,NA,Survival,11.5,5.5,17.5,5,0.41985384556026406,3.1e-5,NA,NA,Yes,NA,NA,NA,,124.20000000000005,6,Garc_a_et_al_2018_Mar_Environ_Res,NA,Diadema_africanum,Urchin_larvae,NA,456.4,19,3,Garc_a_et_al_2018_Mar_Environ_Res__NA__NA,ZOO_STUDY_0165,ZOO_ES_001416,ZOO_STUDY_0165__Diadema_africanum__Urchin_larvae__CO2456.40__T19.00__NC3,ZOO_COMMON_00281,0.41985384556026406,0.10345537080616746,3.109019737638254,2.5
Leung et al. 2022,"Marques et al., 2020. Environ Pollut",NA,NA,NA,Zooplankton,Holoplankton,Foraminifer,Amphistegina gibbosa,T,5,5,333.2,26.9,331.5,28.2,Bleaching frequency,ambiguous,NA,Survival,7.7,4.3421052631578885,11,4.391447368421041,0.3566749439387324,0.00963,NA,NA,Yes,NA,NA,NA,,-1.6999999999999886,1.3000000000000007,Marques_et_al_2020_Environ_Pollut,NA,Amphistegina_gibbosa,Foraminifer,NA,333.2,26.9,5,Marques_et_al_2020_Environ_Pollut__NA__NA,ZOO_STUDY_0334,ZOO_ES_001424,ZOO_STUDY_0334__Amphistegina_gibbosa__Foraminifer__CO2333.20__T26.90__NC5,ZOO_COMMON_00586,0.3566749439387324,0.09547456573200658,3.23635500217966,2.5
Leung et al. 2022,"García et al., 2018. Mar Environ Res",NA,NA,NA,Zooplankton,Meroplankton,Urchin larvae,Arbacia lixula,T,3,3,394.4,19,540.6,23,Larval density,ambiguous,NA,Survival,240,10,342,6,0.3541718137206139,0.00274,NA,NA,Yes,NA,NA,NA,,146.20000000000005,4,Garc_a_et_al_2018_Mar_Environ_Res,NA,Arbacia_lixula,Urchin_larvae,NA,394.4,19,3,Garc_a_et_al_2018_Mar_Environ_Res__NA__NA,ZOO_STUDY_0165,ZOO_ES_001425,ZOO_STUDY_0165__Arbacia_lixula__Urchin_larvae__CO2394.40__T19.00__NC3,ZOO_COMMON_00279,0.3541718137206139,6.812993741664101e-4,38.31166309900635,4.25
Leung et al. 2022,"García et al., 2018. Mar Environ Res",NA,NA,NA,Zooplankton,Meroplankton,Urchin larvae,Diadema africanum,T,3,3,456.4,19,511.8,21,Larval density,ambiguous,NA,Survival,11.5,5.5,15.5,5,0.29849298855599654,0.034,NA,NA,Yes,NA,NA,NA,,55.400000000000034,2,Garc_a_et_al_2018_Mar_Environ_Res,NA,Diadema_africanum,Urchin_larvae,NA,456.4,19,3,Garc_a_et_al_2018_Mar_Environ_Res__NA__NA,ZOO_STUDY_0165,ZOO_ES_001428,ZOO_STUDY_0165__Diadema_africanum__Urchin_larvae__CO2456.40__T19.00__NC3,ZOO_COMMON_00281,0.29849298855599654,0.11093057732998406,3.0024401800589664,2.5
Leung et al. 2022,"García et al., 2018. Mar Environ Res",NA,NA,NA,Zooplankton,Meroplankton,Urchin larvae,Arbacia lixula,T,3,3,394.4,19,560.6,25,Larval density,ambiguous,NA,Survival,240,10,308,5,0.24946085963158324,7.789115646,NA,NA,Yes,NA,NA,NA,,166.20000000000005,6,Garc_a_et_al_2018_Mar_Environ_Res,NA,Arbacia_lixula,Urchin_larvae,NA,394.4,19,3,Garc_a_et_al_2018_Mar_Environ_Res__NA__NA,ZOO_STUDY_0165,ZOO_ES_001439,ZOO_STUDY_0165__Arbacia_lixula__Urchin_larvae__CO2394.40__T19.00__NC3,ZOO_COMMON_00279,0.24946085963158324,6.665487590812266e-4,38.73325882230232,4.25
Leung et al. 2022,"García et al., 2018. Mar Environ Res",NA,NA,NA,Zooplankton,Meroplankton,Urchin larvae,Arbacia lixula,T,3,3,394.4,19,448.2,21,Larval density,ambiguous,NA,Survival,240,10,302,8,0.2297880940328783,0.15957782,NA,NA,Yes,NA,NA,NA,,53.80000000000001,2,Garc_a_et_al_2018_Mar_Environ_Res,NA,Arbacia_lixula,Urchin_larvae,NA,394.4,19,3,Garc_a_et_al_2018_Mar_Environ_Res__NA__NA,ZOO_STUDY_0165,ZOO_ES_001501,ZOO_STUDY_0165__Arbacia_lixula__Urchin_larvae__CO2394.40__T19.00__NC3,ZOO_COMMON_00279,0.2297880940328783,8.126115732415894e-4,35.07991225217898,3.5
Hamraj et al. 2021,"Rhyne et al., 2009",2009,NA,https://www.sciencedirect.com/science/article/pii/S0044848609002725,Zooplankton,Holoplankton,Calanoid copepod,Pseudodiaptomus pelagicus,T,6,6,NA,24,NA,28,Survival,ambiguous,NA,Survival,81.3,22.7,100,9,0.207024169,0.0143,NA,not sure which specific metric was looked into,Yes,NA,NA,NA,,NA,4,Rhyne_et_al_2009,NA,Pseudodiaptomus_pelagicus,Calanoid_copepod,2009,NA,24,6,Rhyne_et_al_2009__2009__NA,ZOO_STUDY_0435,ZOO_ES_001521,ZOO_STUDY_0435__Pseudodiaptomus_pelagicus__Calanoid_copepod__CO2NA__T24.00__NC6,ZOO_COMMON_00747,0.20702416943432644,0.014343297214644963,8.349789003297055,2.75
Hu et al. 2024,Davis A R et al,2013,Complex Responses of Intertidal Molluscan Embryos to a Warming and Acidifying Ocean in the Presence of UV Radiation,https://journals.plos.org/plosone/article?id=10.1371%2Fjournal.pone.0055939#s5,Zooplankton,Meroplankton,Mollusca,Bembicium nanum,T,8,8,NA,22,NA,26,mortality,negative,NA,Survival,76.845,92.187,22.95,4.124,0.182028717,0.0114,Fig 1a,"for ei and vei, I used yi and vi from the source database, but there are also the main_effect and variance columns (which probably are the pooled or estimated version of lnrr); hence, the values I pasted here reflect more of the raw values I think",Yes,NA,NA,NA,,NA,4,Davis_A_R_et_al,Complex_Responses_of_Intertidal_Molluscan_Embryos_to_a_Warming_and_Acidifying_Ocean_in_the_Presence_of_UV_Radiation,Bembicium_nanum,Mollusca,2013,NA,22,8,Davis_A_R_et_al__2013__Complex_Responses_of_Intertidal_Molluscan_Embryos_to_a_Warming_and_Acidifying_Ocean_in_the_Presence_of_UV_Radiation,ZOO_STUDY_0111,ZOO_ES_001633,ZOO_STUDY_0111__Bembicium_nanum__Mollusca__CO2NA__T22.00__NC8,ZOO_COMMON_00192,-1.2084724695527211,0.18393089458210155,2.33169992339907,2.5
Hamraj et al. 2021,"Anzueto-Sanchez et al., 2014",2014,NA,https://www.researchgate.net/publication/353413415_Grazing_by_the_Copepod_Parvocalanus_crassirostris_on_Picochlorum_sp_at_Harmful_Bloom_Densities_and_the_Role_of_Particle_Size,Zooplankton,Holoplankton,Calanoid copepod,Pseudodiaptomus euryhalinus,T,3,3,NA,19.4,NA,24.2,Survival,ambiguous,NA,Survival,67,13.9,80.2,11.4,0.179830895,0.0211,NA,not sure which specific metric was looked into,Yes,NA,NA,NA,,NA,4.800000000000001,Anzueto_Sanchez_et_al_2014,NA,Pseudodiaptomus_euryhalinus,Calanoid_copepod,2014,NA,19.4,3,Anzueto_Sanchez_et_al_2014__2014__NA,ZOO_STUDY_0023,ZOO_ES_001634,ZOO_STUDY_0023__Pseudodiaptomus_euryhalinus__Calanoid_copepod__CO2NA__T19.40__NC3,ZOO_COMMON_00032,0.17983089548150277,0.02108195484822216,6.887229587991168,2
Hamraj et al. 2021,"Beyrend-Dur et al., 2011",2011,NA,https://ui.adsabs.harvard.edu/abs/2011JEMBE.404....1B/abstract,Zooplankton,Holoplankton,Calanoid copepod,Pseudodiaptomus annandalei,T,3,3,NA,18,NA,25,Survival,ambiguous,NA,Survival,0.037612516,0.059968449,0.040927857,0.04755424,0.0845,1.297350659,NA,not sure which specific metric was looked into,Yes,NA,NA,NA,,NA,7,Beyrend_Dur_et_al_2011,NA,Pseudodiaptomus_annandalei,Calanoid_copepod,2011,NA,18,3,Beyrend_Dur_et_al_2011__2011__NA,ZOO_STUDY_0039,ZOO_ES_001673,ZOO_STUDY_0039__Pseudodiaptomus_annandalei__Calanoid_copepod__CO2NA__T18.00__NC3,ZOO_COMMON_00057,0.08447406410318138,1.2973506590958237,0.8779530898112361,2.5
Hamraj et al. 2021,"Anzueto-Sanchez et al., 2014",2004,NA,https://www.researchgate.net/publication/353413415_Grazing_by_the_Copepod_Parvocalanus_crassirostris_on_Picochlorum_sp_at_Harmful_Bloom_Densities_and_the_Role_of_Particle_Size,Zooplankton,Holoplankton,Calanoid copepod,Pseudodiaptomus euryhalinus,T,3,3,NA,19.4,NA,21.9,Survival,ambiguous,NA,Survival,67,13.9,71.3,11.6,0.0622,0.0232,NA,not sure which specific metric was looked into,Yes,NA,NA,NA,,NA,2.5,Anzueto_Sanchez_et_al_2014,NA,Pseudodiaptomus_euryhalinus,Calanoid_copepod,2004,NA,19.4,3,Anzueto_Sanchez_et_al_2014__2004__NA,ZOO_STUDY_0022,ZOO_ES_001677,ZOO_STUDY_0022__Pseudodiaptomus_euryhalinus__Calanoid_copepod__CO2NA__T19.40__NC3,ZOO_COMMON_00031,0.06220370802928414,0.023169909607748992,6.569583399045671,2
Hamraj et al. 2021,"Rhyne et al., 2009",2009,NA,https://www.sciencedirect.com/science/article/pii/S0044848609002725,Zooplankton,Holoplankton,Calanoid copepod,Pseudodiaptomus pelagicus,T,6,6,NA,24,NA,26,Survival,ambiguous,NA,Survival,81.3,22.7,86.3,24.6,0.0597,0.0265,NA,not sure which specific metric was looked into,Yes,NA,NA,NA,,NA,2,Rhyne_et_al_2009,NA,Pseudodiaptomus_pelagicus,Calanoid_copepod,2009,NA,24,6,Rhyne_et_al_2009__2009__NA,ZOO_STUDY_0435,ZOO_ES_001678,ZOO_STUDY_0435__Pseudodiaptomus_pelagicus__Calanoid_copepod__CO2NA__T24.00__NC6,ZOO_COMMON_00747,0.059683581535617404,0.026535751317863544,6.138811609231209,2
Hamraj et al. 2021,"Hammock et al., 2015",2015,NA,https://www.researchgate.net/publication/277588464_Low_Food_Availability_Narrows_the_Tolerance_of_the_Copepod_Eurytemora_affinis_to_Salinity_but_Not_to_Temperature,Zooplankton,Holoplankton,Calanoid copepod,Eurytemora affinis,T,6,4,NA,20,NA,25,Survival,ambiguous,NA,Survival,0.815553107,0.116574893,0.862845575,0.129719767,0.0564,0.00906,NA,not sure which specific metric was looked into,Yes,NA,NA,NA,,NA,5,Hammock_et_al_2015,NA,Eurytemora_affinis,Calanoid_copepod,2015,NA,20,6,Hammock_et_al_2015__2015__NA,ZOO_STUDY_0207,ZOO_ES_001679,ZOO_STUDY_0207__Eurytemora_affinis__Calanoid_copepod__CO2NA__T20.00__NC6,ZOO_COMMON_00371,0.05636919337496768,0.009055782454111773,10.508410011541752,2.75
Hamraj et al. 2021,"Hammock et al., 2015",2015,NA,https://www.researchgate.net/publication/277588464_Low_Food_Availability_Narrows_the_Tolerance_of_the_Copepod_Eurytemora_affinis_to_Salinity_but_Not_to_Temperature,Zooplankton,Holoplankton,Calanoid copepod,Eurytemora affinis,T,6,3,NA,20,NA,30,Survival,ambiguous,NA,Survival,0.815553107,0.116574893,0.862463723,0.059242676,0.0559,0.00498,NA,not sure which specific metric was looked into,Yes,NA,NA,NA,,NA,10,Hammock_et_al_2015,NA,Eurytemora_affinis,Calanoid_copepod,2015,NA,20,6,Hammock_et_al_2015__2015__NA,ZOO_STUDY_0207,ZOO_ES_001680,ZOO_STUDY_0207__Eurytemora_affinis__Calanoid_copepod__CO2NA__T20.00__NC6,ZOO_COMMON_00371,0.05592654577934218,0.004978065912160886,14.173257540373857,3.5
Leung et al. 2022,"García et al., 2018. Mar Environ Res",NA,NA,NA,Zooplankton,Meroplankton,Urchin larvae,Paracentrotus lividus,T,3,3,899.1,19,863.1,21,Larval density,ambiguous,NA,Survival,240,9,251,5,0.04481401578979264,0.00183,NA,NA,Yes,NA,NA,NA,,-36,2,Garc_a_et_al_2018_Mar_Environ_Res,NA,Paracentrotus_lividus,Urchin_larvae,NA,899.1,19,3,Garc_a_et_al_2018_Mar_Environ_Res__NA__NA,ZOO_STUDY_0165,ZOO_ES_001688,ZOO_STUDY_0165__Paracentrotus_lividus__Urchin_larvae__CO2899.10__T19.00__NC3,ZOO_COMMON_00283,0.04481401578979264,6.010230327031846e-4,40.790069211288895,4.25
Lang et al. 2023,Balogh and Byrne 2020,2020,NA,NA,Zooplankton,Meroplankton,Echinoderm,Parvulastra exigua,T,6,6,NA,18,NA,20,Survival day 10 (%),positive,NA,Survival,96.07,4.83,99.39,7.01,0.034,0.0012485,NA,NA,Yes,NA,NA,NA,,NA,2,Balogh_and_Byrne_2020,NA,Parvulastra_exigua,Echinoderm,2020,NA,18,6,Balogh_and_Byrne_2020__2020__NA,ZOO_STUDY_0028,ZOO_ES_001717,ZOO_STUDY_0028__Parvulastra_exigua__Echinoderm__CO2NA__T18.00__NC6,ZOO_COMMON_00042,0.03397441255826705,0.001250362351674685,28.280172597310525,3.5
Hamraj et al. 2021,"Kang et al., 2016",2016,NA,https://www.kci.go.kr/kciportal/landing/article.kci?arti_id=ART002174853,Zooplankton,Holoplankton,Calanoid copepod,Calanus sinicus,T,8,8,NA,8,NA,12,Survival,ambiguous,NA,Survival,95.54435367,8.508063,97.96370667,6.391130667,0.025,0.00152,NA,not sure which specific metric was looked into,Yes,NA,NA,NA,,NA,4,Kang_et_al_2016,NA,Calanus_sinicus,Calanoid_copepod,2016,NA,8,8,Kang_et_al_2016__2016__NA,ZOO_STUDY_0257,ZOO_ES_001721,ZOO_STUDY_0257__Calanus_sinicus__Calanoid_copepod__CO2NA__T8.00__NC8,ZOO_COMMON_00442,0.025006493971109888,0.0015232287480741015,25.622260138460266,3.5
Hamraj et al. 2021,"Grenvald et al., 2012",2012,NA,https://www.researchgate.net/publication/234092642_Effects_of_a_future_warmer_ocean_on_the_coexisting_copepods_Calanus_finmarchicus_and_C-glacialis_in_Disko_Bay_western_Greenland,Zooplankton,Holoplankton,Calanoid copepod,Calanus finmarchicus,T,5,5,NA,0,NA,5,Survival,ambiguous,NA,Survival,95,5,97,3,0.0208,7.45e-4,NA,not sure which specific metric was looked into,Yes,NA,NA,NA,,NA,5,Grenvald_et_al_2012,NA,Calanus_finmarchicus,Calanoid_copepod,2012,NA,0,5,Grenvald_et_al_2012__2012__NA,ZOO_STUDY_0194,ZOO_ES_001723,ZOO_STUDY_0194__Calanus_finmarchicus__Calanoid_copepod__CO2NA__T0.00__NC5,ZOO_COMMON_00343,0.020834086902842053,7.453228166937473e-4,36.62923020770571,4.25
Hamraj et al. 2021,"Han et al., 2018",2018,NA,https://repository.kopri.re.kr/handle/201206/10852,Zooplankton,Holoplankton,Non-calanoid copepod,Tigriopus japonicus,T,10,10,NA,20,NA,22,Survival,ambiguous,NA,Survival,98.51486111,8.157205904,99.97069,0.092686358,0.0147,6.86e-4,NA,not sure which specific metric was looked into,Yes,NA,NA,NA,,NA,2,Han_et_al_2018,NA,Tigriopus_japonicus,Non_calanoid_copepod,2018,NA,20,10,Han_et_al_2018__2018__NA,ZOO_STUDY_0208,ZOO_ES_001728,ZOO_STUDY_0208__Tigriopus_japonicus__Non_calanoid_copepod__CO2NA__T20.00__NC10,ZOO_COMMON_00372,0.01466963201501961,6.856994431157802e-4,38.18854409776365,4.25
Hamraj et al. 2021,"Han et al., 2018",2018,NA,https://repository.kopri.re.kr/handle/201206/10852,Zooplankton,Holoplankton,Non-calanoid copepod,Tigriopus japonicus,T,10,10,NA,20,NA,24,Survival,ambiguous,NA,Survival,98.51486111,8.157205904,99.92087,0.250231031,0.0142,6.86e-4,NA,not sure which specific metric was looked into,Yes,NA,NA,NA,,NA,4,Han_et_al_2018,NA,Tigriopus_japonicus,Non_calanoid_copepod,2018,NA,20,10,Han_et_al_2018__2018__NA,ZOO_STUDY_0208,ZOO_ES_001730,ZOO_STUDY_0208__Tigriopus_japonicus__Non_calanoid_copepod__CO2NA__T20.00__NC10,ZOO_COMMON_00372,0.01417116173411758,6.862406329451987e-4,38.17348281533306,4.25
Hamraj et al. 2021,"Han et al., 2018",2018,NA,https://repository.kopri.re.kr/handle/201206/10852,Zooplankton,Holoplankton,Non-calanoid copepod,Tigriopus japonicus,T,10,10,NA,20,NA,26,Survival,ambiguous,NA,Survival,98.51486111,8.157205904,99.86518,0.426338274,0.0136,6.87e-4,NA,not sure which specific metric was looked into,Yes,NA,NA,NA,,NA,6,Han_et_al_2018,NA,Tigriopus_japonicus,Non_calanoid_copepod,2018,NA,20,10,Han_et_al_2018__2018__NA,ZOO_STUDY_0208,ZOO_ES_001732,ZOO_STUDY_0208__Tigriopus_japonicus__Non_calanoid_copepod__CO2NA__T20.00__NC10,ZOO_COMMON_00372,0.0136136653379238,6.874360393863272e-4,38.14027777514231,4.25
Hamraj et al. 2021,"Han et al., 2018",2018,NA,https://repository.kopri.re.kr/handle/201206/10852,Zooplankton,Holoplankton,Non-calanoid copepod,Tigriopus japonicus,T,10,10,NA,20,NA,28,Survival,ambiguous,NA,Survival,98.51486111,8.157205904,99.81389,0.588531495,0.0131,6.89e-4,NA,not sure which specific metric was looked into,Yes,NA,NA,NA,,NA,8,Han_et_al_2018,NA,Tigriopus_japonicus,Non_calanoid_copepod,2018,NA,20,10,Han_et_al_2018__2018__NA,ZOO_STUDY_0208,ZOO_ES_001733,ZOO_STUDY_0208__Tigriopus_japonicus__Non_calanoid_copepod__CO2NA__T20.00__NC10,ZOO_COMMON_00372,0.013099940978851001,6.890901069709503e-4,38.09447498410466,4.25
Hamraj et al. 2021,"Han et al., 2018",2018,NA,https://repository.kopri.re.kr/handle/201206/10852,Zooplankton,Holoplankton,Non-calanoid copepod,Tigriopus japonicus,T,10,10,NA,20,NA,30,Survival,ambiguous,NA,Survival,98.51486111,8.157205904,99.76113,0.755373265,0.0126,6.91e-4,NA,not sure which specific metric was looked into,Yes,NA,NA,NA,,NA,10,Han_et_al_2018,NA,Tigriopus_japonicus,Non_calanoid_copepod,2018,NA,20,10,Han_et_al_2018__2018__NA,ZOO_STUDY_0208,ZOO_ES_001734,ZOO_STUDY_0208__Tigriopus_japonicus__Non_calanoid_copepod__CO2NA__T20.00__NC10,ZOO_COMMON_00372,0.01257121748200181,6.913467301111097e-4,38.03225212676829,4.25
Lang et al. 2023,Tyler et al. 2000,2000,NA,NA,Zooplankton,Meroplankton,Echinoderm,Sterechinus neumayeri,T,3,3,NA,0.9,NA,2.5,Survival of blastulae (%),positive,NA,Survival,94.84,3.18,95.26,2.76,0.0044,6.546e-4,NA,NA,Yes,NA,NA,NA,,NA,1.6,Tyler_et_al_2000,NA,Sterechinus_neumayeri,Echinoderm,2000,NA,0.9,3,Tyler_et_al_2000__2000__NA,ZOO_STUDY_0509,ZOO_ES_001739,ZOO_STUDY_0509__Sterechinus_neumayeri__Echinoderm__CO2NA__T0.90__NC3,ZOO_COMMON_00883,0.004418734175509526,6.545751905164354e-4,39.085910173028786,4.25
Lang et al. 2023,Balogh and Byrne 2020,2020,NA,NA,Zooplankton,Meroplankton,Echinoderm,Parvulastra exigua,T,6,6,NA,18,NA,22,Survival day 10 (%),positive,NA,Survival,96.07,4.83,96.16,5.05,9e-4,8.794e-4,NA,NA,Yes,NA,NA,NA,,NA,4,Balogh_and_Byrne_2020,NA,Parvulastra_exigua,Echinoderm,2020,NA,18,6,Balogh_and_Byrne_2020__2020__NA,ZOO_STUDY_0028,ZOO_ES_001740,ZOO_STUDY_0028__Parvulastra_exigua__Echinoderm__CO2NA__T18.00__NC6,ZOO_COMMON_00042,9.363783652503865e-4,8.809429177224343e-4,33.69194753852324,3.5
Hamraj et al. 2021,"Han et al., 2018",2018,NA,https://repository.kopri.re.kr/handle/201206/10852,Zooplankton,Holoplankton,Non-calanoid copepod,Tigriopus kingsejongensis,T,10,10,NA,8,NA,12,Survival,ambiguous,NA,Survival,100,0.01,99.42053,1.832445036,-0.00581,3.4e-5,NA,not sure which specific metric was looked into,Yes,NA,NA,NA,,NA,4,Han_et_al_2018,NA,Tigriopus_kingsejongensis,Non_calanoid_copepod,2018,NA,8,10,Han_et_al_2018__2018__NA,ZOO_STUDY_0208,ZOO_ES_001769,ZOO_STUDY_0208__Tigriopus_kingsejongensis__Non_calanoid_copepod__CO2NA__T8.00__NC10,ZOO_COMMON_00373,-0.005811554416442039,3.3972112206794934e-5,171.56896251431934,4.25
Lang et al. 2023,Li et al. 2011,2011,NA,NA,Zooplankton,Meroplankton,Echinoderm,Apostichopus japonicus,T,30,30,NA,21,NA,24,Survival day 1 pre-feeding (%),positive,NA,Survival,98.7,7.12,97.8,7.12,-0.0092,3.502e-4,NA,NA,Yes,NA,NA,NA,,NA,3,Li_et_al_2011,NA,Apostichopus_japonicus,Echinoderm,2011,NA,21,30,Li_et_al_2011__2011__NA,ZOO_STUDY_0308,ZOO_ES_001771,ZOO_STUDY_0308__Apostichopus_japonicus__Echinoderm__CO2NA__T21.00__NC30,ZOO_COMMON_00534,-0.009160369398664278,3.5013130449376397e-4,53.442224744980386,4.25
Lang et al. 2023,Li et al. 2011,2011,NA,NA,Zooplankton,Meroplankton,Echinoderm,Apostichopus japonicus,T,30,30,NA,21,NA,24,Survival day 5 feeding (%),positive,NA,Survival,98.3,9.31,96.7,9.31,-0.0164,6.081e-4,NA,NA,Yes,NA,NA,NA,,NA,3,Li_et_al_2011,NA,Apostichopus_japonicus,Echinoderm,2011,NA,21,30,Li_et_al_2011__2011__NA,ZOO_STUDY_0308,ZOO_ES_001809,ZOO_STUDY_0308__Apostichopus_japonicus__Echinoderm__CO2NA__T21.00__NC30,ZOO_COMMON_00534,-0.01641062469387215,6.079762131459198e-4,40.556148631889066,4.25
Hamraj et al. 2021,"Han et al., 2018",2018,NA,https://repository.kopri.re.kr/handle/201206/10852,Zooplankton,Holoplankton,Non-calanoid copepod,Tigriopus kingsejongensis,T,10,10,NA,8,NA,16,Survival,ambiguous,NA,Survival,100,0.01,98.36061,2.836120342,-0.0165,8.31e-5,NA,not sure which specific metric was looked into,Yes,NA,NA,NA,,NA,8,Han_et_al_2018,NA,Tigriopus_kingsejongensis,Non_calanoid_copepod,2018,NA,8,10,Han_et_al_2018__2018__NA,ZOO_STUDY_0208,ZOO_ES_001810,ZOO_STUDY_0208__Tigriopus_kingsejongensis__Non_calanoid_copepod__CO2NA__T8.00__NC10,ZOO_COMMON_00373,-0.01652976695131875,8.314039940132724e-5,109.67154123876149,4.25
Hamraj et al. 2021,"Han et al., 2018",2018,NA,https://repository.kopri.re.kr/handle/201206/10852,Zooplankton,Holoplankton,Non-calanoid copepod,Tigriopus kingsejongensis,T,10,10,NA,8,NA,14,Survival,ambiguous,NA,Survival,100,0.01,97.542366,7.771721095,-0.0249,6.35e-4,NA,not sure which specific metric was looked into,Yes,NA,NA,NA,,NA,6,Han_et_al_2018,NA,Tigriopus_kingsejongensis,Non_calanoid_copepod,2018,NA,8,10,Han_et_al_2018__2018__NA,ZOO_STUDY_0208,ZOO_ES_001854,ZOO_STUDY_0208__Tigriopus_kingsejongensis__Non_calanoid_copepod__CO2NA__T8.00__NC10,ZOO_COMMON_00373,-0.024883379285180394,6.348169672680715e-4,39.68950998142694,4.25
Leung et al. 2022,"Dineshram et al., 2016. Glob Change Biol",NA,NA,NA,Zooplankton,Meroplankton,Oyster larvae,Crassostrea gigas,T,3,3,514.2,24,529.6,30,Larval survival,positive,NA,Survival,100,0,97,2.253468824899409,-0.030459207484708574,2.39e-4,NA,NA,Yes,NA,NA,NA,,15.399999999999977,6,Dineshram_et_al_2016_Glob_Change_Biol,NA,Crassostrea_gigas,Oyster_larvae,NA,514.2,24,3,Dineshram_et_al_2016_Glob_Change_Biol__NA__NA,ZOO_STUDY_0119,ZOO_ES_001860,ZOO_STUDY_0119__Crassostrea_gigas__Oyster_larvae__CO2514.20__T24.00__NC3,ZOO_COMMON_00204,-0.030459207484708574,1.799029916318958e-4,74.555692307694,4.25
Lang et al. 2023,Li et al. 2011,2011,NA,NA,Zooplankton,Meroplankton,Echinoderm,Apostichopus japonicus,T,30,30,NA,21,NA,24,Survival day 8 feeding  (%),positive,NA,Survival,90.8,12.05,87.7,6.57,-0.0347,7.743e-4,NA,NA,Yes,NA,NA,NA,,NA,3,Li_et_al_2011,NA,Apostichopus_japonicus,Echinoderm,2011,NA,21,30,Li_et_al_2011__2011__NA,ZOO_STUDY_0308,ZOO_ES_001874,ZOO_STUDY_0308__Apostichopus_japonicus__Echinoderm__CO2NA__T21.00__NC30,ZOO_COMMON_00534,-0.03473738622911024,7.741308273073444e-4,35.9412203349962,3.5
Leung et al. 2022,"Schmidt et al., 2014. Coral Reefs",NA,NA,NA,Zooplankton,Holoplankton,Foraminifera,Marginopora vertebralis,T,3,3,479,28,499,31,Survival,positive,NA,Survival,98,1.4,94,3.03,-0.041672696400568074,9.19e-4,NA,NA,Yes,NA,NA,NA,,20,3,Schmidt_et_al_2014_Coral_Reefs,NA,Marginopora_vertebralis,Foraminifera,NA,479,28,3,Schmidt_et_al_2014_Coral_Reefs__NA__NA,ZOO_STUDY_0458,ZOO_ES_001879,ZOO_STUDY_0458__Marginopora_vertebralis__Foraminifera__CO2479.00__T28.00__NC3,ZOO_COMMON_00792,-0.041672696400568074,4.1437171065800696e-4,49.1252700594618,4.25
Lang et al. 2023,Li et al. 2011,2011,NA,NA,Zooplankton,Meroplankton,Echinoderm,Apostichopus japonicus,T,30,30,NA,21,NA,24,Survival day 3 pre-feeding  (%),positive,NA,Survival,95.9,2.19,91.7,4.93,-0.0448,1.137e-4,NA,NA,Yes,NA,NA,NA,,NA,3,Li_et_al_2011,NA,Apostichopus_japonicus,Echinoderm,2011,NA,21,30,Li_et_al_2011__2011__NA,ZOO_STUDY_0308,ZOO_ES_001884,ZOO_STUDY_0308__Apostichopus_japonicus__Echinoderm__CO2NA__T21.00__NC30,ZOO_COMMON_00534,-0.04478360262697343,1.1372925098631332e-4,93.7699988194454,4.25
Ross et al. 2024,Gibbs et al. 2021c,2021,Energetic lipid responses of larval oysters to ocean acidification,https://www.sciencedirect.com/science/article/abs/pii/S0025326X21004756,Zooplankton,Meroplankton,Mollusca,Saccostrea glomerata,T,3,3,NA,24,NA,28,Larval mortality at 9 days,negative,NA,Survival,95.58232932,4.173616404,100,0.001,-0.0452,6.36e-4,NA,"flip sign because we are looking at mortality, instead of survival",Yes,NA,NA,NA,,NA,4,Gibbs_et_al_2021c,Energetic_lipid_responses_of_larval_oysters_to_ocean_acidification,Saccostrea_glomerata,Mollusca,2021,NA,24,3,Gibbs_et_al_2021c__2021__Energetic_lipid_responses_of_larval_oysters_to_ocean_acidification,ZOO_STUDY_0183,ZOO_ES_001885,ZOO_STUDY_0183__Saccostrea_glomerata__Mollusca__CO2NA__T24.00__NC3,ZOO_COMMON_00317,0.04518222276466142,6.355483703457399e-4,39.66666562549158,4.25
Hamraj et al. 2021,"Anzueto-Sanchez et al., 2014",2014,NA,https://www.researchgate.net/publication/353413415_Grazing_by_the_Copepod_Parvocalanus_crassirostris_on_Picochlorum_sp_at_Harmful_Bloom_Densities_and_the_Role_of_Particle_Size,Zooplankton,Holoplankton,Calanoid copepod,Pseudodiaptomus euryhalinus,T,3,3,NA,19.4,NA,27.8,Survival,ambiguous,NA,Survival,67,13.9,64,11.4,-0.0458,0.0249,NA,not sure which specific metric was looked into,Yes,NA,NA,NA,,NA,8.400000000000002,Anzueto_Sanchez_et_al_2014,NA,Pseudodiaptomus_euryhalinus,Calanoid_copepod,2014,NA,19.4,3,Anzueto_Sanchez_et_al_2014__2014__NA,ZOO_STUDY_0023,ZOO_ES_001887,ZOO_STUDY_0023__Pseudodiaptomus_euryhalinus__Calanoid_copepod__CO2NA__T19.40__NC3,ZOO_COMMON_00032,-0.04580953603129422,0.024923093980888468,6.3343057495602135,2
Hamraj et al. 2021,"Grenvald et al., 2012",2012,NA,https://www.researchgate.net/publication/234092642_Effects_of_a_future_warmer_ocean_on_the_coexisting_copepods_Calanus_finmarchicus_and_C-glacialis_in_Disko_Bay_western_Greenland,Zooplankton,Holoplankton,Calanoid copepod,Calanus glacialis,T,5,5,NA,0,NA,5,Survival,ambiguous,NA,Survival,96,2,91,8,-0.0535,0.00163,NA,not sure which specific metric was looked into,Yes,NA,NA,NA,,NA,5,Grenvald_et_al_2012,NA,Calanus_glacialis,Calanoid_copepod,2012,NA,0,5,Grenvald_et_al_2012__2012__NA,ZOO_STUDY_0194,ZOO_ES_001914,ZOO_STUDY_0194__Calanus_glacialis__Calanoid_copepod__CO2NA__T0.00__NC5,ZOO_COMMON_00345,-0.053488684950986236,0.0016325125957680903,24.749802040178324,3.5
Hamraj et al. 2021,souissi et al 2016,2016,NA,https://www.researchgate.net/publication/294090600_Evaluation_of_the_Copepod_Eurytemora_affinis_Life_History_Response_to_Temperature_and_Salinity_Increases,Zooplankton,Holoplankton,Calanoid copepod,Eurytemora affinis,T,7,5,NA,20,NA,24,Survival,ambiguous,NA,Survival,52.82960025,16.89,49.76393225,9.52,-0.0598,0.0219,NA,not sure which specific metric was looked into,Yes,NA,NA,NA,,NA,4,souissi_et_al_2016,NA,Eurytemora_affinis,Calanoid_copepod,2016,NA,20,7,souissi_et_al_2016__2016__NA,ZOO_STUDY_0570,ZOO_ES_001917,ZOO_STUDY_0570__Eurytemora_affinis__Calanoid_copepod__CO2NA__T20.00__NC7,ZOO_COMMON_00986,-0.059781174798756526,0.02192119087177527,6.754106870601039,2
Lang et al. 2023,Li et al. 2011,2011,NA,NA,Zooplankton,Meroplankton,Echinoderm,Apostichopus japonicus,T,30,30,NA,21,NA,27,Survival day 1 pre-feeding (%),positive,NA,Survival,98.7,7.12,92,10.41,-0.0703,6e-4,NA,NA,Yes,NA,NA,NA,,NA,6,Li_et_al_2011,NA,Apostichopus_japonicus,Echinoderm,2011,NA,21,30,Li_et_al_2011__2011__NA,ZOO_STUDY_0308,ZOO_ES_001920,ZOO_STUDY_0308__Apostichopus_japonicus__Echinoderm__CO2NA__T21.00__NC30,ZOO_COMMON_00534,-0.07029636939039562,6.002425130991697e-4,40.81658108342167,4.25
Hamraj et al. 2021,"Han et al., 2018",2018,NA,https://repository.kopri.re.kr/handle/201206/10852,Zooplankton,Holoplankton,Non-calanoid copepod,Tigriopus kingsejongensis,T,10,10,NA,8,NA,18,Survival,ambiguous,NA,Survival,100,0.01,92.44074,9.926452821,-0.0786,0.00115,NA,not sure which specific metric was looked into,Yes,NA,NA,NA,,NA,10,Han_et_al_2018,NA,Tigriopus_kingsejongensis,Non_calanoid_copepod,2018,NA,8,10,Han_et_al_2018__2018__NA,ZOO_STUDY_0208,ZOO_ES_001937,ZOO_STUDY_0208__Tigriopus_kingsejongensis__Non_calanoid_copepod__CO2NA__T8.00__NC10,ZOO_COMMON_00373,-0.07860239542139533,0.001153086042868514,29.44890440783156,3.5
Ross et al. 2024,Gibbs et al. 2021c,2021,Energetic lipid responses of larval oysters to ocean acidification,https://www.sciencedirect.com/science/article/abs/pii/S0025326X21004756,Zooplankton,Meroplankton,Mollusca,Saccostrea glomerata,T,3,3,NA,24,NA,28,Larval mortality at 9 days,negative,NA,Survival,92.1686747,7.303828707,100,0.001,-0.0815,0.00209,NA,"flip sign because we are looking at mortality, instead of survival",Yes,NA,NA,NA,,NA,4,Gibbs_et_al_2021c,Energetic_lipid_responses_of_larval_oysters_to_ocean_acidification,Saccostrea_glomerata,Mollusca,2021,NA,24,3,Gibbs_et_al_2021c__2021__Energetic_lipid_responses_of_larval_oysters_to_ocean_acidification,ZOO_STUDY_0183,ZOO_ES_001939,ZOO_STUDY_0183__Saccostrea_glomerata__Mollusca__CO2NA__T24.00__NC3,ZOO_COMMON_00317,0.08154986695103593,0.0020932120459726906,21.85714268224675,3.5
Hamraj et al. 2021,"Mathews et al., 2018",2018,NA,https://pubmed.ncbi.nlm.nih.gov/29948318/,Zooplankton,Holoplankton,Calanoid copepod,Parvocalanus crassirostris,T,3,3,NA,24,NA,28,Survival,ambiguous,NA,Survival,100,0.743482809,91.68514,3.962464594,-0.0868,6.41e-4,NA,not sure which specific metric was looked into,Yes,NA,NA,NA,,NA,4,Mathews_et_al_2018,NA,Parvocalanus_crassirostris,Calanoid_copepod,2018,NA,24,3,Mathews_et_al_2018__2018__NA,ZOO_STUDY_0338,ZOO_ES_002014,ZOO_STUDY_0338__Parvocalanus_crassirostris__Calanoid_copepod__CO2NA__T24.00__NC3,ZOO_COMMON_00592,-0.0868098700207954,6.410291593293622e-4,39.4967269264563,4.25
Lang et al. 2023,Li et al. 2011,2011,NA,NA,Zooplankton,Meroplankton,Echinoderm,Apostichopus japonicus,T,30,30,NA,21,NA,27,Survival day 5 feeding (%),positive,NA,Survival,98.3,9.31,90,13.69,-0.0882,0.0010707,NA,NA,Yes,NA,NA,NA,,NA,6,Li_et_al_2011,NA,Apostichopus_japonicus,Echinoderm,2011,NA,21,30,Li_et_al_2011__2011__NA,ZOO_STUDY_0308,ZOO_ES_002140,ZOO_STUDY_0308__Apostichopus_japonicus__Echinoderm__CO2NA__T21.00__NC30,ZOO_COMMON_00534,-0.08821435682285579,0.0010702595904056632,30.567184331128882,3.5
Hamraj et al. 2021,"Rhyne et al., 2009",2009,NA,https://www.sciencedirect.com/science/article/pii/S0044848609002725,Zooplankton,Holoplankton,Calanoid copepod,Pseudodiaptomus pelagicus,T,6,6,NA,24,NA,30,Survival,ambiguous,NA,Survival,81.3,22.7,74.3,9.8,-0.09,0.0159,NA,not sure which specific metric was looked into,Yes,NA,NA,NA,,NA,6,Rhyne_et_al_2009,NA,Pseudodiaptomus_pelagicus,Calanoid_copepod,2009,NA,24,6,Rhyne_et_al_2009__2009__NA,ZOO_STUDY_0435,ZOO_ES_002141,ZOO_STUDY_0435__Pseudodiaptomus_pelagicus__Calanoid_copepod__CO2NA__T24.00__NC6,ZOO_COMMON_00747,-0.09003506483005148,0.015892798285504012,7.932312483594265,2.75
Leung et al. 2022,"Schmidt et al., 2014. Coral Reefs",NA,NA,NA,Zooplankton,Holoplankton,Foraminifera,Heterostegina depressa,T,3,3,479,28,499,31,Survival,positive,NA,Survival,93,3.21,84,3.69,-0.10178269430994236,7.98e-4,NA,NA,Yes,NA,NA,NA,,20,3,Schmidt_et_al_2014_Coral_Reefs,NA,Heterostegina_depressa,Foraminifera,NA,479,28,3,Schmidt_et_al_2014_Coral_Reefs__NA__NA,ZOO_STUDY_0458,ZOO_ES_002187,ZOO_STUDY_0458__Heterostegina_depressa__Foraminifera__CO2479.00__T28.00__NC3,ZOO_COMMON_00790,-0.10178269430994236,0.0010403608503755301,31.00330548184373,3.5
Lang et al. 2023,Tyler et al. 2000,2000,NA,NA,Zooplankton,Meroplankton,Echinoderm,Sterechinus neumayeri,T,3,3,NA,0.9,NA,2.5,Survival of prisms (%),positive,NA,Survival,90.83,6.55,81.22,3.5,-0.1118,0.0023524,NA,NA,Yes,NA,NA,NA,,NA,1.6,Tyler_et_al_2000,NA,Sterechinus_neumayeri,Echinoderm,2000,NA,0.9,3,Tyler_et_al_2000__2000__NA,ZOO_STUDY_0509,ZOO_ES_002244,ZOO_STUDY_0509__Sterechinus_neumayeri__Echinoderm__CO2NA__T0.90__NC3,ZOO_COMMON_00883,-0.11182810525597048,0.002352413119916829,20.61784182753958,3.5
Ross et al. 2024,Gibbs et al. 2021a,NA,NA,https://academic.oup.com/icesjms/article/78/6/2017/6306814,Zooplankton,Meroplankton,Mollusca,Saccostrea glomerata,T,3,3,NA,24,NA,28,larval mortality (%) at 9 days of age,negative,NA,Survival,79.36507937,12.83000598,89.55223881,8.617168197,-0.120763664,0.0118,NA,"flip sign because we are looking at mortality, instead of survival",Yes,NA,NA,NA,,NA,4,Gibbs_et_al_2021a,NA,Saccostrea_glomerata,Mollusca,NA,NA,24,3,Gibbs_et_al_2021a__NA__NA,ZOO_STUDY_0181,ZOO_ES_002268,ZOO_STUDY_0181__Saccostrea_glomerata__Mollusca__CO2NA__T24.00__NC3,ZOO_COMMON_00313,0.12076366377752124,0.011797530860235234,9.20670947736436,2.75
Hamraj et al. 2021,"Grenvald et al., 2012",2012,NA,https://www.researchgate.net/publication/234092642_Effects_of_a_future_warmer_ocean_on_the_coexisting_copepods_Calanus_finmarchicus_and_C-glacialis_in_Disko_Bay_western_Greenland,Zooplankton,Holoplankton,Calanoid copepod,Calanus finmarchicus,T,5,5,NA,0,NA,10,Survival,ambiguous,NA,Survival,95,5,83,7,-0.135036284,0.00198,NA,not sure which specific metric was looked into,Yes,NA,NA,NA,,NA,10,Grenvald_et_al_2012,NA,Calanus_finmarchicus,Calanoid_copepod,2012,NA,0,5,Grenvald_et_al_2012__2012__NA,ZOO_STUDY_0194,ZOO_ES_002275,ZOO_STUDY_0194__Calanus_finmarchicus__Calanoid_copepod__CO2NA__T0.00__NC5,ZOO_COMMON_00343,-0.13503628380394286,0.0019765743211808623,22.49279502365677,3.5
Lang et al. 2023,Balogh and Byrne 2020,2020,NA,NA,Zooplankton,Meroplankton,Echinoderm,Parvulastra exigua,T,6,6,NA,18,NA,24,Survival day 10 (%),positive,NA,Survival,96.07,4.83,83.61,8.28,-0.1389,0.0020547,NA,NA,Yes,NA,NA,NA,,NA,6,Balogh_and_Byrne_2020,NA,Parvulastra_exigua,Echinoderm,2020,NA,18,6,Balogh_and_Byrne_2020__2020__NA,ZOO_STUDY_0028,ZOO_ES_002276,ZOO_STUDY_0028__Parvulastra_exigua__Echinoderm__CO2NA__T18.00__NC6,ZOO_COMMON_00042,-0.13891396225968053,0.0020558069925613017,22.055089806988715,3.5
Leung et al. 2022,"García et al., 2018. Mar Environ Res",NA,NA,NA,Zooplankton,Meroplankton,Urchin larvae,Diadema africanum,T,3,3,456.4,19,574,23,Larval density,ambiguous,NA,Survival,11.5,5.5,10,5,-0.13976194237515874,192.0762445,NA,NA,Yes,NA,NA,NA,,117.60000000000002,4,Garc_a_et_al_2018_Mar_Environ_Res,NA,Diadema_africanum,Urchin_larvae,NA,456.4,19,3,Garc_a_et_al_2018_Mar_Environ_Res__NA__NA,ZOO_STUDY_0165,ZOO_ES_002277,ZOO_STUDY_0165__Diadema_africanum__Urchin_larvae__CO2456.40__T19.00__NC3,ZOO_COMMON_00281,-0.13976194237515874,0.1595778197857593,2.503304824511491,2.5
Ross et al. 2024,Gibbs et al. 2021c,2021,Energetic lipid responses of larval oysters to ocean acidification,https://www.sciencedirect.com/science/article/abs/pii/S0025326X21004756,Zooplankton,Meroplankton,Mollusca,Saccostrea glomerata,T,3,3,NA,24,NA,28,Larval mortality at 9 days,negative,NA,Survival,85.14056225,9.738438275,97.99196787,1.391205468,-0.140581951,0.00443,NA,"flip sign because we are looking at mortality, instead of survival",Yes,NA,NA,NA,,NA,4,Gibbs_et_al_2021c,Energetic_lipid_responses_of_larval_oysters_to_ocean_acidification,Saccostrea_glomerata,Mollusca,2021,NA,24,3,Gibbs_et_al_2021c__2021__Energetic_lipid_responses_of_larval_oysters_to_ocean_acidification,ZOO_STUDY_0183,ZOO_ES_002278,ZOO_STUDY_0183__Saccostrea_glomerata__Mollusca__CO2NA__T24.00__NC3,ZOO_COMMON_00317,0.1405819505942329,0.004428168795797261,15.027540821516762,3.5
Hamraj et al. 2021,"Karlsson et al., 2018",2018,NA,https://www.researchgate.net/publication/322580319_Life-history_responses_to_changing_temperature_and_salinity_of_the_Baltic_Sea_copepod_Eurytemora_affinis,Zooplankton,Holoplankton,Calanoid copepod,Eurytemora affinis,T,5,10,NA,15,NA,20,Survival,ambiguous,NA,Survival,80.132,10.2557,68.72641,12.25318,-0.153541725,0.00645,NA,not sure which specific metric was looked into,Yes,NA,NA,NA,,NA,5,Karlsson_et_al_2018,NA,Eurytemora_affinis,Calanoid_copepod,2018,NA,15,5,Karlsson_et_al_2018__2018__NA,ZOO_STUDY_0262,ZOO_ES_002328,ZOO_STUDY_0262__Eurytemora_affinis__Calanoid_copepod__CO2NA__T15.00__NC5,ZOO_COMMON_00452,-0.153541724527085,0.006454741483186392,12.446882031180156,2.75
Hamraj et al. 2021,"Grenvald et al., 2012",2012,NA,https://www.researchgate.net/publication/234092642_Effects_of_a_future_warmer_ocean_on_the_coexisting_copepods_Calanus_finmarchicus_and_C-glacialis_in_Disko_Bay_western_Greenland,Zooplankton,Holoplankton,Calanoid copepod,Calanus glacialis,T,5,5,NA,0,NA,10,Survival,ambiguous,NA,Survival,96,2,81,6,-0.169899037,0.00118,NA,not sure which specific metric was looked into,Yes,NA,NA,NA,,NA,10,Grenvald_et_al_2012,NA,Calanus_glacialis,Calanoid_copepod,2012,NA,0,5,Grenvald_et_al_2012__2012__NA,ZOO_STUDY_0194,ZOO_ES_002377,ZOO_STUDY_0194__Calanus_glacialis__Calanoid_copepod__CO2NA__T0.00__NC5,ZOO_COMMON_00345,-0.16989903679539747,0.001184199245541838,29.059464700640703,3.5
Ross et al. 2024,Gibbs et al. 2021c,2021,Energetic lipid responses of larval oysters to ocean acidification,https://www.sciencedirect.com/science/article/abs/pii/S0025326X21004756,Zooplankton,Meroplankton,Mollusca,Saccostrea glomerata,T,3,3,NA,24,NA,28,Larval mortality at 9 days,negative,NA,Survival,81.92771084,9.390636909,98.3935743,1.739006835,-0.183138217,0.00448,NA,"flip sign because we are looking at mortality, instead of survival",Yes,NA,NA,NA,,NA,4,Gibbs_et_al_2021c,Energetic_lipid_responses_of_larval_oysters_to_ocean_acidification,Saccostrea_glomerata,Mollusca,2021,NA,24,3,Gibbs_et_al_2021c__2021__Energetic_lipid_responses_of_larval_oysters_to_ocean_acidification,ZOO_STUDY_0183,ZOO_ES_002389,ZOO_STUDY_0183__Saccostrea_glomerata__Mollusca__CO2NA__T24.00__NC3,ZOO_COMMON_00317,0.18313821677025846,0.004483448542307864,14.934610660283877,3.5
Lang et al. 2023,Tyler et al. 2000,2000,NA,NA,Zooplankton,Meroplankton,Echinoderm,Sterechinus neumayeri,T,3,3,NA,0.9,NA,2.5,Survival of 4-arm plutei (%),positive,NA,Survival,95.28,2.57,79.31,7.76,-0.1835,0.0034337,NA,NA,Yes,NA,NA,NA,,NA,1.6,Tyler_et_al_2000,NA,Sterechinus_neumayeri,Echinoderm,2000,NA,0.9,3,Tyler_et_al_2000__2000__NA,ZOO_STUDY_0509,ZOO_ES_002391,ZOO_STUDY_0509__Sterechinus_neumayeri__Echinoderm__CO2NA__T0.90__NC3,ZOO_COMMON_00883,-0.18345570095181643,0.0034336597751680313,17.06559243943033,3.5
Hamraj et al. 2021,"Rhyne et al., 2009",2009,NA,https://www.sciencedirect.com/science/article/pii/S0044848609002725,Zooplankton,Holoplankton,Calanoid copepod,Pseudodiaptomus pelagicus,T,6,6,NA,24,NA,32,Survival,ambiguous,NA,Survival,81.3,22.7,66.7,8.9,-0.197941064,0.016,NA,not sure which specific metric was looked into,Yes,NA,NA,NA,,NA,8,Rhyne_et_al_2009,NA,Pseudodiaptomus_pelagicus,Calanoid_copepod,2009,NA,24,6,Rhyne_et_al_2009__2009__NA,ZOO_STUDY_0435,ZOO_ES_002416,ZOO_STUDY_0435__Pseudodiaptomus_pelagicus__Calanoid_copepod__CO2NA__T24.00__NC6,ZOO_COMMON_00747,-0.19794106363218675,0.015960704065941952,7.915420245655066,2.75
Ross et al. 2024,Gibbs et al. 2021a,NA,NA,https://academic.oup.com/icesjms/article/78/6/2017/6306814,Zooplankton,Meroplankton,Mollusca,Saccostrea glomerata,T,3,3,NA,24,NA,28,larval mortality (%) at 9 days of age,negative,NA,Survival,72.48677249,10.08071899,88.35978836,7.33143199,-0.198012887,0.00874,NA,"flip sign because we are looking at mortality, instead of survival",Yes,NA,NA,NA,,NA,4,Gibbs_et_al_2021a,NA,Saccostrea_glomerata,Mollusca,NA,NA,24,3,Gibbs_et_al_2021a__NA__NA,ZOO_STUDY_0181,ZOO_ES_002433,ZOO_STUDY_0181__Saccostrea_glomerata__Mollusca__CO2NA__T24.00__NC3,ZOO_COMMON_00313,0.19801288654649976,0.008741612154776758,10.695577354077454,2.75
Ross et al. 2024,Gibbs et al. 2021a,NA,NA,https://academic.oup.com/icesjms/article/78/6/2017/6306814,Zooplankton,Meroplankton,Mollusca,Saccostrea glomerata,T,3,3,NA,24,NA,28,larval mortality (%) at 9 days of age,negative,NA,Survival,58.73015873,10.99714798,72.13930348,6.893734557,-0.205645648,0.0147,NA,"flip sign because we are looking at mortality, instead of survival",Yes,NA,NA,NA,,NA,4,Gibbs_et_al_2021a,NA,Saccostrea_glomerata,Mollusca,NA,NA,24,3,Gibbs_et_al_2021a__NA__NA,ZOO_STUDY_0181,ZOO_ES_002470,ZOO_STUDY_0181__Saccostrea_glomerata__Mollusca__CO2NA__T24.00__NC3,ZOO_COMMON_00313,0.2056456480756474,0.014731358272620763,8.239077804458539,2.75
Lang et al. 2023,Suckling et al. 2015,2015,NA,NA,Zooplankton,Meroplankton,Echinoderm,Sterechinus neumayeri,T,8,8,NA,-0.3,NA,1.8,Survival (%),positive,NA,Survival,72.49,11.14,58.54,14.34,-0.2137,0.010455,NA,NA,Yes,NA,NA,NA,,NA,2.1,Suckling_et_al_2015,NA,Sterechinus_neumayeri,Echinoderm,2015,NA,-0.3,8,Suckling_et_al_2015__2015__NA,ZOO_STUDY_0485,ZOO_ES_002502,ZOO_STUDY_0485__Sterechinus_neumayeri__Echinoderm__CO2NA__T-0.30__NC8,ZOO_COMMON_00834,-0.21373834004904652,0.010452772023309827,9.781022563534933,2.75
Lang et al. 2023,Li et al. 2011,2011,NA,NA,Zooplankton,Meroplankton,Echinoderm,Apostichopus japonicus,T,30,30,NA,21,NA,27,Survival day 3 pre-feeding (%),positive,NA,Survival,95.9,2.19,77.3,14.79,-0.21560000000000001,0.0012374,NA,NA,Yes,NA,NA,NA,,NA,6,Li_et_al_2011,NA,Apostichopus_japonicus,Echinoderm,2011,NA,21,30,Li_et_al_2011__2011__NA,ZOO_STUDY_0308,ZOO_ES_002505,ZOO_STUDY_0308__Apostichopus_japonicus__Echinoderm__CO2NA__T21.00__NC30,ZOO_COMMON_00534,-0.2156120262960164,0.001237653681945084,28.42499722186114,3.5
Ross et al. 2024,Gibbs et al. 2021c,2021,Energetic lipid responses of larval oysters to ocean acidification,https://www.sciencedirect.com/science/article/abs/pii/S0025326X21004756,Zooplankton,Meroplankton,Mollusca,Saccostrea glomerata,T,3,3,NA,24,NA,28,Larval mortality at 9 days,negative,NA,Survival,78.31325301,13.21645195,100,0.001,-0.244453338,0.00949,NA,"flip sign because we are looking at mortality, instead of survival",Yes,NA,NA,NA,,NA,4,Gibbs_et_al_2021c,Energetic_lipid_responses_of_larval_oysters_to_ocean_acidification,Saccostrea_glomerata,Mollusca,2021,NA,24,3,Gibbs_et_al_2021c__2021__Energetic_lipid_responses_of_larval_oysters_to_ocean_acidification,ZOO_STUDY_0183,ZOO_ES_002586,ZOO_STUDY_0183__Saccostrea_glomerata__Mollusca__CO2NA__T24.00__NC3,ZOO_COMMON_00317,0.2444533379271147,0.00949375414971421,10.263157872804916,2.75
Hamraj et al. 2021,"Karlsson et al., 2018",2018,NA,https://www.researchgate.net/publication/322580319_Life-history_responses_to_changing_temperature_and_salinity_of_the_Baltic_Sea_copepod_Eurytemora_affinis,Zooplankton,Holoplankton,Calanoid copepod,Eurytemora affinis,T,5,10,NA,15,NA,20,Survival,ambiguous,NA,Survival,79.008224,10.542186,61.337143,13.957847,-0.253166367,0.00874,NA,not sure which specific metric was looked into,Yes,NA,NA,NA,,NA,5,Karlsson_et_al_2018,NA,Eurytemora_affinis,Calanoid_copepod,2018,NA,15,5,Karlsson_et_al_2018__2018__NA,ZOO_STUDY_0262,ZOO_ES_002610,ZOO_STUDY_0262__Eurytemora_affinis__Calanoid_copepod__CO2NA__T15.00__NC5,ZOO_COMMON_00452,-0.2531663671723755,0.00873912382648687,10.697099944557781,2.75
Hamraj et al. 2021,"Rhyne et al., 2009",2009,NA,https://www.sciencedirect.com/science/article/pii/S0044848609002725,Zooplankton,Holoplankton,Calanoid copepod,Pseudodiaptomus pelagicus,T,6,6,NA,24,NA,34,Survival,ambiguous,NA,Survival,81.3,22.7,62.5,10,-0.26297946,0.0173,NA,not sure which specific metric was looked into,Yes,NA,NA,NA,,NA,10,Rhyne_et_al_2009,NA,Pseudodiaptomus_pelagicus,Calanoid_copepod,2009,NA,24,6,Rhyne_et_al_2009__2009__NA,ZOO_STUDY_0435,ZOO_ES_002613,ZOO_STUDY_0435__Pseudodiaptomus_pelagicus__Calanoid_copepod__CO2NA__T24.00__NC6,ZOO_COMMON_00747,-0.2629794598114091,0.01725996388131163,7.611671880718085,2.75
Hamraj et al. 2021,"Mathews et al., 2018",2018,NA,https://pubmed.ncbi.nlm.nih.gov/29948318/,Zooplankton,Holoplankton,Calanoid copepod,Parvocalanus crassirostris,T,3,3,NA,24,NA,32,Survival,ambiguous,NA,Survival,100,0.743482809,75.03708,7.870473511,-0.287187795,0.00369,NA,not sure which specific metric was looked into,Yes,NA,NA,NA,,NA,8,Mathews_et_al_2018,NA,Parvocalanus_crassirostris,Calanoid_copepod,2018,NA,24,3,Mathews_et_al_2018__2018__NA,ZOO_STUDY_0338,ZOO_ES_002622,ZOO_STUDY_0338__Parvocalanus_crassirostris__Calanoid_copepod__CO2NA__T24.00__NC3,ZOO_COMMON_00592,-0.28718779462719357,0.0036855750735359546,16.472039270269075,3.5
Ross et al. 2024,Gibbs et al. 2021c,2021,Energetic lipid responses of larval oysters to ocean acidification,https://www.sciencedirect.com/science/article/abs/pii/S0025326X21004756,Zooplankton,Meroplankton,Mollusca,Saccostrea glomerata,T,3,3,NA,24,NA,28,Larval mortality at 9 days,negative,NA,Survival,65.26104418,14.60765741,88.95582329,1e-4,-0.309744588,0.0167,NA,"flip sign because we are looking at mortality, instead of survival",Yes,NA,NA,NA,,NA,4,Gibbs_et_al_2021c,Energetic_lipid_responses_of_larval_oysters_to_ocean_acidification,Saccostrea_glomerata,Mollusca,2021,NA,24,3,Gibbs_et_al_2021c__2021__Energetic_lipid_responses_of_larval_oysters_to_ocean_acidification,ZOO_STUDY_0183,ZOO_ES_002630,ZOO_STUDY_0183__Saccostrea_glomerata__Mollusca__CO2NA__T24.00__NC3,ZOO_COMMON_00317,0.3097445876292707,0.016700591707323107,7.738095240099942,2.75
Hamraj et al. 2021,"Garzke et al., 2015",2015,NA,https://www.jstor.org/stable/43671921,Zooplankton,Holoplankton,Calanoid copepod,Acartia sp,T,7,7,NA,13.5,NA,17.5,Survival,ambiguous,NA,Survival,17.13,8.73,12.51,6.82,-0.314302988,0.0796,NA,not sure which specific metric was looked into,Yes,NA,NA,NA,,NA,4,Garzke_et_al_2015,NA,Acartia_sp,Calanoid_copepod,2015,NA,13.5,7,Garzke_et_al_2015__2015__NA,ZOO_STUDY_0174,ZOO_ES_002633,ZOO_STUDY_0174__Acartia_sp__Calanoid_copepod__CO2NA__T13.50__NC7,ZOO_COMMON_00305,-0.3143029878572088,0.07956123540998344,3.545269389679966,2
Leung et al. 2022,"García et al., 2018. Mar Environ Res",NA,NA,NA,Zooplankton,Meroplankton,Urchin larvae,Paracentrotus lividus,T,3,3,899.1,19,1033.6,23,Larval density,ambiguous,NA,Survival,240,9,175,7,-0.3158529494184773,0.00481,NA,NA,Yes,NA,NA,NA,,134.4999999999999,4,Garc_a_et_al_2018_Mar_Environ_Res,NA,Paracentrotus_lividus,Urchin_larvae,NA,899.1,19,3,Garc_a_et_al_2018_Mar_Environ_Res__NA__NA,ZOO_STUDY_0165,ZOO_ES_002634,ZOO_STUDY_0165__Paracentrotus_lividus__Urchin_larvae__CO2899.10__T19.00__NC3,ZOO_COMMON_00283,-0.3158529494184773,0.0010020833333333333,31.589887589559385,3.5
Leung et al. 2022,"Rosa et al., 2013. Proc R Soc B",NA,NA,NA,Zooplankton,Meroplankton,Cuttlefish larvae,Sepia officinalis,T,3,3,400,18,424.5,22,Survival of embryos,positive,NA,Survival,92,7.6261723983917,64,17.976775346136698,-0.3629054936893685,1.2e-5,NA,NA,Yes,NA,NA,NA,,24.5,4,Rosa_et_al_2013_Proc_R_Soc_B,NA,Sepia_officinalis,Cuttlefish_larvae,NA,400,18,3,Rosa_et_al_2013_Proc_R_Soc_B__NA__NA,ZOO_STUDY_0442,ZOO_ES_002721,ZOO_STUDY_0442__Sepia_officinalis__Cuttlefish_larvae__CO2400.00__T18.00__NC3,ZOO_COMMON_00764,-0.3629054936893685,0.02858961675020837,5.914197634121106,2
Ross et al. 2024,Gibbs et al. 2021c,2021,Energetic lipid responses of larval oysters to ocean acidification,https://www.sciencedirect.com/science/article/abs/pii/S0025326X21004756,Zooplankton,Meroplankton,Mollusca,Saccostrea glomerata,T,3,3,NA,24,NA,28,Larval mortality at 9 days,negative,NA,Survival,45.58232932,10.78184238,66.46586345,2.086808202,-0.377168358,0.019,NA,"flip sign because we are looking at mortality, instead of survival",Yes,NA,NA,NA,,NA,4,Gibbs_et_al_2021c,Energetic_lipid_responses_of_larval_oysters_to_ocean_acidification,Saccostrea_glomerata,Mollusca,2021,NA,24,3,Gibbs_et_al_2021c__2021__Energetic_lipid_responses_of_larval_oysters_to_ocean_acidification,ZOO_STUDY_0183,ZOO_ES_002728,ZOO_STUDY_0183__Saccostrea_glomerata__Mollusca__CO2NA__T24.00__NC3,ZOO_COMMON_00317,0.3771683577783465,0.018978276492846738,7.258913399944948,2.75
Ross et al. 2024,Gibbs et al. 2021c,2021,Energetic lipid responses of larval oysters to ocean acidification,https://www.sciencedirect.com/science/article/abs/pii/S0025326X21004756,Zooplankton,Meroplankton,Mollusca,Saccostrea glomerata,T,3,3,NA,24,NA,28,Larval mortality at 9 days,negative,NA,Survival,68.07228916,16.69446562,100,0.001,-0.38459997,0.02,NA,"flip sign because we are looking at mortality, instead of survival",Yes,NA,NA,NA,,NA,4,Gibbs_et_al_2021c,Energetic_lipid_responses_of_larval_oysters_to_ocean_acidification,Saccostrea_glomerata,Mollusca,2021,NA,24,3,Gibbs_et_al_2021c__2021__Energetic_lipid_responses_of_larval_oysters_to_ocean_acidification,ZOO_STUDY_0183,ZOO_ES_002729,ZOO_STUDY_0183__Saccostrea_glomerata__Mollusca__CO2NA__T24.00__NC3,ZOO_COMMON_00317,0.3845999695946452,0.020048555137432176,7.062499992415104,2.75
Ross et al. 2024,Gibbs et al. 2021c,2021,Energetic lipid responses of larval oysters to ocean acidification,https://www.sciencedirect.com/science/article/abs/pii/S0025326X21004756,Zooplankton,Meroplankton,Mollusca,Saccostrea glomerata,T,3,3,NA,24,NA,28,Larval mortality at 9 days,negative,NA,Survival,60.04016064,14.60765741,90.36144578,3.825815037,-0.408804009,0.0203,NA,"flip sign because we are looking at mortality, instead of survival",Yes,NA,NA,NA,,NA,4,Gibbs_et_al_2021c,Energetic_lipid_responses_of_larval_oysters_to_ocean_acidification,Saccostrea_glomerata,Mollusca,2021,NA,24,3,Gibbs_et_al_2021c__2021__Energetic_lipid_responses_of_larval_oysters_to_ocean_acidification,ZOO_STUDY_0183,ZOO_ES_002780,ZOO_STUDY_0183__Saccostrea_glomerata__Mollusca__CO2NA__T24.00__NC3,ZOO_COMMON_00317,0.4088040093818216,0.020328853773112353,7.013641350216806,2
Lang et al. 2023,Nguyen et al. 2012,2012,NA,NA,Zooplankton,Meroplankton,Echinoderm,Meridiastra calcar,T,12,12,NA,19,NA,21,Mortality day 5 (%),negative,NA,Survival,26.22,5.02,43.7,10.6,-0.5108,0.0079614,NA,NA,Yes,NA,NA,NA,,NA,2,Nguyen_et_al_2012,NA,Meridiastra_calcar,Echinoderm,2012,NA,19,12,Nguyen_et_al_2012__2012__NA,ZOO_STUDY_0370,ZOO_ES_003116,ZOO_STUDY_0370__Meridiastra_calcar__Echinoderm__CO2NA__T19.00__NC12,ZOO_COMMON_00646,0.5108256237659907,0.00795771002584674,11.210008584297126,2.75
Ross et al. 2024,Gibbs et al. 2021a,NA,NA,https://academic.oup.com/icesjms/article/78/6/2017/6306814,Zooplankton,Meroplankton,Mollusca,Saccostrea glomerata,T,3,3,NA,24,NA,28,larval mortality (%) at 9 days of age,negative,NA,Survival,40.21164021,4.582144994,67.1957672,10.99714798,-0.513453746,0.0133,NA,"flip sign because we are looking at mortality, instead of survival",Yes,NA,NA,NA,,NA,4,Gibbs_et_al_2021a,NA,Saccostrea_glomerata,Mollusca,NA,NA,24,3,Gibbs_et_al_2021a__NA__NA,ZOO_STUDY_0181,ZOO_ES_003172,ZOO_STUDY_0181__Saccostrea_glomerata__Mollusca__CO2NA__T24.00__NC3,ZOO_COMMON_00313,0.513453746276042,0.013256272696313666,8.685389218940328,2.75
Ross et al. 2024,Gibbs et al. 2021c,2021,Energetic lipid responses of larval oysters to ocean acidification,https://www.sciencedirect.com/science/article/abs/pii/S0025326X21004756,Zooplankton,Meroplankton,Mollusca,Saccostrea glomerata,T,3,3,NA,24,NA,28,Larval mortality at 9 days,negative,NA,Survival,20.48192771,8.695034175,36.34538153,3.130212303,-0.573524218,0.0625,NA,"flip sign because we are looking at mortality, instead of survival",Yes,NA,NA,NA,,NA,4,Gibbs_et_al_2021c,Energetic_lipid_responses_of_larval_oysters_to_ocean_acidification,Saccostrea_glomerata,Mollusca,2021,NA,24,3,Gibbs_et_al_2021c__2021__Energetic_lipid_responses_of_larval_oysters_to_ocean_acidification,ZOO_STUDY_0183,ZOO_ES_003214,ZOO_STUDY_0183__Saccostrea_glomerata__Mollusca__CO2NA__T24.00__NC3,ZOO_COMMON_00317,0.5735242181299134,0.06254550083922696,3.9985447676680583,2
Hamraj et al. 2021,"Mathews et al., 2018",2018,NA,https://pubmed.ncbi.nlm.nih.gov/29948318/,Zooplankton,Holoplankton,Calanoid copepod,Parvocalanus crassirostris,T,3,3,NA,24,NA,32,Survival,ambiguous,NA,Survival,100,0.770708916,53.441948,11.76486851,-0.626574205,0.0162,NA,not sure which specific metric was looked into,Yes,NA,NA,NA,,NA,8,Mathews_et_al_2018,NA,Parvocalanus_crassirostris,Calanoid_copepod,2018,NA,24,3,Mathews_et_al_2018__2018__NA,ZOO_STUDY_0338,ZOO_ES_003230,ZOO_STUDY_0338__Parvocalanus_crassirostris__Calanoid_copepod__CO2NA__T24.00__NC3,ZOO_COMMON_00592,-0.6265742053282543,0.016174107049112544,7.863028384377696,2.75
Ross et al. 2024,Gibbs et al. 2021c,2021,Energetic lipid responses of larval oysters to ocean acidification,https://www.sciencedirect.com/science/article/abs/pii/S0025326X21004756,Zooplankton,Meroplankton,Mollusca,Saccostrea glomerata,T,3,3,NA,24,NA,28,Larval mortality at 9 days,negative,NA,Survival,52.81124498,15.30326015,100,0.001,-0.638446045,0.028,NA,"flip sign because we are looking at mortality, instead of survival",Yes,NA,NA,NA,,NA,4,Gibbs_et_al_2021c,Energetic_lipid_responses_of_larval_oysters_to_ocean_acidification,Saccostrea_glomerata,Mollusca,2021,NA,24,3,Gibbs_et_al_2021c__2021__Energetic_lipid_responses_of_larval_oysters_to_ocean_acidification,ZOO_STUDY_0183,ZOO_ES_003253,ZOO_STUDY_0183__Saccostrea_glomerata__Mollusca__CO2NA__T24.00__NC3,ZOO_COMMON_00317,0.6384460448453676,0.02798941726798834,5.977272722626933,2
Leung et al. 2022,"Vihtakari et al., 2013. Water",NA,NA,NA,Zooplankton,Meroplankton,Mussel larvae,Mytilus galloprovincialis,T,3,3,490,17,504,20,Larval survival,positive,NA,Survival,45,9.04689385778256,23,9.689888114127918,-0.6711682738411702,0.0726,NA,NA,Yes,NA,NA,NA,,14,3,Vihtakari_et_al_2013_Water,NA,Mytilus_galloprovincialis,Mussel_larvae,NA,490,17,3,Vihtakari_et_al_2013_Water__NA__NA,ZOO_STUDY_0525,ZOO_ES_003269,ZOO_STUDY_0525__Mytilus_galloprovincialis__Mussel_larvae__CO2490.00__T17.00__NC3,ZOO_COMMON_00915,-0.6711682738411702,0.07263705826599776,3.7104012391074708,2
Lang et al. 2023,Nguyen et al. 2012,2012,NA,NA,Zooplankton,Meroplankton,Echinoderm,Meridiastra calcar,T,12,12,NA,19,NA,21,Mortality  day 3 (%),negative,NA,Survival,17.56,12.57,34.45,12.54,-0.6739,0.0537749,NA,NA,Yes,NA,NA,NA,,NA,2,Nguyen_et_al_2012,NA,Meridiastra_calcar,Echinoderm,2012,NA,19,12,Nguyen_et_al_2012__2012__NA,ZOO_STUDY_0370,ZOO_ES_003312,ZOO_STUDY_0370__Meridiastra_calcar__Echinoderm__CO2NA__T19.00__NC12,ZOO_COMMON_00646,0.6738854092526971,0.05374290582475827,4.31359560174606,2
Ross et al. 2024,Gibbs et al. 2021a,NA,NA,https://academic.oup.com/icesjms/article/78/6/2017/6306814,Zooplankton,Meroplankton,Mollusca,Saccostrea glomerata,T,3,3,NA,24,NA,28,larval mortality (%) at 9 days of age,negative,NA,Survival,44.44444444,12.83000598,93.12169312,3.665715995,-0.739667196,0.0283,NA,"flip sign because we are looking at mortality, instead of survival",Yes,NA,NA,NA,,NA,4,Gibbs_et_al_2021a,NA,Saccostrea_glomerata,Mollusca,NA,NA,24,3,Gibbs_et_al_2021a__NA__NA,ZOO_STUDY_0181,ZOO_ES_003493,ZOO_STUDY_0181__Saccostrea_glomerata__Mollusca__CO2NA__T24.00__NC3,ZOO_COMMON_00313,0.7396671962766564,0.02829430670038863,5.944981008581905,2
Ross et al. 2024,Gibbs et al. 2021a,NA,NA,https://academic.oup.com/icesjms/article/78/6/2017/6306814,Zooplankton,Meroplankton,Mollusca,Saccostrea glomerata,T,3,3,NA,24,NA,28,larval mortality (%) at 9 days of age,negative,NA,Survival,19.57671958,2.749286996,41.26984127,5.498573992,-0.745790914,0.0125,NA,"flip sign because we are looking at mortality, instead of survival",Yes,NA,NA,NA,,NA,4,Gibbs_et_al_2021a,NA,Saccostrea_glomerata,Mollusca,NA,NA,24,3,Gibbs_et_al_2021a__NA__NA,ZOO_STUDY_0181,ZOO_ES_003504,ZOO_STUDY_0181__Saccostrea_glomerata__Mollusca__CO2NA__T24.00__NC3,ZOO_COMMON_00313,0.7457909138816459,0.01249130146905977,8.947385616211498,2.75
Leung et al. 2022,"Talmage and Gobler, 2011. Plos One",NA,NA,NA,Zooplankton,Meroplankton,Bivalve larvae,Mercenaria mercenaria,T,4,4,375.3,24,379,28,Survival of larvae,positive,NA,Survival,30,2,14,1,-0.7621400520468967,0.0934,NA,NA,Yes,NA,NA,NA,,3.6999999999999886,4,Talmage_and_Gobler_2011_Plos_One,NA,Mercenaria_mercenaria,Bivalve_larvae,NA,375.3,24,4,Talmage_and_Gobler_2011_Plos_One__NA__NA,ZOO_STUDY_0494,ZOO_ES_003519,ZOO_STUDY_0494__Mercenaria_mercenaria__Bivalve_larvae__CO2375.30__T24.00__NC4,ZOO_COMMON_00853,-0.7621400520468967,0.0023866213151927437,20.469547510800332,3.5
Leung et al. 2022,"Talmage and Gobler, 2011. Plos One",NA,NA,NA,Zooplankton,Meroplankton,Bivalve larvae,Crassostrea virginica,T,4,4,400,24,399.5,28,Survival of larvae,positive,NA,Survival,73,1,34,2,-0.7640989165322298,9.12e-4,NA,NA,Yes,NA,NA,NA,,-0.5,4,Talmage_and_Gobler_2011_Plos_One,NA,Crassostrea_virginica,Bivalve_larvae,NA,400,24,4,Talmage_and_Gobler_2011_Plos_One__NA__NA,ZOO_STUDY_0494,ZOO_ES_003520,ZOO_STUDY_0494__Crassostrea_virginica__Bivalve_larvae__CO2400.00__T24.00__NC4,ZOO_COMMON_00852,-0.7640989165322298,9.119650200216742e-4,33.11394397933983,3.5
Hamraj et al. 2021,"Mathews et al., 2018",2018,NA,https://pubmed.ncbi.nlm.nih.gov/29948318/,Zooplankton,Holoplankton,Calanoid copepod,Parvocalanus crassirostris,T,3,3,NA,24,NA,28,Survival,ambiguous,NA,Survival,100,0.770708916,46.277126,9.03334471,-0.770522386,0.0127,NA,not sure which specific metric was looked into,Yes,NA,NA,NA,,NA,4,Mathews_et_al_2018,NA,Parvocalanus_crassirostris,Calanoid_copepod,2018,NA,24,3,Mathews_et_al_2018__2018__NA,ZOO_STUDY_0338,ZOO_ES_003530,ZOO_STUDY_0338__Parvocalanus_crassirostris__Calanoid_copepod__CO2NA__T24.00__NC3,ZOO_COMMON_00592,-0.7705223858502077,0.012720952875050033,8.866254190399255,2.75
Lang et al. 2023,Li et al. 2011,2011,NA,NA,Zooplankton,Meroplankton,Echinoderm,Apostichopus japonicus,T,30,30,NA,21,NA,27,Survival day 8 feeding (%),positive,NA,Survival,90.8,12.05,41.7,24.1,-0.7782,0.0117206,NA,NA,Yes,NA,NA,NA,,NA,6,Li_et_al_2011,NA,Apostichopus_japonicus,Echinoderm,2011,NA,21,30,Li_et_al_2011__2011__NA,ZOO_STUDY_0308,ZOO_ES_003539,ZOO_STUDY_0308__Apostichopus_japonicus__Echinoderm__CO2NA__T21.00__NC30,ZOO_COMMON_00534,-0.7781581568024917,0.011720789082560065,9.23680073241887,2.75
Ross et al. 2024,Gibbs et al. 2021a,NA,NA,https://academic.oup.com/icesjms/article/78/6/2017/6306814,Zooplankton,Meroplankton,Mollusca,Saccostrea glomerata,T,3,3,NA,24,NA,28,larval mortality (%) at 9 days of age,negative,NA,Survival,38.0952381,11.91357698,85.5721393,3.446867279,-0.809270465,0.0331,NA,"flip sign because we are looking at mortality, instead of survival",Yes,NA,NA,NA,,NA,4,Gibbs_et_al_2021a,NA,Saccostrea_glomerata,Mollusca,NA,NA,24,3,Gibbs_et_al_2021a__NA__NA,ZOO_STUDY_0181,ZOO_ES_003588,ZOO_STUDY_0181__Saccostrea_glomerata__Mollusca__CO2NA__T24.00__NC3,ZOO_COMMON_00313,0.8092704646322667,0.033141141498649045,5.493084356970083,2
Ross et al. 2024,Gibbs et al. 2021c,2021,Energetic lipid responses of larval oysters to ocean acidification,https://www.sciencedirect.com/science/article/abs/pii/S0025326X21004756,Zooplankton,Meroplankton,Mollusca,Saccostrea glomerata,T,3,3,NA,24,NA,28,Larval mortality at 9 days,negative,NA,Survival,30.12048193,9.738438275,67.87148594,10.78184238,-0.812410601,0.0433,NA,"flip sign because we are looking at mortality, instead of survival",Yes,NA,NA,NA,,NA,4,Gibbs_et_al_2021c,Energetic_lipid_responses_of_larval_oysters_to_ocean_acidification,Saccostrea_glomerata,Mollusca,2021,NA,24,3,Gibbs_et_al_2021c__2021__Energetic_lipid_responses_of_larval_oysters_to_ocean_acidification,ZOO_STUDY_0183,ZOO_ES_003594,ZOO_STUDY_0183__Saccostrea_glomerata__Mollusca__CO2NA__T24.00__NC3,ZOO_COMMON_00317,0.8124106012551418,0.04325626475657504,4.808122153035135,2
Ross et al. 2024,Gibbs et al. 2021a,NA,NA,https://academic.oup.com/icesjms/article/78/6/2017/6306814,Zooplankton,Meroplankton,Mollusca,Saccostrea glomerata,T,3,3,NA,24,NA,28,larval mortality (%) at 9 days of age,negative,NA,Survival,40.86021505,11.17452134,94.17989418,4.582144994,-0.835049869,0.0257,NA,"flip sign because we are looking at mortality, instead of survival",Yes,NA,NA,NA,,NA,4,Gibbs_et_al_2021a,NA,Saccostrea_glomerata,Mollusca,NA,NA,24,3,Gibbs_et_al_2021a__NA__NA,ZOO_STUDY_0181,ZOO_ES_003650,ZOO_STUDY_0181__Saccostrea_glomerata__Mollusca__CO2NA__T24.00__NC3,ZOO_COMMON_00313,0.8350498687525418,0.025719789718604807,6.235428350406774,2
Ross et al. 2024,Gibbs et al. 2021a,NA,NA,https://academic.oup.com/icesjms/article/78/6/2017/6306814,Zooplankton,Meroplankton,Mollusca,Saccostrea glomerata,T,3,3,NA,24,NA,28,larval mortality (%) at 9 days of age,negative,NA,Survival,20.63492063,10.99714798,47.76119403,12.06403548,-0.839228652,0.115941917,NA,"flip sign because we are looking at mortality, instead of survival",Yes,NA,NA,NA,,NA,4,Gibbs_et_al_2021a,NA,Saccostrea_glomerata,Mollusca,NA,NA,24,3,Gibbs_et_al_2021a__NA__NA,ZOO_STUDY_0181,ZOO_ES_003656,ZOO_STUDY_0181__Saccostrea_glomerata__Mollusca__CO2NA__T24.00__NC3,ZOO_COMMON_00313,0.8392286525803431,0.11594191730605896,2.9368364455502043,2.5
Leung et al. 2022,"García et al., 2018. Mar Environ Res",NA,NA,NA,Zooplankton,Meroplankton,Urchin larvae,Paracentrotus lividus,T,3,3,899.1,19,910.2,25,Larval density,ambiguous,NA,Survival,240,9,102,7,-0.8556661100577202,1.40957782,NA,NA,Yes,NA,NA,NA,,11.100000000000023,6,Garc_a_et_al_2018_Mar_Environ_Res,NA,Paracentrotus_lividus,Urchin_larvae,NA,899.1,19,3,Garc_a_et_al_2018_Mar_Environ_Res__NA__NA,ZOO_STUDY_0165,ZOO_ES_003658,ZOO_STUDY_0165__Paracentrotus_lividus__Urchin_larvae__CO2899.10__T19.00__NC3,ZOO_COMMON_00283,-0.8556661100577202,0.002038659009355376,22.147652696700757,3.5
Lang et al. 2023,Nguyen et al. 2012,2012,NA,NA,Zooplankton,Meroplankton,Echinoderm,Meridiastra calcar,T,12,12,NA,19,NA,23,Mortality day 5 (%),negative,NA,Survival,26.22,5.02,68.31,20.02,-0.9575,0.0102178,NA,NA,Yes,NA,NA,NA,,NA,4,Nguyen_et_al_2012,NA,Meridiastra_calcar,Echinoderm,2012,NA,19,12,Nguyen_et_al_2012__2012__NA,ZOO_STUDY_0370,ZOO_ES_003704,ZOO_STUDY_0370__Meridiastra_calcar__Echinoderm__CO2NA__T19.00__NC12,ZOO_COMMON_00646,0.9575336904082042,0.010212425210829384,9.895450153632419,2.75
Ross et al. 2024,Gibbs et al. 2021a,NA,NA,https://academic.oup.com/icesjms/article/78/6/2017/6306814,Zooplankton,Meroplankton,Mollusca,Saccostrea glomerata,T,3,3,NA,24,NA,28,larval mortality (%) at 9 days of age,negative,NA,Survival,30.68783069,12.83000598,84.65608466,6.415002991,-1.014730805,0.0602,NA,"flip sign because we are looking at mortality, instead of survival",Yes,NA,NA,NA,,NA,4,Gibbs_et_al_2021a,NA,Saccostrea_glomerata,Mollusca,NA,NA,24,3,Gibbs_et_al_2021a__NA__NA,ZOO_STUDY_0181,ZOO_ES_003713,ZOO_STUDY_0181__Saccostrea_glomerata__Mollusca__CO2NA__T24.00__NC3,ZOO_COMMON_00313,1.0147308046629682,0.06017803393604332,4.0764395129253215,2
Ross et al. 2024,Gibbs et al. 2021a,NA,NA,https://academic.oup.com/icesjms/article/78/6/2017/6306814,Zooplankton,Meroplankton,Mollusca,Saccostrea glomerata,T,3,3,NA,24,NA,28,larval mortality (%) at 9 days of age,negative,NA,Survival,30.64516129,11.17452134,85.18518519,5.498573992,-1.022352756,0.0457,NA,"flip sign because we are looking at mortality, instead of survival",Yes,NA,NA,NA,,NA,4,Gibbs_et_al_2021a,NA,Saccostrea_glomerata,Mollusca,NA,NA,24,3,Gibbs_et_al_2021a__NA__NA,ZOO_STUDY_0181,ZOO_ES_003715,ZOO_STUDY_0181__Saccostrea_glomerata__Mollusca__CO2NA__T24.00__NC3,ZOO_COMMON_00313,1.0223527558705199,0.04571016495451314,4.6772825471313615,2
Ross et al. 2024,Gibbs et al. 2021c,2021,Energetic lipid responses of larval oysters to ocean acidification,https://www.sciencedirect.com/science/article/abs/pii/S0025326X21004756,Zooplankton,Meroplankton,Mollusca,Saccostrea glomerata,T,3,3,NA,24,NA,28,Larval mortality at 9 days,negative,NA,Survival,34.13654618,11.12964374,98.99598394,1.043404101,-1.064710737,0.0355,NA,"flip sign because we are looking at mortality, instead of survival",Yes,NA,NA,NA,,NA,4,Gibbs_et_al_2021c,Energetic_lipid_responses_of_larval_oysters_to_ocean_acidification,Saccostrea_glomerata,Mollusca,2021,NA,24,3,Gibbs_et_al_2021c__2021__Energetic_lipid_responses_of_larval_oysters_to_ocean_acidification,ZOO_STUDY_0183,ZOO_ES_003717,ZOO_STUDY_0183__Saccostrea_glomerata__Mollusca__CO2NA__T24.00__NC3,ZOO_COMMON_00317,1.0647107371742537,0.03546955550982377,5.309726200114909,2
Lang et al. 2023,Nguyen et al. 2012,2012,NA,NA,Zooplankton,Meroplankton,Echinoderm,Meridiastra calcar,T,12,12,NA,19,NA,23,Mortality day 3 (%),negative,NA,Survival,17.56,12.57,62.86,19.09,-1.2753,0.0504165,NA,NA,Yes,NA,NA,NA,,NA,4,Nguyen_et_al_2012,NA,Meridiastra_calcar,Echinoderm,2012,NA,19,12,Nguyen_et_al_2012__2012__NA,ZOO_STUDY_0370,ZOO_ES_003723,ZOO_STUDY_0370__Meridiastra_calcar__Echinoderm__CO2NA__T19.00__NC12,ZOO_COMMON_00646,1.2752864431624509,0.050386892484819104,4.4549333662367525,2
Ross et al. 2024,Gibbs et al. 2021a,NA,NA,https://academic.oup.com/icesjms/article/78/6/2017/6306814,Zooplankton,Meroplankton,Mollusca,Saccostrea glomerata,T,3,3,NA,24,NA,28,larval mortality (%) at 9 days of age,negative,NA,Survival,18.8172043,13.96815167,72.48677249,4.582144994,-1.348632523,0.185005453,NA,"flip sign because we are looking at mortality, instead of survival",Yes,NA,NA,NA,,NA,4,Gibbs_et_al_2021a,NA,Saccostrea_glomerata,Mollusca,NA,NA,24,3,Gibbs_et_al_2021a__NA__NA,ZOO_STUDY_0181,ZOO_ES_003728,ZOO_STUDY_0181__Saccostrea_glomerata__Mollusca__CO2NA__T24.00__NC3,ZOO_COMMON_00313,1.3486325230939387,0.18500545289515585,2.3249185115156488,2.5
Ross et al. 2024,Gibbs et al. 2021a,NA,NA,https://academic.oup.com/icesjms/article/78/6/2017/6306814,Zooplankton,Meroplankton,Mollusca,Saccostrea glomerata,T,3,3,NA,24,NA,28,larval mortality (%) at 9 days of age,negative,NA,Survival,5.82010582,7.33143199,22.75132275,8.247860988,-1.363304843,0.572733083,NA,"flip sign because we are looking at mortality, instead of survival",Yes,NA,NA,NA,,NA,4,Gibbs_et_al_2021a,NA,Saccostrea_glomerata,Mollusca,NA,NA,24,3,Gibbs_et_al_2021a__NA__NA,ZOO_STUDY_0181,ZOO_ES_003729,ZOO_STUDY_0181__Saccostrea_glomerata__Mollusca__CO2NA__T24.00__NC3,ZOO_COMMON_00313,1.3633048428552341,0.5727330833902341,1.3213682422656832,2.5
Ross et al. 2024,Gibbs et al. 2021a,NA,NA,https://academic.oup.com/icesjms/article/78/6/2017/6306814,Zooplankton,Meroplankton,Mollusca,Saccostrea glomerata,T,3,3,NA,24,NA,28,larval mortality (%) at 9 days of age,negative,NA,Survival,14.81481481,7.33143199,82.53968254,9.164289987,-1.717651497,0.0857,NA,"flip sign because we are looking at mortality, instead of survival",Yes,NA,NA,NA,,NA,4,Gibbs_et_al_2021a,NA,Saccostrea_glomerata,Mollusca,NA,NA,24,3,Gibbs_et_al_2021a__NA__NA,ZOO_STUDY_0181,ZOO_ES_003768,ZOO_STUDY_0181__Saccostrea_glomerata__Mollusca__CO2NA__T24.00__NC3,ZOO_COMMON_00313,1.7176514974031794,0.08574179184512314,3.4151023378052816,2.5
Lang et al. 2023,Balogh and Byrne 2020,2020,NA,NA,Zooplankton,Meroplankton,Echinoderm,Parvulastra exigua,T,6,6,NA,18,NA,26,Survival day 10 (%),positive,NA,Survival,96.07,4.83,14.25,17.32,-1.9083,0.2465757,NA,NA,Yes,NA,NA,NA,,NA,8,Balogh_and_Byrne_2020,NA,Parvulastra_exigua,Echinoderm,2020,NA,18,6,Balogh_and_Byrne_2020__2020__NA,ZOO_STUDY_0028,ZOO_ES_003774,ZOO_STUDY_0028__Parvulastra_exigua__Echinoderm__CO2NA__T18.00__NC6,ZOO_COMMON_00042,-1.9083201857069876,0.24663644033031007,2.013591541371538,2.5
