"Panel","Study","x_order","Block","Taxon","n","value_type","mean_value","ci_low","ci_high","ci_shown","unit","ci_method","sd","se","median_value","min_value","max_value","ci_low_raw","ci_high_raw","denominator_note"
"Distribution change","This study",1,"Zooplankton","Ctenophores",0,"Mean",NA,NA,NA,NA,"km decade^-1","t-based 95% CI around the mean; shown only when n >= 3",NA,NA,NA,NA,NA,NA,NA,NA
"Distribution change","This study",2,"Zooplankton","Echinoderms",1,"Mean",-2.22,NA,NA,FALSE,"km decade^-1","t-based 95% CI around the mean; shown only when n >= 3",NA,NA,-2.22,-2.22,-2.22,NA,NA,NA
"Distribution change","This study",3,"Zooplankton","Decapods",17,"Mean",20.1747058823529,1.64381041031687,38.705601354389,TRUE,"km decade^-1","t-based 95% CI around the mean; shown only when n >= 3",36.0416285560265,8.74137890916325,10.35,-23.19,115.96,1.64381041031687,38.705601354389,NA
"Distribution change","This study",4,"Zooplankton","Other protists",0,"Mean",NA,NA,NA,NA,"km decade^-1","t-based 95% CI around the mean; shown only when n >= 3",NA,NA,NA,NA,NA,NA,NA,NA
"Distribution change","This study",5,"Zooplankton","Cladocerans",0,"Mean",NA,NA,NA,NA,"km decade^-1","t-based 95% CI around the mean; shown only when n >= 3",NA,NA,NA,NA,NA,NA,NA,NA
"Distribution change","This study",6,"Zooplankton","Calanoids",46,"Mean",50.3901552795031,26.9373223470811,73.8429882119251,TRUE,"km decade^-1","t-based 95% CI around the mean; shown only when n >= 3",78.9755147947887,11.6443043896837,31.568,-147.196,282,26.9373223470811,73.8429882119251,NA
"Distribution change","This study",7,"Zooplankton","Appendicularians",0,"Mean",NA,NA,NA,NA,"km decade^-1","t-based 95% CI around the mean; shown only when n >= 3",NA,NA,NA,NA,NA,NA,NA,NA
"Distribution change","This study",8,"Zooplankton","Fish larvae",34,"Mean",17.1963420662383,0.694239636531449,33.6984444959451,TRUE,"km decade^-1","t-based 95% CI around the mean; shown only when n >= 3",47.295277431467,8.11107316341903,6.705,-24.49,196.447058823529,0.694239636531449,33.6984444959451,NA
"Distribution change","This study",9,"Zooplankton","Chaetognaths",0,"Mean",NA,NA,NA,NA,"km decade^-1","t-based 95% CI around the mean; shown only when n >= 3",NA,NA,NA,NA,NA,NA,NA,NA
"Distribution change","This study",10,"Zooplankton","Cyphonautes",0,"Mean",NA,NA,NA,NA,"km decade^-1","t-based 95% CI around the mean; shown only when n >= 3",NA,NA,NA,NA,NA,NA,NA,NA
"Distribution change","This study",11,"Zooplankton","Polychaetes",3,"Mean",20.6333333333333,-57.4101152310251,98.6767818976917,TRUE,"km decade^-1","t-based 95% CI around the mean; shown only when n >= 3",31.4167158266636,18.1384493395782,35.71,-15.48,41.67,-57.4101152310251,98.6767818976917,NA
"Distribution change","This study",12,"Zooplankton","Other crustaceans",0,"Mean",NA,NA,NA,NA,"km decade^-1","t-based 95% CI around the mean; shown only when n >= 3",NA,NA,NA,NA,NA,NA,NA,NA
"Distribution change","This study",13,"Zooplankton","Cnidarians",0,"Mean",NA,NA,NA,NA,"km decade^-1","t-based 95% CI around the mean; shown only when n >= 3",NA,NA,NA,NA,NA,NA,NA,NA
"Distribution change","This study",14,"Zooplankton","Unspecified copepods",0,"Mean",NA,NA,NA,NA,"km decade^-1","t-based 95% CI around the mean; shown only when n >= 3",NA,NA,NA,NA,NA,NA,NA,NA
"Distribution change","This study",15,"Zooplankton","Molluscs",0,"Mean",NA,NA,NA,NA,"km decade^-1","t-based 95% CI around the mean; shown only when n >= 3",NA,NA,NA,NA,NA,NA,NA,NA
"Distribution change","This study",16,"Zooplankton","Non-calanoids",2,"Mean",-63.944,NA,NA,FALSE,"km decade^-1","t-based 95% CI around the mean; shown only when n >= 3",62.3215632666575,44.068,-63.944,-108.012,-19.876,-623.881030313746,495.993030313746,NA
"Distribution change","This study",17,"Zooplankton","Foraminifera",24,"Mean",80.8100740740741,15.709213062666,145.910935085482,TRUE,"km decade^-1","t-based 95% CI around the mean; shown only when n >= 3",154.171372285716,31.4700995870557,67.3073703703704,-199.757555555556,541.963481481481,15.709213062666,145.910935085482,NA
"Distribution change","This study",18,"Zooplankton","Euphausiids",5,"Mean",169.269762951989,-14.1605108746415,352.70003677862,TRUE,"km decade^-1","t-based 95% CI around the mean; shown only when n >= 3",147.729397076816,66.0665948277639,87.8058823529413,39.4751773049645,330,-14.1605108746415,352.70003677862,NA
"Distribution change","This study",19,"Zooplankton","Holoplankton",77,"Mean",64.6214251349983,38.3016920024295,90.941158267567,TRUE,"km decade^-1","t-based 95% CI around the mean; shown only when n >= 3",115.960183318061,13.2148893372915,39,-199.757555555556,541.963481481481,38.3016920024295,90.941158267567,NA
"Distribution change","This study",20,"Zooplankton","Meroplankton",55,"Mean",17.9513750954927,6.4874750041023,29.4152751868832,TRUE,"km decade^-1","t-based 95% CI around the mean; shown only when n >= 3",42.4058241385807,5.71800016037431,7.4,-24.49,196.447058823529,6.4874750041023,29.4152751868832,NA
"Distribution change","This study",21,"Phytoplankton","Zooplankton",132,"Mean",45.175570951871,28.7720881931073,61.5790537106346,TRUE,"km decade^-1","t-based 95% CI around the mean; shown only when n >= 3",95.2674133684452,8.29196400407072,14.257,-199.757555555556,541.963481481481,28.7720881931073,61.5790537106346,NA
"Distribution change","Poloczanska et al. (2016)",22,"General marine taxa","Zooplankton",43,"Mean",34.3941860465116,-3.78572214833279,72.574094241356,TRUE,"km decade^-1","t-based 95% CI around the mean; shown only when n >= 3",124.059596051801,18.9189110339401,7.4,-161.88,693.75,-3.78572214833279,72.574094241356,NA
"Distribution change","Poloczanska et al. (2016)",23,"General marine taxa","Reptiles",0,"Mean",NA,NA,NA,NA,"km decade^-1","t-based 95% CI around the mean; shown only when n >= 3",NA,NA,NA,NA,NA,NA,NA,NA
"Distribution change","Poloczanska et al. (2016)",24,"General marine taxa","Benthic crustaceans",30,"Mean",4.95933333333333,-17.3549607407692,27.2736274074359,TRUE,"km decade^-1","t-based 95% CI around the mean; shown only when n >= 3",59.7587770459117,10.9104100656559,4.07,-155.4,131.5,-17.3549607407692,27.2736274074359,NA
"Distribution change","Poloczanska et al. (2016)",25,"General marine taxa","Fish",135,"Mean",43.0439259259259,23.6629911527181,62.4248606991337,TRUE,"km decade^-1","t-based 95% CI around the mean; shown only when n >= 3",113.855384839103,9.79911131906401,6.1,-85.47,685,23.6629911527181,62.4248606991337,NA
"Distribution change","Poloczanska et al. (2016)",26,"General marine taxa","Phytoplankton",2,"Mean",358,NA,NA,FALSE,"km decade^-1","t-based 95% CI around the mean; shown only when n >= 3",67.8822509939086,48,358,310,406,-251.897827336385,967.897827336385,NA
"Distribution change","Poloczanska et al. (2016)",27,"General marine taxa","Mammals",1,"Mean",-857,NA,NA,FALSE,"km decade^-1","t-based 95% CI around the mean; shown only when n >= 3",NA,NA,-857,-857,-857,NA,NA,NA
"Distribution change","Poloczanska et al. (2016)",28,"General marine taxa","Benthic molluscs",49,"Mean",7.29306122448979,-11.8555173304659,26.4416397794455,TRUE,"km decade^-1","t-based 95% CI around the mean; shown only when n >= 3",66.6655390176739,9.52364843109628,0,-155.37,250,-11.8555173304659,26.4416397794455,NA
"Distribution change","Poloczanska et al. (2016)",29,"General marine taxa","Seabirds",4,"Mean",104.5,-150.60468541522,359.60468541522,TRUE,"km decade^-1","t-based 95% CI around the mean; shown only when n >= 3",160.319867764417,80.1599338822083,85.1,-52.2,300,-150.60468541522,359.60468541522,NA
"Distribution change","Poloczanska et al. (2016)",30,"General marine taxa","Benthic algae",96,"Mean",9.42291666666667,-1.99257928936737,20.8384126227007,TRUE,"km decade^-1","t-based 95% CI around the mean; shown only when n >= 3",56.3397579524473,5.75015246730861,0,-111,463,-1.99257928936737,20.8384126227007,NA
"Distribution change","Poloczanska et al. (2016)",31,"General marine taxa","Benthic cnidarians",20,"Mean",25.425,3.93395121146715,46.9160487885328,TRUE,"km decade^-1","t-based 95% CI around the mean; shown only when n >= 3",45.9196308783074,10.2679416145594,0,-31.5,140,3.93395121146715,46.9160487885328,NA
"Distribution change","Poloczanska et al. (2016)",32,"General marine taxa","Other benthic invertebrates",8,"Mean",32.275,-13.8149164893699,78.3649164893699,TRUE,"km decade^-1","t-based 95% CI around the mean; shown only when n >= 3",55.1300993754125,19.4914335579212,15.3,-15.6,160,-13.8149164893699,78.3649164893699,NA
"Distribution change","Poloczanska et al. (2016)",33,"General marine taxa","All marine taxa",388,"Mean",25.1142268041237,14.6311088406075,35.59734476764,TRUE,"km decade^-1","t-based 95% CI around the mean; shown only when n >= 3",105.02626247751,5.33190064224286,0.4,-857,693.75,14.6311088406075,35.59734476764,NA
