"Category","Calcifier","Treatment","k","n_studies","n_common_id","n_full_factorial_common_id","n_pH","n_T","n_TpH","Mean lnRR","95% CI","p-value","% change","% change 95% CI","model_status","model_message"
"Growth","Calcifier","pH",152,16,20,20,43,39,70,"-0.106","-0.190 to -0.023","0.013","-10.1%","-17.3% to -2.2%","fitted",NA
"Growth","Calcifier","T",152,16,20,20,43,39,70,"0.046","-0.040 to 0.132","0.298","4.7%","-3.9% to 14.1%","fitted",NA
"Growth","Calcifier","T + pH",152,16,20,20,43,39,70,"-0.039","-0.120 to 0.041","0.339","-3.8%","-11.3% to 4.2%","fitted",NA
"Growth","Non-calcifier","pH",95,21,22,22,28,34,33,"-0.059","-0.183 to 0.065","0.351","-5.7%","-16.7% to 6.7%","fitted",NA
"Growth","Non-calcifier","T",95,21,22,22,28,34,33,"0.032","-0.086 to 0.150","0.599","3.2%","-8.3% to 16.2%","fitted",NA
"Growth","Non-calcifier","T + pH",95,21,22,22,28,34,33,"-0.007","-0.126 to 0.113","0.914","-0.7%","-11.8% to 11.9%","fitted",NA
"Development","Calcifier","pH",188,21,27,27,59,47,82,"0.052","-0.189 to 0.293","0.673","5.3%","-17.2% to 34.0%","fitted",NA
"Development","Calcifier","T",188,21,27,27,59,47,82,"-0.303","-0.553 to -0.053","0.018","-26.1%","-42.5% to -5.2%","fitted",NA
"Development","Calcifier","T + pH",188,21,27,27,59,47,82,"-0.101","-0.330 to 0.128","0.388","-9.6%","-28.1% to 13.7%","fitted",NA
"Development","Non-calcifier","pH",86,17,22,22,27,30,29,"0.008","-0.193 to 0.210","0.935","0.8%","-17.6% to 23.4%","fitted",NA
"Development","Non-calcifier","T",86,17,22,22,27,30,29,"0.165","-0.031 to 0.361","0.100","17.9%","-3.1% to 43.4%","fitted",NA
"Development","Non-calcifier","T + pH",86,17,22,22,27,30,29,"0.372","0.172 to 0.571","<0.001","45.0%","18.8% to 77.1%","fitted",NA
"Physiology","Calcifier","pH",60,7,9,9,13,21,26,"0.046","-0.549 to 0.640","0.880","4.7%","-42.2% to 89.7%","fitted",NA
"Physiology","Calcifier","T",60,7,9,9,13,21,26,"0.042","-0.536 to 0.619","0.887","4.3%","-41.5% to 85.7%","fitted",NA
"Physiology","Calcifier","T + pH",60,7,9,9,13,21,26,"0.010","-0.565 to 0.584","0.973","1.0%","-43.1% to 79.4%","fitted",NA
"Physiology","Non-calcifier","pH",130,24,31,31,40,45,45,"0.004","-0.076 to 0.085","0.913","0.5%","-7.3% to 8.9%","fitted",NA
"Physiology","Non-calcifier","T",130,24,31,31,40,45,45,"-0.181","-0.259 to -0.102","<0.001","-16.5%","-22.8% to -9.7%","fitted",NA
"Physiology","Non-calcifier","T + pH",130,24,31,31,40,45,45,"-0.094","-0.173 to -0.015","0.020","-8.9%","-15.9% to -1.5%","fitted",NA
"Reproduction","Calcifier","pH",191,12,25,25,56,45,90,"-0.218","-0.335 to -0.100","<0.001","-19.6%","-28.5% to -9.5%","fitted",NA
"Reproduction","Calcifier","T",191,12,25,25,56,45,90,"-0.097","-0.218 to 0.023","0.114","-9.3%","-19.6% to 2.4%","fitted",NA
"Reproduction","Calcifier","T + pH",191,12,25,25,56,45,90,"-0.177","-0.290 to -0.064","0.002","-16.2%","-25.2% to -6.2%","fitted",NA
"Reproduction","Non-calcifier","pH",62,12,16,16,18,22,22,"-0.053","-0.248 to 0.141","0.590","-5.2%","-21.9% to 15.1%","fitted",NA
"Reproduction","Non-calcifier","T",62,12,16,16,18,22,22,"-0.234","-0.421 to -0.047","0.014","-20.9%","-34.4% to -4.6%","fitted",NA
"Reproduction","Non-calcifier","T + pH",62,12,16,16,18,22,22,"-0.278","-0.467 to -0.089","0.004","-24.3%","-37.3% to -8.6%","fitted",NA
"Survival","Calcifier","pH",37,7,7,7,11,10,16,"0.187","-0.103 to 0.476","0.207","20.5%","-9.8% to 61.0%","fitted",NA
"Survival","Calcifier","T",37,7,7,7,11,10,16,"0.053","-0.248 to 0.354","0.731","5.4%","-22.0% to 42.5%","fitted",NA
"Survival","Calcifier","T + pH",37,7,7,7,11,10,16,"0.149","-0.134 to 0.432","0.302","16.1%","-12.5% to 54.0%","fitted",NA
"Survival","Non-calcifier","pH",55,13,14,14,17,18,20,"0.088","-0.234 to 0.409","0.593","9.2%","-20.8% to 50.5%","fitted",NA
"Survival","Non-calcifier","T",55,13,14,14,17,18,20,"0.044","-0.275 to 0.362","0.787","4.5%","-24.0% to 43.7%","fitted",NA
"Survival","Non-calcifier","T + pH",55,13,14,14,17,18,20,"0.156","-0.161 to 0.474","0.334","16.9%","-14.9% to 60.6%","fitted",NA
"Overall","Calcifier","pH",633,34,61,61,183,164,286,"-0.091","-0.199 to 0.017","0.100","-8.7%","-18.0% to 1.8%","fitted",NA
"Overall","Calcifier","T",633,34,61,61,183,164,286,"-0.117","-0.227 to -0.007","0.037","-11.0%","-20.3% to -0.7%","fitted",NA
"Overall","Calcifier","T + pH",633,34,61,61,183,164,286,"-0.110","-0.212 to -0.008","0.034","-10.4%","-19.1% to -0.8%","fitted",NA
"Overall","Non-calcifier","pH",432,42,75,75,132,149,151,"-0.035","-0.115 to 0.045","0.393","-3.4%","-10.8% to 4.6%","fitted",NA
"Overall","Non-calcifier","T",432,42,75,75,132,149,151,"-0.056","-0.134 to 0.022","0.158","-5.4%","-12.5% to 2.2%","fitted",NA
"Overall","Non-calcifier","T + pH",432,42,75,75,132,149,151,"-0.018","-0.095 to 0.060","0.659","-1.7%","-9.1% to 6.2%","fitted",NA
