"analysis_scope","analysis_id","Category","Response_category","Broad_subgroup","Treatment","Treatment_label","mean","se","ci_low","ci_high","zval","pval","k","n_studies","n_common_id","n_full_factorial_common_id","n_pH","n_T","n_TpH","model_status","model_message","category_x","stream_id","offset","k_treatment","x_pos","k_label"
"all_data","Growth_Holoplankton","Growth","Growth","Holoplankton","pH","pH",-0.194546116076155,0.0671955226562436,-0.326246920404738,-0.0628453117475729,-2.89522438974703,0.00378887584872088,161,32,65,2,103,23,35,"fitted",NA,1,"Holoplankton_pH",-0.3,103,0.7,"103"
"all_data","Growth_Holoplankton","Growth","Growth","Holoplankton","T","T",-0.219016096585267,0.125790721746629,-0.46556138079796,0.0275291876274255,-1.74111487353109,0.0816634447232609,161,32,65,2,103,23,35,"fitted",NA,1,"Holoplankton_T",-0.18,23,0.82,"23"
"all_data","Growth_Holoplankton","Growth","Growth","Holoplankton","TpH","T + pH",-0.231462518279295,0.121742284139467,-0.470073010588293,0.00714797402970244,-1.90125000459276,0.0572692741792517,161,32,65,2,103,23,35,"fitted",NA,1,"Holoplankton_T + pH",-0.06,35,0.94,"35"
"all_data","Growth_Meroplankton","Growth","Growth","Meroplankton","pH","pH",-0.0961277151674477,0.0153380525918152,-0.126189745840387,-0.0660656844945087,-6.26726988918687,3.67433010026818e-10,617,217,265,40,380,130,107,"fitted",NA,1,"Meroplankton_pH",0.06,380,1.06,"380"
"all_data","Growth_Meroplankton","Growth","Growth","Meroplankton","T","T",0.0363678717509715,0.025239167205238,-0.0130999869710794,0.0858357304730223,1.44092994254675,0.149604475907675,617,217,265,40,380,130,107,"fitted",NA,1,"Meroplankton_T",0.18,130,1.18,"130"
"all_data","Growth_Meroplankton","Growth","Growth","Meroplankton","TpH","T + pH",-0.0263486076597151,0.0260823381928766,-0.0774690511503468,0.0247718358309166,-1.01020880355394,0.312395262349996,617,217,265,40,380,130,107,"fitted",NA,1,"Meroplankton_T + pH",0.3,107,1.3,"107"
"all_data","Development_Holoplankton","Development","Development","Holoplankton","pH","pH",-0.0521530968799528,0.0485913207399807,-0.147390335491549,0.0430841417316436,-1.07330066533963,0.28313623678457,4,3,3,0,2,1,1,"fitted",NA,2,"Holoplankton_pH",-0.3,2,1.7,"2"
"all_data","Development_Holoplankton","Development","Development","Holoplankton","T","T",-2.42036812865043,1.12018262955976,-4.61588573869492,-0.224850518605935,-2.16069064524029,0.0307192440200268,4,3,3,0,2,1,1,"fitted",NA,2,"Holoplankton_T",-0.18,1,1.82,"1"
"all_data","Development_Holoplankton","Development","Development","Holoplankton","TpH","T + pH",-2.32727770558442,1.12456698502347,-4.53138849443321,-0.12316691673562,-2.06948784427976,0.0385003308461131,4,3,3,0,2,1,1,"fitted",NA,2,"Holoplankton_T + pH",-0.06,1,1.94,"1"
"all_data","Development_Meroplankton","Development","Development","Meroplankton","pH","pH",-0.295636537729826,0.0707746379591398,-0.434352279148601,-0.15692079631105,-4.17715365637766,2.95179631641095e-05,551,123,168,49,203,211,137,"fitted",NA,2,"Meroplankton_pH",0.06,203,2.06,"203"
"all_data","Development_Meroplankton","Development","Development","Meroplankton","T","T",-0.42174211768207,0.0797235606517937,-0.57799742527888,-0.26548681008526,-5.29005621718404,1.222787697592e-07,551,123,168,49,203,211,137,"fitted",NA,2,"Meroplankton_T",0.18,211,2.18,"211"
"all_data","Development_Meroplankton","Development","Development","Meroplankton","TpH","T + pH",-0.355874267008887,0.0847806397194206,-0.522041267445217,-0.189707266572556,-4.19758883852072,2.69771843784977e-05,551,123,168,49,203,211,137,"fitted",NA,2,"Meroplankton_T + pH",0.3,137,2.3,"137"
"all_data","Physiology_Holoplankton","Physiology","Physiology","Holoplankton","pH","pH",-0.0882230747451741,0.0782819376056018,-0.241652853092165,0.0652067036018171,-1.12699145478051,0.259746093921612,358,75,137,4,228,83,47,"fitted",NA,3,"Holoplankton_pH",-0.3,228,2.7,"228"
"all_data","Physiology_Holoplankton","Physiology","Physiology","Holoplankton","T","T",-0.255622400790873,0.112803479844504,-0.47671315861689,-0.0345316429648561,-2.26608612733615,0.0234461104553773,358,75,137,4,228,83,47,"fitted",NA,3,"Holoplankton_T",-0.18,83,2.82,"83"
"all_data","Physiology_Holoplankton","Physiology","Physiology","Holoplankton","TpH","T + pH",-0.153562194686708,0.136424139330858,-0.420948594397064,0.113824205023648,-1.12562333498976,0.260324986629843,358,75,137,4,228,83,47,"fitted",NA,3,"Holoplankton_T + pH",-0.06,47,2.94,"47"
"all_data","Physiology_Meroplankton","Physiology","Physiology","Meroplankton","pH","pH",-0.102244301055195,0.0435425366070824,-0.187586104600594,-0.016902497509797,-2.34814755919766,0.0188670451930945,323,91,134,36,145,91,87,"fitted",NA,3,"Meroplankton_pH",0.06,145,3.06,"145"
"all_data","Physiology_Meroplankton","Physiology","Physiology","Meroplankton","T","T",0.0872738114909219,0.0473936420442451,-0.00561602001198175,0.180163642993825,1.84146665515695,0.0655532027165973,323,91,134,36,145,91,87,"fitted",NA,3,"Meroplankton_T",0.18,91,3.18,"91"
"all_data","Physiology_Meroplankton","Physiology","Physiology","Meroplankton","TpH","T + pH",0.0146280516934962,0.0480222785215642,-0.0794938846643211,0.108749988051314,0.304609696662509,0.760663433928979,323,91,134,36,145,91,87,"fitted",NA,3,"Meroplankton_T + pH",0.3,87,3.3,"87"
"all_data","Reproduction_Holoplankton","Reproduction","Reproduction","Holoplankton","pH","pH",-0.154615565399059,0.069219967462896,-0.290284208637369,-0.0189469221607483,-2.23368445646753,0.0255038424405216,213,49,73,2,114,97,2,"fitted",NA,4,"Holoplankton_pH",-0.3,114,3.7,"114"
"all_data","Reproduction_Holoplankton","Reproduction","Reproduction","Holoplankton","T","T",0.308442907037946,0.0731478386917597,0.165075777655151,0.45181003642074,4.21670568200524,2.47897179889918e-05,213,49,73,2,114,97,2,"fitted",NA,4,"Holoplankton_T",-0.18,97,3.82,"97"
"all_data","Reproduction_Holoplankton","Reproduction","Reproduction","Holoplankton","TpH","T + pH",-0.109977057698886,0.300000742079609,-0.69796770751021,0.478013592112437,-0.366589285534843,0.713925401547865,213,49,73,2,114,97,2,"fitted",NA,4,"Holoplankton_T + pH",-0.06,2,3.94,"2"
"all_data","Reproduction_Meroplankton","Reproduction","Reproduction","Meroplankton","pH","pH",-0.22030084504371,0.0335360066580123,-0.28603021027871,-0.154571479808711,-6.5690840084288,5.06257179360412e-11,549,134,192,39,261,152,136,"fitted",NA,4,"Meroplankton_pH",0.06,261,4.06,"261"
"all_data","Reproduction_Meroplankton","Reproduction","Reproduction","Meroplankton","T","T",-0.196692874280674,0.0466425851175439,-0.288110661256904,-0.105275087304444,-4.21702343009051,2.47548262694351e-05,549,134,192,39,261,152,136,"fitted",NA,4,"Meroplankton_T",0.18,152,4.18,"152"
"all_data","Reproduction_Meroplankton","Reproduction","Reproduction","Meroplankton","TpH","T + pH",-0.352694497760458,0.0475337870518818,-0.445859008430943,-0.259529987089974,-7.41986952092628,1.17235771339854e-13,549,134,192,39,261,152,136,"fitted",NA,4,"Meroplankton_T + pH",0.3,136,4.3,"136"
"all_data","Survival_Holoplankton","Survival","Survival","Holoplankton","pH","pH",-0.34628503524524,0.102186310820232,-0.546566524165909,-0.14600354632457,-3.38876149325355,0.000702090499429031,134,34,58,0,96,34,4,"fitted",NA,5,"Holoplankton_pH",-0.3,96,4.7,"96"
"all_data","Survival_Holoplankton","Survival","Survival","Holoplankton","T","T",0.0247158178329772,0.122862498773056,-0.216090254812809,0.265521890478764,0.201166491645516,0.840568391667826,134,34,58,0,96,34,4,"fitted",NA,5,"Holoplankton_T",-0.18,34,4.82,"34"
"all_data","Survival_Holoplankton","Survival","Survival","Holoplankton","TpH","T + pH",-0.129486525810175,0.328960587210086,-0.774237429075091,0.515264377454741,-0.393623220667101,0.693859234856911,134,34,58,0,96,34,4,"fitted",NA,5,"Holoplankton_T + pH",-0.06,4,4.94,"4"
"all_data","Survival_Meroplankton","Survival","Survival","Meroplankton","pH","pH",-0.163095917192778,0.0440089804164247,-0.249351933805299,-0.0768399005802567,-3.70596900108843,0.000210584056398364,356,104,130,21,200,101,55,"fitted",NA,5,"Meroplankton_pH",0.06,200,5.06,"200"
"all_data","Survival_Meroplankton","Survival","Survival","Meroplankton","T","T",-0.208877478960544,0.0650044780898186,-0.336283914850412,-0.0814710430706769,-3.21327830171842,0.00131229065089463,356,104,130,21,200,101,55,"fitted",NA,5,"Meroplankton_T",0.18,101,5.18,"101"
"all_data","Survival_Meroplankton","Survival","Survival","Meroplankton","TpH","T + pH",-0.222930837726903,0.0803903175209989,-0.3804929647738,-0.0653687106800059,-2.77310557541548,0.00555241038657147,356,104,130,21,200,101,55,"fitted",NA,5,"Meroplankton_T + pH",0.3,55,5.3,"55"
"all_data","Overall_Holoplankton","Overall",NA,"Holoplankton","pH","pH",-0.146981463529894,0.0497542556234186,-0.244498012629393,-0.0494649144303937,-2.95414857861348,0.00313533015381257,870,154,283,6,543,238,89,"fitted",NA,6,"Holoplankton_pH",-0.3,543,5.7,"543"
"all_data","Overall_Holoplankton","Overall",NA,"Holoplankton","T","T",-0.0209891745919572,0.06471590382659,-0.147830015319031,0.105851666135117,-0.324327921745463,0.745689782691082,870,154,283,6,543,238,89,"fitted",NA,6,"Holoplankton_T",-0.18,238,5.82,"238"
"all_data","Overall_Holoplankton","Overall",NA,"Holoplankton","TpH","T + pH",-0.0734414769700377,0.0890709846711058,-0.248017398992924,0.101134445052849,-0.824527507372014,0.409639892681789,870,154,283,6,543,238,89,"fitted",NA,6,"Holoplankton_T + pH",-0.06,89,5.94,"89"
"all_data","Overall_Meroplankton","Overall",NA,"Meroplankton","pH","pH",-0.165875278919801,0.021280517327531,-0.207584326454142,-0.124166231385459,-7.79470143355984,6.45609473948699e-15,2396,374,610,130,1189,685,522,"fitted",NA,6,"Meroplankton_pH",0.06,1189,6.06,"1189"
"all_data","Overall_Meroplankton","Overall",NA,"Meroplankton","T","T",-0.161837221484152,0.0286120825525578,-0.217915872809852,-0.105758570158452,-5.65625452767626,1.54711984118773e-08,2396,374,610,130,1189,685,522,"fitted",NA,6,"Meroplankton_T",0.18,685,6.18,"685"
"all_data","Overall_Meroplankton","Overall",NA,"Meroplankton","TpH","T + pH",-0.220297795169645,0.0300590445979215,-0.279212439991255,-0.161383150348036,-7.32883556734463,2.32161023052508e-13,2396,374,610,130,1189,685,522,"fitted",NA,6,"Meroplankton_T + pH",0.3,522,6.3,"522"
