"direction_scenario","analysis_scope","analysis_id","Category","Response_category","Calcifier","Treatment","Treatment_label","mean","se","ci_low","ci_high","zval","pval","k","n_studies","n_common_id","n_full_factorial_common_id","n_pH","n_T","n_TpH","model_status","model_message"
"ambiguous_negative","full_factorial_only","ambiguous_negative_Growth_Calcifier","Growth","Growth","Calcifier","pH","pH",-0.106234082827365,0.0426954185230529,-0.189915565437413,-0.0225526002173165,-2.48818459924464,0.0128397068085513,152,16,20,20,43,39,70,"fitted",NA
"ambiguous_negative","full_factorial_only","ambiguous_negative_Growth_Calcifier","Growth","Growth","Calcifier","T","T",0.0456574699129558,0.0438496085598775,-0.0402861836005833,0.131601123426495,1.04122867711828,0.297769429335454,152,16,20,20,43,39,70,"fitted",NA
"ambiguous_negative","full_factorial_only","ambiguous_negative_Growth_Calcifier","Growth","Growth","Calcifier","TpH","T + pH",-0.0391900796293094,0.0410027111959697,-0.119553916841907,0.0411737575832886,-0.955792397288145,0.339177130142503,152,16,20,20,43,39,70,"fitted",NA
"ambiguous_negative","full_factorial_only","ambiguous_negative_Growth_Non_calcifier","Growth","Growth","Non-calcifier","pH","pH",-0.0589122397462737,0.0632035624052238,-0.182788945755142,0.0649644662625946,-0.932103152169863,0.351283219167559,95,21,22,22,28,34,33,"fitted",NA
"ambiguous_negative","full_factorial_only","ambiguous_negative_Growth_Non_calcifier","Growth","Growth","Non-calcifier","T","T",0.0316732496029017,0.0602432600696237,-0.0864013704448407,0.149747869650644,0.525755903088522,0.599057816715479,95,21,22,22,28,34,33,"fitted",NA
"ambiguous_negative","full_factorial_only","ambiguous_negative_Growth_Non_calcifier","Growth","Growth","Non-calcifier","TpH","T + pH",-0.00659754699694477,0.0608650495403259,-0.12589085201323,0.11269575801934,-0.108396313594941,0.913681325232137,95,21,22,22,28,34,33,"fitted",NA
"ambiguous_negative","full_factorial_only","ambiguous_negative_Development_Calcifier","Development","Development","Calcifier","pH","pH",0.0518758904305472,0.123027992675552,-0.189254544303793,0.293006325164887,0.421659244391263,0.673273756425247,188,21,27,27,59,47,82,"fitted",NA
"ambiguous_negative","full_factorial_only","ambiguous_negative_Development_Calcifier","Development","Development","Calcifier","T","T",-0.302753806509575,0.127468196005463,-0.552586879854575,-0.052920733164576,-2.37513211920408,0.0175426697276642,188,21,27,27,59,47,82,"fitted",NA
"ambiguous_negative","full_factorial_only","ambiguous_negative_Development_Calcifier","Development","Development","Calcifier","TpH","T + pH",-0.100761051753773,0.116816506077953,-0.329717196466365,0.128195092958819,-0.862558341597156,0.388380343047953,188,21,27,27,59,47,82,"fitted",NA
"ambiguous_negative","full_factorial_only","ambiguous_negative_Development_Non_calcifier","Development","Development","Non-calcifier","pH","pH",0.00838798451003228,0.102999432945909,-0.193487194491997,0.210263163512061,0.0814371911584924,0.93509427305341,86,17,22,22,27,30,29,"fitted",NA
"ambiguous_negative","full_factorial_only","ambiguous_negative_Development_Non_calcifier","Development","Development","Non-calcifier","T","T",0.164641212824734,0.0999942758701457,-0.0313439665409146,0.360626392190382,1.64650637641038,0.0996595483812545,86,17,22,22,27,30,29,"fitted",NA
"ambiguous_negative","full_factorial_only","ambiguous_negative_Development_Non_calcifier","Development","Development","Non-calcifier","TpH","T + pH",0.371664852650349,0.101946529506888,0.171853326467998,0.5714763788327,3.64568420767316,0.000266681303614049,86,17,22,22,27,30,29,"fitted",NA
"ambiguous_negative","full_factorial_only","ambiguous_negative_Physiology_Calcifier","Physiology","Physiology","Calcifier","pH","pH",0.0458312823600236,0.303383319439705,-0.548789097252009,0.640451661972056,0.151067245373496,0.879922670331585,60,7,9,9,13,21,26,"fitted",NA
"ambiguous_negative","full_factorial_only","ambiguous_negative_Physiology_Calcifier","Physiology","Physiology","Calcifier","T","T",0.0416994234122512,0.294501861993589,-0.535513619475169,0.618912466299671,0.141593072213441,0.887401439370771,60,7,9,9,13,21,26,"fitted",NA
"ambiguous_negative","full_factorial_only","ambiguous_negative_Physiology_Calcifier","Physiology","Physiology","Calcifier","TpH","T + pH",0.00994826446442965,0.293094321118551,-0.564506049001147,0.584402577930006,0.0339421945347272,0.972923246184997,60,7,9,9,13,21,26,"fitted",NA
"ambiguous_negative","full_factorial_only","ambiguous_negative_Physiology_Non_calcifier","Physiology","Physiology","Non-calcifier","pH","pH",0.00449707115765299,0.0409884091774247,-0.0758387346136905,0.0848328769289965,0.109715679332338,0.912634865179681,130,24,31,31,40,45,45,"fitted",NA
"ambiguous_negative","full_factorial_only","ambiguous_negative_Physiology_Non_calcifier","Physiology","Physiology","Non-calcifier","T","T",-0.180531940804936,0.04004937133387,-0.259027266222792,-0.10203661538708,-4.50773469825378,6.55234339255334e-06,130,24,31,31,40,45,45,"fitted",NA
"ambiguous_negative","full_factorial_only","ambiguous_negative_Physiology_Non_calcifier","Physiology","Physiology","Non-calcifier","TpH","T + pH",-0.0937310601666063,0.0403032058673646,-0.172723892128144,-0.0147382282050683,-2.32564775306137,0.020037349852821,130,24,31,31,40,45,45,"fitted",NA
"ambiguous_negative","full_factorial_only","ambiguous_negative_Reproduction_Calcifier","Reproduction","Reproduction","Calcifier","pH","pH",-0.217744077975145,0.0600727955113761,-0.335484593628082,-0.100003562322208,-3.62467030411312,0.000289330312702302,191,12,25,25,56,45,90,"fitted",NA
"ambiguous_negative","full_factorial_only","ambiguous_negative_Reproduction_Calcifier","Reproduction","Reproduction","Calcifier","T","T",-0.0971626874415566,0.061450392372178,-0.21760324332688,0.0232778684437671,-1.58115650186715,0.113842258333202,191,12,25,25,56,45,90,"fitted",NA
"ambiguous_negative","full_factorial_only","ambiguous_negative_Reproduction_Calcifier","Reproduction","Reproduction","Calcifier","TpH","T + pH",-0.177265633213242,0.0577261907650793,-0.290406888077486,-0.0641243783489982,-3.07080080746427,0.00213485521872389,191,12,25,25,56,45,90,"fitted",NA
"ambiguous_negative","full_factorial_only","ambiguous_negative_Reproduction_Non_calcifier","Reproduction","Reproduction","Non-calcifier","pH","pH",-0.0533724769911271,0.0991080186604112,-0.247620624144657,0.140875670162402,-0.538528342232381,0.590212343623474,62,12,16,16,18,22,22,"fitted",NA
"ambiguous_negative","full_factorial_only","ambiguous_negative_Reproduction_Non_calcifier","Reproduction","Reproduction","Non-calcifier","T","T",-0.234186445335817,0.0954318068336598,-0.421229349709373,-0.0471435409622604,-2.45396637772991,0.0141290191345735,62,12,16,16,18,22,22,"fitted",NA
"ambiguous_negative","full_factorial_only","ambiguous_negative_Reproduction_Non_calcifier","Reproduction","Reproduction","Non-calcifier","TpH","T + pH",-0.278057264768946,0.096253486058336,-0.466710630829713,-0.0894038987081797,-2.8888020180425,0.00386712467814363,62,12,16,16,18,22,22,"fitted",NA
"ambiguous_negative","full_factorial_only","ambiguous_negative_Survival_Calcifier","Survival","Survival","Calcifier","pH","pH",0.186580449567246,0.147913464691765,-0.103324614057151,0.476485513191642,1.26141626089321,0.207158912744981,37,7,7,7,11,10,16,"fitted",NA
"ambiguous_negative","full_factorial_only","ambiguous_negative_Survival_Calcifier","Survival","Survival","Calcifier","T","T",0.0528040572951973,0.153642401928179,-0.248329516982261,0.353937631572656,0.343681539942865,0.731085795443703,37,7,7,7,11,10,16,"fitted",NA
"ambiguous_negative","full_factorial_only","ambiguous_negative_Survival_Calcifier","Survival","Survival","Calcifier","TpH","T + pH",0.148880631309764,0.144223407125886,-0.13379205238463,0.431553315004158,1.03229173597191,0.301935471277799,37,7,7,7,11,10,16,"fitted",NA
"ambiguous_negative","full_factorial_only","ambiguous_negative_Survival_Non_calcifier","Survival","Survival","Non-calcifier","pH","pH",0.087645889964531,0.163945823840732,-0.233682020179052,0.408973800108114,0.534602760297671,0.592924574501815,55,13,14,14,17,18,20,"fitted",NA
"ambiguous_negative","full_factorial_only","ambiguous_negative_Survival_Non_calcifier","Survival","Survival","Non-calcifier","T","T",0.0438155499881176,0.162531693971025,-0.274740716541378,0.362371816517613,0.269581574630783,0.787482177010965,55,13,14,14,17,18,20,"fitted",NA
"ambiguous_negative","full_factorial_only","ambiguous_negative_Survival_Non_calcifier","Survival","Survival","Non-calcifier","TpH","T + pH",0.156446837220398,0.161861099088937,-0.160795087491988,0.473688761932784,0.966549949932293,0.333769065200891,55,13,14,14,17,18,20,"fitted",NA
"ambiguous_negative","full_factorial_only","ambiguous_negative_Overall_Calcifier","Overall",NA,"Calcifier","pH","pH",-0.0908096668810639,0.0552000323120246,-0.198999742158079,0.0173804083959516,-1.64510169790756,0.099948840524972,633,34,61,61,183,164,286,"fitted",NA
"ambiguous_negative","full_factorial_only","ambiguous_negative_Overall_Calcifier","Overall",NA,"Calcifier","T","T",-0.116816736026153,0.0561522412410446,-0.226873106509805,-0.00676036554250103,-2.08035749676837,0.0374927546857812,633,34,61,61,183,164,286,"fitted",NA
"ambiguous_negative","full_factorial_only","ambiguous_negative_Overall_Calcifier","Overall",NA,"Calcifier","TpH","T + pH",-0.109860615080148,0.0519323206677634,-0.211646093222549,-0.0080751369377467,-2.11545745823647,0.0343909770863584,633,34,61,61,183,164,286,"fitted",NA
"ambiguous_negative","full_factorial_only","ambiguous_negative_Overall_Non_calcifier","Overall",NA,"Non-calcifier","pH","pH",-0.0348572836252992,0.0408086222457708,-0.11484071348571,0.0451261462351117,-0.854164676655105,0.393013752047826,432,42,75,75,132,149,151,"fitted",NA
"ambiguous_negative","full_factorial_only","ambiguous_negative_Overall_Non_calcifier","Overall",NA,"Non-calcifier","T","T",-0.0560321237753353,0.039650867218993,-0.133746395480341,0.0216821479296707,-1.41313740922407,0.157615325684658,432,42,75,75,132,149,151,"fitted",NA
"ambiguous_negative","full_factorial_only","ambiguous_negative_Overall_Non_calcifier","Overall",NA,"Non-calcifier","TpH","T + pH",-0.0175040198951993,0.0396311288951766,-0.0951796051964102,0.0601715654060116,-0.441673512291234,0.658725479676214,432,42,75,75,132,149,151,"fitted",NA
